url,entityID
0000.htm,Avatar
0001.htm,Toy Story 3
0002.htm,Alice in Wonderland (2010)
0003.htm,Up
0004.htm,The Polar Express
0005.htm,A Christmas Carol (2009)
0006.htm,Megamind
0007.htm,The Last Airbender
0008.htm,Jackass 3-D
0009.htm,Spy Kids 3D:
0010.htm,Tangled
0011.htm,Beowulf
0012.htm,Coraline
0013.htm,Resident Evil:
0014.htm,Legend of the Guardians:
0015.htm,My Bloody Valentine 3-D
0016.htm,Cats &amp; Dogs:
0017.htm,The Adventures of Sharkboy and Lavagirl in 3D
0018.htm,Piranha 3D
0019.htm,Ghosts of the Abyss (IMAX &amp; 35mm)
0020.htm,My Soul to Take
0021.htm,Aliens of the Deep (IMAX)
0022.htm,Journey 2:
0023.htm,The Green Hornet (in 3-D)
0024.htm,Gnomeo and Juliet (in 3-D)
0025.htm,Pirates of the Caribbean:
0026.htm,Green Lantern (in 3D)
0027.htm,Cars 2
0028.htm,Harry Potter and the Deathly Hallows (Part Two in 3D)
0029.htm,The Darkest Hour
0030.htm,Spy Kids 4:
0031.htm,Fright Night (in 3-D)
0032.htm,Final Destination 5
0033.htm,Untitled 3D Shark Thriller
0034.htm,Dolphin Tale 3D
0035.htm,The Three Musketeers (2011)
0036.htm,Happy Feet 2 in 3D
0037.htm,Hugo Cabret (in 3D)
0038.htm,The Adventures of Tintin:
0039.htm,Frankenweenie
0040.htm,John Carter of Mars
0041.htm,Brave
0042.htm,Spider-Man (in 3D)
0043.htm,Life of Pi
0044.htm,Men in Black
0045.htm,Rush Hour 2
0046.htm,Men in Black II
0047.htm,Lethal Weapon 2
0048.htm,Lethal Weapon 3
0049.htm,Rush Hour
0050.htm,Bad Boys II
0051.htm,Lethal Weapon 4
0052.htm,The Other Guys
0053.htm,Starsky and Hutch
0054.htm,Pineapple Express
0055.htm,Another 48 HRS.
0056.htm,48 HRS.
0057.htm,Bad Boys
0058.htm,Lethal Weapon
0059.htm,Shanghai Knights
0060.htm,The Last Boy Scout
0061.htm,Shanghai Noon
0062.htm,The Rundown
0063.htm,Nothing to Lose
0064.htm,Money Talks
0065.htm,Running Scared
0066.htm,Midnight Run
0067.htm,Showtime
0068.htm,Taxi
0069.htm,National Security
0070.htm,Money Train
0071.htm,Red Heat
0072.htm,I Spy
0073.htm,Bad Company
0074.htm,The Hard Way
0075.htm,Hot Fuzz
0076.htm,The Rookie (1990)
0077.htm,Bulletproof
0078.htm,The Glimmer Man
0079.htm,The Cowboy Way
0080.htm,Another Stakeout
0081.htm,Fled
0082.htm,Bon Cop Bad Cop
0083.htm,Double Team
0084.htm,The Man
0085.htm,MIB 3 (in 3-D)
0086.htm,Ponyo
0087.htm,Spirited Away
0088.htm,Howl's Moving Castle
0089.htm,Princess Mononoke
0090.htm,Tales from Earthsea
0091.htm,Chicago
0092.htm,Hairspray (2007)
0093.htm,Dreamgirls
0094.htm,Moulin Rouge!
0095.htm,Sweeney Todd:
0096.htm,The Phantom of the Opera
0097.htm,Evita
0098.htm,Popeye
0099.htm,Rent
0100.htm,Across the Universe
0101.htm,Xanadu
0102.htm,Nine
0103.htm,New York New York
0104.htm,School Daze
0105.htm,Everyone Says I Love You
0106.htm,Dancer in the Dark
0107.htm,Hedwig and the Angry Inch
0108.htm,Love's Labour's Lost
0109.htm,Sin City
0110.htm,L.A. Confidential
0111.htm,Blade Runner
0112.htm,Memento
0113.htm,Fargo
0114.htm,Body Heat
0115.htm,The Black Dahlia
0116.htm,Against All Odds
0117.htm,Twilight (1998)
0118.htm,Kiss of Death
0119.htm,Hollywoodland
0120.htm,The Grifters
0121.htm,Mulholland Falls
0122.htm,Thief
0123.htm,Someone to Watch Over Me
0124.htm,The Man Who Wasn't There
0125.htm,Mulholland Drive
0126.htm,U-Turn
0127.htm,Night and the City
0128.htm,The Last Seduction
0129.htm,Blood Simple
0130.htm,Bound
0131.htm,Lost Highway
0132.htm,Romeo Is Bleeding
0133.htm,After Dark My Sweet
0134.htm,Red Rock West
0135.htm,The Gingerbread Man
0136.htm,The Salton Sea
0137.htm,The Underneath
0138.htm,Kill Me Again
0139.htm,Following
0140.htm,Sleepless in Seattle
0141.htm,When Harry Met Sally...
0142.htm,While You Were Sleeping
0143.htm,End of Days
0144.htm,Strange Days
0145.htm,Four Rooms
0146.htm,Better Luck Tomorrow
0147.htm,New Year's Eve
0148.htm,Bruce Almighty
0149.htm,Anchorman:
0150.htm,All the President's Men
0151.htm,Broadcast News
0152.htm,Private Parts
0153.htm,Absence of Malice
0154.htm,The Paper
0155.htm,State of Play
0156.htm,Good Night and Good Luck.
0157.htm,I Love Trouble
0158.htm,Morning Glory
0159.htm,The Insider
0160.htm,Little Black Book
0161.htm,Hero
0162.htm,Frost/Nixon
0163.htm,Lucky Numbers
0164.htm,Resurrecting the Champ
0165.htm,Shattered Glass
0166.htm,Veronica Guerin
0167.htm,Welcome to Sarajevo
0168.htm,Mr. &amp; Mrs. Smith
0169.htm,There's Something About Mary
0170.htm,Scooby-Doo
0171.htm,Traffic
0172.htm,Vanilla Sky
0173.htm,Me Myself and Irene
0174.htm,Far and Away
0175.htm,Edward Scissorhands
0176.htm,Just Married
0177.htm,Bugsy
0178.htm,Cruel Intentions
0179.htm,Proof of Life
0180.htm,Overboard
0181.htm,Innerspace
0182.htm,Volunteers
0183.htm,Mortal Thoughts
0184.htm,Love Affair
0185.htm,Going the Distance
0186.htm,Bringing Out the Dead
0187.htm,Gattaca
0188.htm,She's So Lovely
0189.htm,Swing Shift
0190.htm,Gigli
0191.htm,Pearl Harbor
0192.htm,Top Gun
0193.htm,Air Force One
0194.htm,Black Hawk Down
0195.htm,The Aviator
0196.htm,Flightplan
0197.htm,Airplane!
0198.htm,Six Days Seven Nights
0199.htm,Hot Shots!
0200.htm,Behind Enemy Lines
0201.htm,Red Eye
0202.htm,Firefox
0203.htm,Always
0204.htm,Snakes on a Plane
0205.htm,Stealth
0206.htm,United 93
0207.htm,Air America
0208.htm,Memphis Belle
0209.htm,Iron Eagle
0210.htm,The Right Stuff
0211.htm,Flight of the Phoenix
0212.htm,Flyboys
0213.htm,Turbulence
0214.htm,Pushing Tin
0215.htm,Pirates of the Caribbean:
0216.htm,Pirates of the Caribbean:
0217.htm,Pirates of the Caribbean:
0218.htm,Hook
0219.htm,The Goonies
0220.htm,Muppet Treasure Island
0221.htm,The Princess Bride
0222.htm,Cutthroat Island
0223.htm,Pirates (1986)
0224.htm,The Manchurian Candidate
0225.htm,Dave
0226.htm,The American President
0227.htm,Wag the Dog
0228.htm,Primary Colors
0229.htm,Head of State
0230.htm,Man of the Year
0231.htm,Black Sheep
0232.htm,Speechless
0233.htm,The Contender
0234.htm,Election
0235.htm,Nixon
0236.htm,All the King's Men
0237.htm,Bob Roberts
0238.htm,Fahrenheit 9/11
0239.htm,Three Kings
0240.htm,South Park - Bigger Longer and Uncut
0241.htm,Team America:
0242.htm,Thank You for Smoking
0243.htm,Bowling for Columbine
0244.htm,They Live
0245.htm,Brazil
0246.htm,1984
0247.htm,American Dreamz
0248.htm,Dick
0249.htm,Citizen Ruth
0250.htm,Casino Jack
0251.htm,Austin Powers in Goldmember
0252.htm,8 Mile
0253.htm,The Dukes of Hazzard
0254.htm,Boyz N the Hood
0255.htm,Romeo Must Die
0256.htm,Crash
0257.htm,A Walk to Remember
0258.htm,Set It Off
0259.htm,Mad Max Beyond Thunderdome
0260.htm,Get Rich or Die Tryin'
0261.htm,Burlesque
0262.htm,Poetic Justice
0263.htm,Fear
0264.htm,Light of Day
0265.htm,Vibes
0266.htm,My Blueberry Nights
0267.htm,Ride with the Devil
0268.htm,Shrek 2
0269.htm,Finding Nemo
0270.htm,Shrek
0271.htm,The Incredibles
0272.htm,Monsters Inc.
0273.htm,Toy Story 2
0274.htm,Cars
0275.htm,WALL-E
0276.htm,Ratatouille
0277.htm,Happy Feet
0278.htm,Toy Story
0279.htm,Madagascar:
0280.htm,A Bug's Life
0281.htm,Dr. Seuss' Horton Hears a Who!
0282.htm,Barnyard:
0283.htm,Arthur and the Invisibles
0284.htm,Foodfight!
0285.htm,I Am Legend
0286.htm,Terminator Salvation
0287.htm,The Book of Eli
0288.htm,Zombieland
0289.htm,Dawn of the Dead
0290.htm,28 Days Later
0291.htm,Reign of Fire
0292.htm,Escape From L.A.
0293.htm,Escape from New York
0294.htm,The Road Warrior
0295.htm,The Postman
0296.htm,Doomsday
0297.htm,Mad Max
0298.htm,Screamers
0299.htm,Star Wars:
0300.htm,Star Wars:
0301.htm,Star Trek
0302.htm,Batman Begins
0303.htm,X-Men Origins:
0304.htm,Indiana Jones and the Temple of Doom
0305.htm,Casino Royale
0306.htm,Red Dragon
0307.htm,Alien Vs. Predator
0308.htm,Exorcist:
0309.htm,Dominion:
0310.htm,X-Men:
0311.htm,Rise of the Apes (tentative title)
0312.htm,Independence Day
0313.htm,JFK
0314.htm,Absolute Power
0315.htm,W.
0316.htm,My Fellow Americans
0317.htm,First Daughter
0318.htm,Deterrence
0319.htm,The Dark Crystal
0320.htm,The Muppets Take Manhattan
0321.htm,Being John Malkovich
0322.htm,Muppets from Space
0323.htm,Notorious (2009)
0324.htm,Malibu's Most Wanted
0325.htm,Brown Sugar
0326.htm,Hustle and Flow
0327.htm,House Party 3
0328.htm,CB4
0329.htm,The Show
0330.htm,The Truman Show
0331.htm,Jackass:
0332.htm,Jackass:
0333.htm,EDtv
0334.htm,Reality Bites
0335.htm,Real Life
0336.htm,Godzilla
0337.htm,The Departed
0338.htm,The Ring
0339.htm,Eight Below
0340.htm,Shall We Dance
0341.htm,The Eye
0342.htm,Mirrors
0343.htm,One Missed Call
0344.htm,Last Man Standing
0345.htm,The Italian Job
0346.htm,The Ladykillers
0347.htm,Quest for Camelot
0348.htm,The Black Cauldron
0349.htm,The Pagemaster
0350.htm,A Troll in Central Park
0351.htm,True Lies
0352.htm,Insomnia
0353.htm,12 Monkeys
0354.htm,Quarantine
0355.htm,Point of No Return
0356.htm,The Invisible
0357.htm,Eye of the Beholder
0358.htm,The Tourist
0359.htm,The Girl with the Dragon Tattoo (2011)
0360.htm,The Birdcage
0361.htm,Dinner for Schmucks
0362.htm,Nine Months
0363.htm,The Toy
0364.htm,Father's Day
0365.htm,My Father the Hero
0366.htm,The Woman in Red
0367.htm,Cousins
0368.htm,Intersection
0369.htm,Breathless
0370.htm,The Associate
0371.htm,The Mummy Returns
0372.htm,Ocean's Twelve
0373.htm,The Nutty Professor II:
0374.htm,Ocean's Thirteen
0375.htm,Dr. Dolittle 2
0376.htm,The Mummy:
0377.htm,Cheaper by the Dozen 2
0378.htm,Father of the Bride Part II
0379.htm,The Pink Panther 2
0380.htm,Halloween II (2009)
0381.htm,Homeward Bound II:
0382.htm,The Brazilian Job (a.k.a. The Italian Job II)
0383.htm,Gladiator
0384.htm,Mystic River
0385.htm,Braveheart
0386.htm,Four Brothers
0387.htm,V for Vendetta
0388.htm,Kill Bill Vol. 1
0389.htm,Kill Bill Vol. 2
0390.htm,Once Upon a Time in Mexico
0391.htm,The Count of Monte Cristo
0392.htm,The Crow
0393.htm,Edge of Darkness
0394.htm,The Brave One
0395.htm,We Own the Night
0396.htm,Eye for an Eye
0397.htm,A Man Apart
0398.htm,Desperado
0399.htm,Ricochet
0400.htm,Faster
0401.htm,The Quick and the Dead
0402.htm,The Crow:
0403.htm,The Devil's Rejects
0404.htm,Revenge
0405.htm,Death Sentence
0406.htm,The Limey
0407.htm,Haywire
0408.htm,What Women Want
0409.htm,Hitch
0410.htm,The Proposal
0411.htm,Knocked Up
0412.htm,Bringing Down the House
0413.htm,Sweet Home Alabama
0414.htm,My Best Friend's Wedding
0415.htm,Mr. Deeds
0416.htm,Something's Gotta Give
0417.htm,50 First Dates
0418.htm,The Break-Up
0419.htm,You've Got Mail
0420.htm,It's Complicated
0421.htm,Valentine's Day
0422.htm,Shakespeare in Love
0423.htm,Norbit
0424.htm,Sex and the City 2
0425.htm,Maid in Manhattan
0426.htm,He's Just Not That Into You
0427.htm,America's Sweethearts
0428.htm,The Ugly Truth
0429.htm,Failure to Launch
0430.htm,The Wedding Singer
0431.htm,Shallow Hal
0432.htm,Fool's Gold
0433.htm,Splash
0434.htm,Down to Earth
0435.htm,Working Girl
0436.htm,Bewitched
0437.htm,The Holiday
0438.htm,Forgetting Sarah Marshall
0439.htm,The Wedding Planner
0440.htm,Housesitter
0441.htm,Easy A
0442.htm,Clueless
0443.htm,Never Been Kissed
0444.htm,Doc Hollywood
0445.htm,Sabrina
0446.htm,Four Weddings and a Funeral
0447.htm,Life as We Know It
0448.htm,Music and Lyrics
0449.htm,Serendipity
0450.htm,Legal Eagles
0451.htm,Just Like Heaven
0452.htm,Kate and Leopold
0453.htm,One Fine Day
0454.htm,License to Wed
0455.htm,Sense and Sensibility
0456.htm,No Reservations
0457.htm,Rumor Has It
0458.htm,Because I Said So
0459.htm,Fever Pitch
0460.htm,About a Boy
0461.htm,Bridget Jones:
0462.htm,Hannah and Her Sisters
0463.htm,Manhattan
0464.htm,French Kiss
0465.htm,About Last Night...
0466.htm,How Do You Know
0467.htm,Just Go With It
0468.htm,Crazy Stupid Love.
0469.htm,Monte Carlo
0470.htm,Friends with Benefits
0471.htm,Ghosts of Girlfriends Past
0472.htm,The Preacher's Wife
0473.htm,Two of a Kind
0474.htm,Hello Again
0475.htm,Ghost Town
0476.htm,High Spirits
0477.htm,A Life Less Ordinary
0478.htm,Titanic
0479.htm,Ghost
0480.htm,Jerry Maguire
0481.htm,An Officer and a Gentleman
0482.htm,Cold Mountain
0483.htm,Out of Africa
0484.htm,Brokeback Mountain
0485.htm,The Notebook
0486.htm,Dear John
0487.htm,City of Angels
0488.htm,The English Patient
0489.htm,The Horse Whisperer
0490.htm,The Bridges of Madison County
0491.htm,Legends of the Fall
0492.htm,The Time Traveler's Wife
0493.htm,Hope Floats
0494.htm,P.S. I Love You
0495.htm,Meet Joe Black
0496.htm,The Piano
0497.htm,For Love of the Game
0498.htm,Dying Young
0499.htm,The Accidental Tourist
0500.htm,Children of a Lesser God
0501.htm,Random Hearts
0502.htm,Charlie St. Cloud
0503.htm,Captain Corelli's Mandolin
0504.htm,Shining Through
0505.htm,A Room with a View
0506.htm,Say Anything
0507.htm,Remember Me
0508.htm,Bed of Roses
0509.htm,Untamed Heart
0510.htm,Some Kind of Wonderful
0511.htm,crazy/beautiful
0512.htm,In Love and War
0513.htm,Snow Falling on Cedars
0514.htm,The Wings of the Dove
0515.htm,Love Jones
0516.htm,The End of the Affair
0517.htm,Possession (2002)
0518.htm,Mississippi Masala
0519.htm,Before Sunset
0520.htm,Before Sunrise
0521.htm,Beyond Borders
0522.htm,Mrs. Soffel
0523.htm,Breaking the Waves
0524.htm,The Twilight Saga:
0525.htm,The Twilight Saga:
0526.htm,Twilight
0527.htm,Starman
0528.htm,Ladyhawke
0529.htm,A Midsummer Night's Dream
0530.htm,The Purple Rose of Cairo
0531.htm,Truly Madly Deeply
0532.htm,The Twilight Saga:
0533.htm,The Twilight Saga:
0534.htm,Harry Potter and the Sorcerer's Stone
0535.htm,Harry Potter and the Half-Blood Prince
0536.htm,Harry Potter and the Order of the Phoenix
0537.htm,Harry Potter and the Goblet of Fire
0538.htm,Harry Potter and the Chamber of Secrets
0539.htm,Dead Poets Society
0540.htm,Mona Lisa Smile
0541.htm,Young Sherlock Holmes
0542.htm,The Emperor's Club
0543.htm,A Little Princess
0544.htm,The Chocolate War
0545.htm,Wide Awake
0546.htm,Star Wars
0547.htm,Jurassic Park
0548.htm,The Empire Strikes Back
0549.htm,The Lost World:
0550.htm,Planet of the Apes (2001)
0551.htm,Congo
0552.htm,Stargate
0553.htm,The Fifth Element
0554.htm,Mission to Mars
0555.htm,The Abyss
0556.htm,Zathura
0557.htm,Serenity
0558.htm,Titan A.E.
0559.htm,Babylon A.D.
0560.htm,The Adventures of Pluto Nash
0561.htm,The Iron Giant
0562.htm,War of the Worlds
0563.htm,Signs
0564.htm,The Faculty
0565.htm,Evolution
0566.htm,Skyline
0567.htm,The Arrival
0568.htm,Cowboys &amp; Aliens
0569.htm,I Robot
0570.htm,Contact
0571.htm,Jumper
0572.htm,Cocoon
0573.htm,The Stepford Wives
0574.htm,Starship Troopers
0575.htm,K-PAX
0576.htm,2010
0577.htm,Sphere
0578.htm,The Mothman Prophecies
0579.htm,Children of Men
0580.htm,Dreamcatcher
0581.htm,Dune
0582.htm,The Incredible Shrinking Woman
0583.htm,Altered States
0584.htm,The Thing (1982)
0585.htm,Timeline
0586.htm,Freejack
0587.htm,Solaris
0588.htm,Memoirs of an Invisible Man
0589.htm,Deadly Friend
0590.htm,A Scanner Darkly
0591.htm,Solo
0592.htm,Robocop
0593.htm,Robocop 2
0594.htm,Simone
0595.htm,Minority Report
0596.htm,Total Recall
0597.htm,Paycheck
0598.htm,Predators
0599.htm,The Island
0600.htm,Aeon Flux
0601.htm,Johnny Mnemonic
0602.htm,Now
0603.htm,Honey I Shrunk the Kids
0604.htm,The Nutty Professor (1996)
0605.htm,Twins
0606.htm,Bicentennial Man
0607.htm,Spaceballs
0608.htm,Eternal Sunshine of the Spotless Mind
0609.htm,Weird Science
0610.htm,Short Circuit 2
0611.htm,Coneheads
0612.htm,Multiplicity
0613.htm,Zapped!
0614.htm,Meet Dave
0615.htm,What Planet Are You From?
0616.htm,Idiocracy
0617.htm,Used Guys
0618.htm,Aliens
0619.htm,Alien 3
0620.htm,Alien Resurrection
0621.htm,Aliens Vs. Predator - Requiem
0622.htm,Resident Evil
0623.htm,Pitch Black
0624.htm,Doom
0625.htm,Event Horizon
0626.htm,Mimic
0627.htm,Mary Shelley's Frankenstein
0628.htm,Species II
0629.htm,Pandorum
0630.htm,John Carpenter's Ghosts of Mars
0631.htm,Cube
0632.htm,Rollerball
0633.htm,Village of the Damned
0634.htm,Jaws
0635.htm,Deep Blue Sea
0636.htm,Dumb and Dumber
0637.htm,Wayne's World
0638.htm,Superbad
0639.htm,Road Trip
0640.htm,Beavis and Butt-Head Do America
0641.htm,Bill and Ted's Bogus Journey
0642.htm,Jay and Silent Bob Strike Back
0643.htm,Friday
0644.htm,Fast Times at Ridgemont High
0645.htm,National Lampoon's Van Wilder
0646.htm,Singles
0647.htm,The Big Lebowski
0648.htm,Go
0649.htm,Loser
0650.htm,Dazed and Confused
0651.htm,Detroit Rock City
0652.htm,Clerks
0653.htm,Mallrats
0654.htm,Slacker
0655.htm,Kicking and Screaming
0656.htm,SubUrbia
0657.htm,Bottle Rocket
0658.htm,Smiley Face
0659.htm,A League of Their Own
0660.htm,The Benchwarmers
0661.htm,The Natural
0662.htm,Hardball
0663.htm,Bad News Bears
0664.htm,Major League II
0665.htm,Mr. 3000
0666.htm,Mr. Baseball
0667.htm,The Fan
0668.htm,The Babe
0669.htm,BASEketball
0670.htm,Ed
0671.htm,The Final Season
0672.htm,Sugar
0673.htm,Moneyball
0674.htm,Tim Burton's The Nightmare Before Christmas
0675.htm,Tim Burton's Corpse Bride
0676.htm,James and the Giant Peach
0677.htm,Fantastic Mr. Fox
0678.htm,Monkeybone
0679.htm,Coach Carter
0680.htm,Eddie
0681.htm,Blue Chips
0682.htm,He Got Game
0683.htm,The Air Up There
0684.htm,Rebound
0685.htm,The 6th Man
0686.htm,Sunset Park
0687.htm,Celtic Pride
0688.htm,Hurricane Season (formerly The Patriots)
0689.htm,Rocky IV
0690.htm,Rocky III
0691.htm,Million Dollar Baby
0692.htm,Rocky II
0693.htm,Rocky Balboa
0694.htm,Cinderella Man
0695.htm,Ali
0696.htm,Raging Bull
0697.htm,Annapolis
0698.htm,Undisputed
0699.htm,The Boxer
0700.htm,Streets of Gold
0701.htm,Girlfight
0702.htm,Tyson
0703.htm,On the Ropes
0704.htm,The Fighter
0705.htm,Remember the Titans
0706.htm,Any Given Sunday
0707.htm,Cool Runnings
0708.htm,Miracle
0709.htm,Stick It
0710.htm,The Program
0711.htm,Little Giants
0712.htm,XXX
0713.htm,Point Break
0714.htm,Blue Crush
0715.htm,XXX:
0716.htm,Lords of Dogtown
0717.htm,Airborne
0718.htm,The Waterboy
0719.htm,The Longest Yard
0720.htm,Varsity Blues
0721.htm,We Are Marshall
0722.htm,Necessary Roughness
0723.htm,Rudy
0724.htm,Everybody's All-American
0725.htm,The Express
0726.htm,Forrest Gump
0727.htm,The Game Plan
0728.htm,Ace Ventura:
0729.htm,Lucas
0730.htm,Happy Gilmore
0731.htm,The Legend of Bagger Vance
0732.htm,Tooth Fairy
0733.htm,The Cutting Edge
0734.htm,Sudden Death
0735.htm,Mystery Alaska
0736.htm,Blades of Glory
0737.htm,The Simpsons Movie
0738.htm,She's the Man
0739.htm,The Big Green
0740.htm,Gracie
0741.htm,The Damned United
0742.htm,Goal 2:
0743.htm,Bring It On
0744.htm,Kingpin
0745.htm,Beerfest
0746.htm,Wimbledon
0747.htm,Ready to Rumble
0748.htm,The Wrestler
0749.htm,Champions
0750.htm,The Bourne Ultimatum
0751.htm,Mission:
0752.htm,Austin Powers:
0753.htm,Mission:
0754.htm,The Bourne Supremacy
0755.htm,Die Another Day
0756.htm,Mission:
0757.htm,Get Smart
0758.htm,The World Is Not Enough
0759.htm,Charlie's Angels
0760.htm,Clear and Present Danger
0761.htm,The Hunt for Red October
0762.htm,Salt
0763.htm,Spy Kids
0764.htm,GoldenEye
0765.htm,Spy Kids 2:
0766.htm,Patriot Games
0767.htm,Spy Game
0768.htm,The Saint
0769.htm,Never Say Never Again
0770.htm,Austin Powers:
0771.htm,Agent Cody Banks
0772.htm,Duplicity
0773.htm,Undercover Brother
0774.htm,No Way Out
0775.htm,The Long Kiss Goodnight
0776.htm,Breach
0777.htm,Jumpin' Jack Flash
0778.htm,The Avengers (1998)
0779.htm,The Russia House
0780.htm,Top Secret!
0781.htm,Best Defense
0782.htm,Eye of the Needle
0783.htm,The Falcon and the Snowman
0784.htm,Gorky Park
0785.htm,The Package
0786.htm,Fair Game (2010)
0787.htm,La Femme Nikita
0788.htm,Enigma
0789.htm,Charlotte Gray
0790.htm,Mother Night
0791.htm,The Secret Agent
0792.htm,Abduction
0793.htm,The Bourne Legacy
0794.htm,DysFunKtional Family
0795.htm,Crimson Tide
0796.htm,Das Boot
0797.htm,Freaky Friday
0798.htm,The Princess Diaries
0799.htm,Legally Blonde
0800.htm,The Princess Diaries 2:
0801.htm,The Parent Trap
0802.htm,Ever After:
0803.htm,Step Up
0804.htm,John Tucker Must Die
0805.htm,Uptown Girls
0806.htm,Adventures in Babysitting
0807.htm,Material Girls
0808.htm,BRATZ
0809.htm,Sleepover
0810.htm,The Dark Knight
0811.htm,Spider-Man
0812.htm,Spider-Man 3
0813.htm,Iron Man
0814.htm,Iron Man 2
0815.htm,Batman
0816.htm,Hancock
0817.htm,X2:
0818.htm,Superman Returns
0819.htm,Batman Forever
0820.htm,X-Men
0821.htm,Fantastic Four
0822.htm,The Incredible Hulk
0823.htm,Superman
0824.htm,Hulk
0825.htm,Fantastic Four:
0826.htm,Ghost Rider
0827.htm,Watchmen
0828.htm,Daredevil
0829.htm,Unbreakable
0830.htm,The Mask of Zorro
0831.htm,Blade II
0832.htm,Hellboy II:
0833.htm,Hellboy
0834.htm,Kick-Ass
0835.htm,The Rocketeer
0836.htm,The Legend of Zorro
0837.htm,Judge Dredd
0838.htm,Darkman
0839.htm,The Shadow
0840.htm,Superhero Movie
0841.htm,Elektra
0842.htm,My Super Ex-Girlfriend
0843.htm,The Phantom
0844.htm,Zoom
0845.htm,Blankman
0846.htm,Orgazmo
0847.htm,The Specials
0848.htm,Thor
0849.htm,Captain America:
0850.htm,The Avengers (2012)
0851.htm,Walk the Line
0852.htm,Ray
0853.htm,Coal Miner's Daughter
0854.htm,Shine
0855.htm,Selena
0856.htm,The Doors
0857.htm,The Soloist
0858.htm,Why Do Fools Fall in Love?
0859.htm,El Cantante
0860.htm,Topsy-Turvy
0861.htm,I'm Not There
0862.htm,Backbeat
0863.htm,Bird
0864.htm,24 Hour Party People
0865.htm,Control
0866.htm,Robin Hood:
0867.htm,First Knight
0868.htm,Rob Roy
0869.htm,The Musketeer
0870.htm,The Sorcerer's Apprentice
0871.htm,Willow
0872.htm,Dragonheart
0873.htm,Legend
0874.htm,In the Name of the King:
0875.htm,Conan the Barbarian (2011)
0876.htm,Collateral
0877.htm,Conspiracy Theory
0878.htm,Taxi Driver
0879.htm,D.C. Cab
0880.htm,School of Rock
0881.htm,Freedom Writers
0882.htm,The Great Debaters
0883.htm,The Man Without a Face
0884.htm,Renaissance Man
0885.htm,Music of the Heart
0886.htm,Half Nelson
0887.htm,In &amp; Out
0888.htm,Anna and the King
0889.htm,October Sky
0890.htm,Billy Elliot
0891.htm,High School High
0892.htm,The Principal
0893.htm,Wonder Boys
0894.htm,The Substitute
0895.htm,An Education
0896.htm,187
0897.htm,Hamlet 2
0898.htm,Save the Last Dance
0899.htm,The Sisterhood of the Traveling Pants
0900.htm,Sixteen Candles
0901.htm,Tuck Everlasting
0902.htm,The Sure Thing
0903.htm,For Keeps
0904.htm,Valley Girl
0905.htm,Reckless
0906.htm,Some Girls
0907.htm,World Trade Center
0908.htm,Swordfish
0909.htm,The Kingdom
0910.htm,Munich
0911.htm,The Devil's Own
0912.htm,The Siege
0913.htm,Collateral Damage
0914.htm,Fight Club
0915.htm,Blown Away
0916.htm,In the Name of the Father
0917.htm,Arlington Road
0918.htm,The Delta Force
0919.htm,Invasion U.S.A.
0920.htm,The Soldier
0921.htm,Scent of a Woman
0922.htm,Planes Trains and Automobiles
0923.htm,Home for the Holidays
0924.htm,The Ice Storm
0925.htm,Tadpole
0926.htm,The House of Yes
0927.htm,American Gangster
0928.htm,Donnie Brasco
0929.htm,Boogie Nights
0930.htm,Summer of Sam
0931.htm,Roll Bounce
0932.htm,My Girl 2
0933.htm,The War
0934.htm,54
0935.htm,Crooklyn
0936.htm,The Hoax
0937.htm,Moonlight Mile
0938.htm,Basic Instinct
0939.htm,Disclosure
0940.htm,Sliver
0941.htm,Dressed to Kill
0942.htm,Perfect Stranger
0943.htm,Consenting Adults
0944.htm,Color of Night
0945.htm,The Big Easy
0946.htm,Jade
0947.htm,Body Double
0948.htm,Blue Velvet
0949.htm,Femme Fatale
0950.htm,Basic Instinct 2
0951.htm,In the Cut
0952.htm,Deception (2008)
0953.htm,Chloe
0954.htm,Nathalie
0955.htm,Pulp Fiction
0956.htm,The Pianist
0957.htm,sex lies and videotape
0958.htm,Wild at Heart
0959.htm,Secrets &amp; Lies
0960.htm,Barton Fink
0961.htm,The Wind That Shakes the Barley
0962.htm,In the Line of Fire
0963.htm,The Pelican Brief
0964.htm,The Interpreter
0965.htm,The Jackal
0966.htm,Body of Lies
0967.htm,The Sentinel
0968.htm,The Constant Gardener
0969.htm,Murder at 1600
0970.htm,City Hall
0971.htm,The Ghost Writer
0972.htm,The Quiet American
0973.htm,Blow Out
0974.htm,Rendition
0975.htm,Return to Paradise
0976.htm,Death and the Maiden
0977.htm,Salvador
0978.htm,Sleeping with the Enemy
0979.htm,The Hand That Rocks the Cradle
0980.htm,Cape Fear
0981.htm,Single White Female
0982.htm,Enough
0983.htm,Lakeview Terrace
0984.htm,One Hour Photo
0985.htm,The Juror
0986.htm,Blue Steel
0987.htm,The Stepfather
0988.htm,Dream Lover
0989.htm,Hannibal
0990.htm,The Silence of the Lambs
0991.htm,Seven
0992.htm,The Bone Collector
0993.htm,The Cell
0994.htm,Identity
0995.htm,Natural Born Killers
0996.htm,Monster
0997.htm,Zodiac
0998.htm,Taking Lives
0999.htm,Copycat
1000.htm,Untraceable
1001.htm,Mr. Brooks
1002.htm,Manhunter
1003.htm,Kalifornia
1004.htm,Terminator 2:
1005.htm,Back to the Future Part II
1006.htm,Back to the Future Part III
1007.htm,Deja Vu
1008.htm,Frequency
1009.htm,Timecop
1010.htm,Time Bandits
1011.htm,The Terminator
1012.htm,A Sound of Thunder
1013.htm,Transformers:
1014.htm,Masters of the Universe
1015.htm,The Indian in the Cupboard
1016.htm,Bride of Chucky
1017.htm,Mr. Magorium's Wonder Emporium
1018.htm,The Adventures of Pinocchio
1019.htm,The Town
1020.htm,Gone Baby Gone
1021.htm,A Very Brady Sequel
1022.htm,The Talented Mr. Ripley
1023.htm,Letters to Juliet
1024.htm,The American
1025.htm,When in Rome
1026.htm,Only You
1027.htm,The Last Samurai
1028.htm,The Fast and the Furious:
1029.htm,Black Rain
1030.htm,Lost in Translation
1031.htm,Fast and Furious
1032.htm,2 Fast 2 Furious
1033.htm,Speed Racer
1034.htm,Death Race
1035.htm,Driven
1036.htm,Cannonball Run II
1037.htm,Fast Five
1038.htm,The Hangover
1039.htm,Ocean's Eleven
1040.htm,21
1041.htm,Casino
1042.htm,Vegas Vacation
1043.htm,Honeymoon in Vegas
1044.htm,Fools Rush In
1045.htm,Showgirls
1046.htm,The Cooler
1047.htm,Lucky You
1048.htm,Viva Las Vegas
1049.htm,Beverly Hills Chihuahua
1050.htm,The Mexican
1051.htm,From Dusk Till Dawn
1052.htm,The Border
1053.htm,The Way of the Gun
1054.htm,El Mariachi
1055.htm,Cop Land
1056.htm,Just Friends
1057.htm,Jersey Girl
1058.htm,Freedomland
1059.htm,Running Scared
1060.htm,Find Me Guilty
1061.htm,Catch Me If You Can
1062.htm,The Client
1063.htm,The Skeleton Key
1064.htm,Dead Man Walking
1065.htm,Candyman:
1066.htm,Cat People
1067.htm,The Da Vinci Code
1068.htm,The Pink Panther (2006)
1069.htm,Anastasia
1070.htm,Frantic
1071.htm,Ready to Wear
1072.htm,Le Divorce
1073.htm,The Truth About Charlie
1074.htm,Paris je t'aime
1075.htm,2 Days in Paris
1076.htm,Jefferson in Paris
1077.htm,A Soldier's Daughter Never Cries
1078.htm,Indiana Jones and the Kingdom of the Crystal Skull
1079.htm,Indiana Jones and the Last Crusade
1080.htm,National Treasure
1081.htm,Lara Croft:
1082.htm,Romancing the Stone
1083.htm,Sahara
1084.htm,Lara Croft Tomb Raider:
1085.htm,Without a Paddle
1086.htm,Trespass
1087.htm,Public Enemies
1088.htm,Changeling
1089.htm,Capote
1090.htm,Midnight in the Garden of Good &amp; Evil
1091.htm,Thunderheart
1092.htm,City by the Sea
1093.htm,Alpha Dog
1094.htm,Ghosts of Mississippi
1095.htm,The Newton Boys
1096.htm,Heavenly Creatures
1097.htm,Let Him Have It
1098.htm,The Fugitive
1099.htm,S.W.A.T.
1100.htm,The Addams Family
1101.htm,Maverick
1102.htm,Charlie's Angels:
1103.htm,The Naked Gun 2 1/2:
1104.htm,The X-Files
1105.htm,The Naked Gun:
1106.htm,The A-Team
1107.htm,The Untouchables
1108.htm,Miami Vice
1109.htm,The Naked Gun 33 1/3:
1110.htm,Land of the Lost
1111.htm,Addams Family Values
1112.htm,The Brady Bunch Movie
1113.htm,Demon Knight
1114.htm,The Nude Bomb
1115.htm,Bordello of Blood
1116.htm,McHale's Navy
1117.htm,Alvin and the Chipmunks:
1118.htm,Alvin and the Chipmunks
1119.htm,Casper
1120.htm,Scooby-Doo 2:
1121.htm,Garfield:
1122.htm,Underdog
1123.htm,Garfield:
1124.htm,Hannah Montana The Movie
1125.htm,King Kong
1126.htm,Stuart Little
1127.htm,Stuart Little 2
1128.htm,Hop
1129.htm,Elizabethtown
1130.htm,Chasing Amy
1131.htm,The One
1132.htm,Big Business
1133.htm,Stuck on You
1134.htm,Double Impact
1135.htm,Adaptation.
1136.htm,Raising Cain
1137.htm,It Takes Two
1138.htm,Maximum Risk
1139.htm,The Krays
1140.htm,The Life Aquatic with Steve Zissou
1141.htm,Into the Blue
1142.htm,Van Helsing
1143.htm,Interview with the Vampire
1144.htm,Underworld:
1145.htm,Underworld
1146.htm,30 Days of Night
1147.htm,Vampires Suck
1148.htm,The Lost Boys
1149.htm,John Carpenter's Vampires
1150.htm,Vampire in Brooklyn
1151.htm,Cirque du Freak:
1152.htm,Let Me In
1153.htm,Dracula:
1154.htm,The Hunger
1155.htm,Near Dark
1156.htm,BloodRayne
1157.htm,Cronos
1158.htm,Thirst
1159.htm,Prince of Persia:
1160.htm,Mortal Kombat
1161.htm,Super Mario Bros.
1162.htm,House of the Dead
1163.htm,Street Fighter:
1164.htm,Alone in the Dark
1165.htm,Double Dragon
1166.htm,Tekken
1167.htm,The Matrix Reloaded
1168.htm,The Matrix
1169.htm,The Matrix Revolutions
1170.htm,Virtuosity
1171.htm,Hackers
1172.htm,Open Your Eyes
1173.htm,Virtual Sexuality
1174.htm,Saving Private Ryan
1175.htm,Inglourious Basterds
1176.htm,Schindler's List
1177.htm,Valkyrie
1178.htm,Enemy at the Gates
1179.htm,Windtalkers
1180.htm,The Thin Red Line
1181.htm,Flags of Our Fathers
1182.htm,Defiance
1183.htm,Hart's War
1184.htm,Letters from Iwo Jima
1185.htm,The Great Raid
1186.htm,Miracle at St. Anna
1187.htm,A Midnight Clear
1188.htm,Wedding Crashers
1189.htm,Father of the Bride
1190.htm,Bride Wars
1191.htm,The Best Man
1192.htm,The Other Sister
1193.htm,You Again
1194.htm,The Wood
1195.htm,The In-Laws
1196.htm,Our Family Wedding
1197.htm,Muriel's Wedding
1198.htm,Monsoon Wedding
1199.htm,Rachel Getting Married
1200.htm,Very Bad Things
1201.htm,The Wedding Banquet
1202.htm,The Groomsmen
1203.htm,Ceremony
1204.htm,Wolf
1205.htm,The Wolfman
1206.htm,Cursed
1207.htm,The Howling
1208.htm,The Company of Wolves
1209.htm,Skinwalkers
1210.htm,Red Riding Hood
1211.htm,Dances with Wolves
1212.htm,Unforgiven
1213.htm,Open Range
1214.htm,3:10 to Yuma (2007)
1215.htm,Pale Rider
1216.htm,Silverado
1217.htm,The Missing
1218.htm,Wyatt Earp
1219.htm,The Alamo (2004)
1220.htm,Quigley Down Under
1221.htm,Appaloosa
1222.htm,Geronimo:
1223.htm,The Long Riders
1224.htm,Jonah Hex
1225.htm,Comes a Horseman
1226.htm,The Three Burials of Melquiades Estrada
1227.htm,The Warrior's Way
1228.htm,Wild Bill
1229.htm,The Claim
1230.htm,The Hi-Lo Country
1231.htm,True Grit (2010)
1232.htm,Meek's Cutoff
1233.htm,The Karate Kid
1234.htm,Crouching Tiger Hidden Dragon
1235.htm,Under Siege
1236.htm,Hero
1237.htm,Exit Wounds
1238.htm,Transporter 2
1239.htm,Ninja Assassin
1240.htm,Universal Soldier
1241.htm,Dragon:
1242.htm,Cradle 2 the Grave
1243.htm,Hard Target
1244.htm,Transporter 3
1245.htm,The Last Dragon
1246.htm,Jet Li's Fearless
1247.htm,Unleashed
1248.htm,Lionheart
1249.htm,Nowhere to Run
1250.htm,The Quest
1251.htm,Code of Silence
1252.htm,Above the Law
1253.htm,Supercop
1254.htm,Jackie Chan's First Strike
1255.htm,Brotherhood of the Wolf
1256.htm,Dragonball Evolution
1257.htm,Forced Vengeance
1258.htm,The Passion of the Christ
1259.htm,The Chronicles of Narnia:
1260.htm,The Chronicles of Narnia:
1261.htm,The Nativity Story
1262.htm,Fireproof
1263.htm,The Ultimate Gift
1264.htm,The Witches of Eastwick
1265.htm,The Craft
1266.htm,Down with Love
1267.htm,The Unbearable Lightness of Being
1268.htm,Swingers
1269.htm,Death Becomes Her
1270.htm,Creepshow
1271.htm,The Serpent and the Rainbow
1272.htm,Pet Sematary II
1273.htm,Prince of Darkness
1274.htm,Shaun of the Dead
1275.htm,Evil Dead 2
1276.htm,The Evil Dead
1277.htm,George A. Romero's Diary of the Dead
1278.htm,Dead Alive
1279.htm,40 Days and 40 Nights
1280.htm,It Could Happen to You
1281.htm,Best Friends
1282.htm,The Truth About Cats &amp; Dogs
1283.htm,Addicted to Love
1284.htm,(500) Days of Summer
1285.htm,Definitely Maybe
1286.htm,She's Out of My League
1287.htm,Murphy's Romance
1288.htm,Green Card
1289.htm,The Prince and Me
1290.htm,High Fidelity
1291.htm,I.Q.
1292.htm,Benny and Joon
1293.htm,Frankie and Johnny (1991)
1294.htm,Much Ado About Nothing
1295.htm,Two Can Play That Game
1296.htm,Emma
1297.htm,Only the Lonely
1298.htm,My Best Friend's Girl
1299.htm,Her Alibi
1300.htm,Milk Money
1301.htm,Born Yesterday
1302.htm,Punch-Drunk Love
1303.htm,The One and Only
1304.htm,That Old Feeling
1305.htm,Continental Divide
1306.htm,Threesome
1307.htm,Alex and Emma
1308.htm,Dr. T and the Women
1309.htm,Mr. Wrong
1310.htm,The Beautician and the Beast
1311.htm,Husbands and Wives
1312.htm,Head Over Heels
1313.htm,Mrs. Winterbourne
1314.htm,He Said She Said
1315.htm,My Life in Ruins
1316.htm,Sprung
1317.htm,A Good Year
1318.htm,Town &amp; Country
1319.htm,Til There Was You
1320.htm,Modern Romance
1321.htm,The Perez Family
1322.htm,If Lucy Fell
1323.htm,A Little Sex
1324.htm,The Broken Hearts Club
1325.htm,Trust the Man
1326.htm,Swept Away
1327.htm,Mr. Jealousy
1328.htm,The Baxter
1329.htm,I Could Never Be Your Woman
1330.htm,The Accidental Husband
1331.htm,All the Real Girls
1332.htm,Jude
1333.htm,Swept from the Sea
1334.htm,Waking the Dead
1335.htm,Redbelt
1336.htm,3 Ninjas:
1337.htm,Fast Cheap and Out of Control
1338.htm,The Big One
1339.htm,Mr. Death
1340.htm,Sketches of Frank Gehry
1341.htm,Where in the World Is Osama Bin Laden?
1342.htm,Bigger Stronger Faster*
1343.htm,And Everything is Going Fine
1344.htm,How the Grinch Stole Christmas
1345.htm,Elf
1346.htm,The Santa Clause 2
1347.htm,Four Christmases
1348.htm,The Santa Clause 3:
1349.htm,Christmas with the Kranks
1350.htm,Fred Claus
1351.htm,Scrooged
1352.htm,Deck the Halls
1353.htm,Prancer
1354.htm,Unaccompanied Minors
1355.htm,I'll Be Home for Christmas
1356.htm,Trapped in Paradise
1357.htm,It's a Wonderful Life
1358.htm,A Christmas Carol (1938)
1359.htm,A Christmas Carol (1951)
1360.htm,Scrooge (1935)
1361.htm,White Christmas
1362.htm,Miracle on 34th Street
1363.htm,Christmas in Connecticut
1364.htm,Holiday Affair
1365.htm,Thomas Kinkade's Home for Christmas (formerly The Christmas Cottage)
1366.htm,Standard Operating Procedure
1367.htm,The Agronomist
1368.htm,Ayn Rand:
1369.htm,South of the Border
1370.htm,Jimmy Carter Man from Plains
1371.htm,Shakespeare Behind Bars
1372.htm,Terror's Advocate
1373.htm,A Decade Under the Influence
1374.htm,Lake of Fire
1375.htm,Glass:
1376.htm,Two by Scorsese (re-issue)
1377.htm,Fraude
1378.htm,To Live
1379.htm,The Sea Inside
1380.htm,Shanghai Triad
1381.htm,Ju Dou
1382.htm,The Story of Qiu Ju
1383.htm,Roman de Gare
1384.htm,Delicatessen
1385.htm,Summer Hours
1386.htm,The Road Home
1387.htm,The Last Kiss
1388.htm,The Princess and the Warrior
1389.htm,The Last Mistress
1390.htm,The Devil's Backbone
1391.htm,The Monster
1392.htm,Red Cliff
1393.htm,Johnny Stecchino
1394.htm,Not One Less
1395.htm,Changing Times
1396.htm,Our Lady of the Assassins
1397.htm,Bitter Sugar
1398.htm,Tokyo!
1399.htm,Zinda
1400.htm,Winter Sleepers
1401.htm,Days of Glory
1402.htm,Riding Alone for Thousands of Miles
1403.htm,Home Alone 2:
1404.htm,Die Hard 2:
1405.htm,Die Hard
1406.htm,The Family Man
1407.htm,The Family Stone
1408.htm,Mixed Nuts
1409.htm,Happy Times
1410.htm,Kontroll
1411.htm,Remember Me My Love
1412.htm,CJ7
1413.htm,Matador
1414.htm,Angel-A
1415.htm,Eros
1416.htm,A Woman A Gun and A Noodle Shop
1417.htm,Ashes of Time Redux
1418.htm,Cherry Blossoms
1419.htm,Comedy of Power
1420.htm,Pierrot le Fou (re-issue)
1421.htm,Boss of It All
1422.htm,La Chinoise (re-issue)
1423.htm,Mancora
1424.htm,Yang Ban Xi
1425.htm,Cobra Verde (re-issue)
1426.htm,The Tiger and the Snow
1427.htm,Solo Con Tu Pareja
1428.htm,As Tears Go By
1429.htm,Strike
1430.htm,Steve + Sky
1431.htm,The Great Yokai War
1432.htm,Breakfast on Pluto
1433.htm,Mysterious Skin
1434.htm,Big Eden
1435.htm,She Hate Me
1436.htm,The Dying Gaul
1437.htm,Total Eclipse
1438.htm,Butterfly Kiss
1439.htm,Tru Loved
1440.htm,Coffee Date
1441.htm,All Dogs Go to Heaven
1442.htm,Osmosis Jones
1443.htm,Rock-A-Doodle
1444.htm,Thumbelina
1445.htm,Persepolis
1446.htm,The Pebble and the Penguin
1447.htm,Cats Don't Dance
1448.htm,Waking Life
1449.htm,Rango
1450.htm,King of the Elves
1451.htm,13 Going on 30
1452.htm,The 40-Year-Old Virgin
1453.htm,Step Brothers
1454.htm,Old School
1455.htm,I Love You Man
1456.htm,Drillbit Taylor
1457.htm,Big
1458.htm,17 Again
1459.htm,Like Father Like Son
1460.htm,It's a Boy Girl Thing
1461.htm,Paul Blart:
1462.htm,Police Academy 4:
1463.htm,Ernest Goes to Jail
1464.htm,Ernest Goes to Camp
1465.htm,Police Academy 5:
1466.htm,Witless Protection
1467.htm,The Social Network
1468.htm,The House Bunny
1469.htm,College Road Trip
1470.htm,Revenge of the Nerds II:
1471.htm,Spring Break
1472.htm,Real Genius
1473.htm,Sydney White
1474.htm,The War of the Roses
1475.htm,Burn After Reading
1476.htm,The Cable Guy
1477.htm,Throw Momma From the Train
1478.htm,Grosse Pointe Blank
1479.htm,Nurse Betty
1480.htm,Observe and Report
1481.htm,Raising Arizona
1482.htm,The Player
1483.htm,I Love You to Death
1484.htm,Envy
1485.htm,Sunshine Cleaning
1486.htm,After Hours
1487.htm,Duplex
1488.htm,Death to Smoochy
1489.htm,Big Trouble
1490.htm,Club Dread
1491.htm,The Butcher Boy
1492.htm,Heathers
1493.htm,Mrs. Doubtfire
1494.htm,Big Momma's House
1495.htm,Tyler Perry's Madea Goes to Jail
1496.htm,Big Momma's House 2
1497.htm,Tyler Perry's Madea's Family Reunion
1498.htm,Date Movie
1499.htm,F/X 2
1500.htm,Beverly Hills Cop II
1501.htm,Speed 2:
1502.htm,Cheaper by the Dozen
1503.htm,The Pacifier
1504.htm,Daddy Day Care
1505.htm,Parenthood
1506.htm,RV
1507.htm,Uncle Buck
1508.htm,Yours Mine and Ours
1509.htm,Are We Done Yet?
1510.htm,Old Dogs
1511.htm,Getting Even With Dad
1512.htm,Daddy Day Camp
1513.htm,Evan Almighty
1514.htm,Michael
1515.htm,Dogma
1516.htm,Oh God! You Devil!
1517.htm,Defending Your Life
1518.htm,Wholly Moses
1519.htm,American Pie
1520.htm,Mean Girls
1521.htm,Ferris Bueller's Day Off
1522.htm,The Breakfast Club
1523.htm,The Perfect Score
1524.htm,Get Him to the Greek
1525.htm,Be Cool
1526.htm,Walk Hard:
1527.htm,A Mighty Wind
1528.htm,Airheads
1529.htm,This Is Spinal Tap
1530.htm,Scary Movie
1531.htm,Adventureland
1532.htm,Youth in Revolt
1533.htm,The Girl Next Door
1534.htm,Miss March
1535.htm,Joy of Sex
1536.htm,Homework
1537.htm,Losin' It
1538.htm,Going All the Way
1539.htm,Wild Hogs
1540.htm,Due Date
1541.htm,Sideways
1542.htm,About Schmidt
1543.htm,Rat Race
1544.htm,Pee-Wee's Big Adventure
1545.htm,Tommy Boy
1546.htm,Lost in America
1547.htm,Something Wild
1548.htm,Larger Than Life
1549.htm,Look Who's Talking Now
1550.htm,Scary Movie 3
1551.htm,Scary Movie 4
1552.htm,Hot Shots! Part Deux
1553.htm,Meet the Spartans
1554.htm,History of the World Part I
1555.htm,Young Doctors in Love
1556.htm,Mafia!
1557.htm,Dead Men Don't Wear Plaid
1558.htm,Kung Pow! Enter the Fist
1559.htm,Disaster Movie
1560.htm,I'm Gonna Git You Sucka
1561.htm,An American Carol
1562.htm,Knight &amp; Day
1563.htm,Liar Liar
1564.htm,Click
1565.htm,Bedtime Stories
1566.htm,Disney's The Kid
1567.htm,Stranger Than Fiction
1568.htm,The Invention of Lying
1569.htm,Doctor Dolittle
1570.htm,The Shaggy Dog
1571.htm,Death at a Funeral (2010)
1572.htm,Dirty Rotten Scoundrels
1573.htm,Last Holiday
1574.htm,That Darn Cat
1575.htm,School for Scoundrels
1576.htm,We're No Angels
1577.htm,300
1578.htm,Road to Perdition
1579.htm,Red
1580.htm,Constantine
1581.htm,Scott Pilgrim vs. the World
1582.htm,Punisher:
1583.htm,Swamp Thing
1584.htm,Sin City 2
1585.htm,The Color of Money
1586.htm,Jackie Brown
1587.htm,Matchstick Men
1588.htm,Tin Men
1589.htm,Heist
1590.htm,Two for the Money
1591.htm,Rounders
1592.htm,Confidence
1593.htm,Glengarry Glen Ross
1594.htm,The Spanish Prisoner
1595.htm,House of Games
1596.htm,Welcome to Woop Woop
1597.htm,The Day After Tomorrow
1598.htm,Angels &amp; Demons
1599.htm,Barbershop
1600.htm,The Golden Compass
1601.htm,Thelma and Louise
1602.htm,Jungle Fever
1603.htm,Powder
1604.htm,Religulous
1605.htm,The Last Temptation of Christ
1606.htm,Julie &amp; Julia
1607.htm,Chocolat
1608.htm,Like Water for Chocolate
1609.htm,Big Night
1610.htm,Eat Drink Man Woman
1611.htm,Training Day
1612.htm,16 Blocks
1613.htm,Brooklyn's Finest
1614.htm,The Gauntlet
1615.htm,The Corruptor
1616.htm,Narc
1617.htm,Night Falls on Manhattan
1618.htm,Bad Lieutenant:
1619.htm,The Thin Blue Line
1620.htm,Cloverfield
1621.htm,Predator
1622.htm,Arachnophobia
1623.htm,Mighty Joe Young
1624.htm,The Ghost and the Darkness
1625.htm,Jeepers Creepers
1626.htm,Jeepers Creepers 2
1627.htm,The Relic
1628.htm,The Descent
1629.htm,Splice
1630.htm,Tremors
1631.htm,Deep Rising
1632.htm,Bandits
1633.htm,Out of Sight
1634.htm,Married to the Mob
1635.htm,True Romance
1636.htm,Inception
1637.htm,Gangs of New York
1638.htm,Heat
1639.htm,Takers
1640.htm,Scarface (1983)
1641.htm,Carlito's Way
1642.htm,The Usual Suspects
1643.htm,Mobsters
1644.htm,Eastern Promises
1645.htm,Domino
1646.htm,Formula 51
1647.htm,Lock Stock and Two Smoking Barrels
1648.htm,Reservoir Dogs
1649.htm,Layer Cake
1650.htm,Little Odessa
1651.htm,The Yards
1652.htm,Tootsie
1653.htm,White Chicks
1654.htm,To Wong Foo Thanks for Everything Julie Newmar
1655.htm,The Adventures of Priscilla Queen of the Desert
1656.htm,Connie and Carla
1657.htm,Ed Wood
1658.htm,Flawless (1999)
1659.htm,Kinky Boots
1660.htm,Courage Under Fire
1661.htm,King Arthur
1662.htm,G.I. Jane
1663.htm,The Messenger:
1664.htm,A.I. Artificial Intelligence
1665.htm,Surrogates
1666.htm,Staying Alive
1667.htm,White Nights
1668.htm,Fame (1980)
1669.htm,Strictly Ballroom
1670.htm,Swing Kids
1671.htm,Fast Forward
1672.htm,Black Swan
1673.htm,Footloose (2011)
1674.htm,Born on the Fourth of July
1675.htm,Extreme Measures
1676.htm,My Left Foot
1677.htm,Twister
1678.htm,Armageddon
1679.htm,The Perfect Storm
1680.htm,Apollo 13
1681.htm,2012
1682.htm,Knowing
1683.htm,Vertical Limit
1684.htm,Poseidon
1685.htm,Alive
1686.htm,Daylight
1687.htm,The Concorde:
1688.htm,The Trigger Effect
1689.htm,The Hindenburg
1690.htm,March of the Penguins
1691.htm,Sicko
1692.htm,An Inconvenient Truth
1693.htm,Capitalism:
1694.htm,Roger and Me
1695.htm,Waiting for
1696.htm,Shine a Light
1697.htm,The Fog of War
1698.htm,Imagine:
1699.htm,Capturing the Friedmans
1700.htm,Inside Job
1701.htm,A Brief History of Time
1702.htm,It Might Get Loud
1703.htm,The Kid Stays in the Picture
1704.htm,No End in Sight
1705.htm,Encounters at the End of the World
1706.htm,American Teen
1707.htm,My Dog Skip
1708.htm,Marmaduke
1709.htm,See Spot Run
1710.htm,Best in Show
1711.htm,Gone in 60 Seconds
1712.htm,Shaft
1713.htm,The Taking of Pelham 1 2 3
1714.htm,Narrow Margin
1715.htm,Taken
1716.htm,Ransom
1717.htm,Along Came a Spider
1718.htm,Misery
1719.htm,Firewall
1720.htm,A Perfect World
1721.htm,The Clearing
1722.htm,Spartan
1723.htm,The Patriot
1724.htm,A Time to Kill
1725.htm,Phenomenon
1726.htm,Stand by Me
1727.htm,My Sister's Keeper
1728.htm,Kingdom of Heaven
1729.htm,Regarding Henry
1730.htm,Instinct
1731.htm,Nothing in Common
1732.htm,Corrina Corrina
1733.htm,Casualties of War
1734.htm,Becoming Jane
1735.htm,Mo' Better Blues
1736.htm,A Mighty Heart
1737.htm,Erin Brockovich
1738.htm,A Civil Action
1739.htm,Gorillas in the Mist
1740.htm,Chain Reaction
1741.htm,Furry Vengeance
1742.htm,The Road to El Dorado
1743.htm,Around the World in 80 Days
1744.htm,The Adventures of Baron Munchausen
1745.htm,1492:
1746.htm,Almost Heroes
1747.htm,The Bear
1748.htm,Free Willy 2:
1749.htm,Operation Dumbo Drop
1750.htm,Two Brothers
1751.htm,Dunston Checks In
1752.htm,Night at the Museum
1753.htm,Harry Potter and the Deathly Hallows Part 1
1754.htm,Charlie and the Chocolate Factory
1755.htm,Lemony Snicket's A Series of Unfortunate Events
1756.htm,Jumanji
1757.htm,Percy Jackson &amp; The Olympians:
1758.htm,Charlotte's Web (2006)
1759.htm,Where the Wild Things Are
1760.htm,The Spiderwick Chronicles
1761.htm,Holes
1762.htm,The Water Horse:
1763.htm,Matilda
1764.htm,The Secret Garden
1765.htm,Ramona and Beezus
1766.htm,Nancy Drew
1767.htm,The Borrowers
1768.htm,The Neverending Story
1769.htm,The Neverending Story II
1770.htm,Inkheart
1771.htm,Race to Witch Mountain
1772.htm,The Jungle Book (1994)
1773.htm,Look Who's Talking Too
1774.htm,Babe:
1775.htm,Racing Stripes
1776.htm,Zookeeper
1777.htm,The Mummy
1778.htm,Hidalgo
1779.htm,Rabbit-Proof Fence
1780.htm,Paradise
1781.htm,The Lord of the Rings:
1782.htm,The Lord of the Rings:
1783.htm,The Lord of the Rings:
1784.htm,Peter Pan
1785.htm,Stardust
1786.htm,The Brothers Grimm
1787.htm,Pan's Labyrinth
1788.htm,Warriors of Virtue
1789.htm,Backdraft
1790.htm,Ladder 49
1791.htm,Firestarter
1792.htm,Life Is Beautiful
1793.htm,Amelie
1794.htm,Il Postino
1795.htm,Y Tu Mama Tambien
1796.htm,Volver
1797.htm,The Lives of Others
1798.htm,My Life as a Dog
1799.htm,City of God
1800.htm,Run Lola Run
1801.htm,A Very Long Engagement
1802.htm,Amores Perros
1803.htm,Broken Embraces
1804.htm,Lust Caution
1805.htm,Black Book
1806.htm,High Tension
1807.htm,Soldier
1808.htm,Sunshine
1809.htm,Code 46
1810.htm,Shopping
1811.htm,Philadelphia
1812.htm,The Crying Game
1813.htm,The Hours
1814.htm,Alexander
1815.htm,Milk
1816.htm,Cruising
1817.htm,Kinsey
1818.htm,A Single Man
1819.htm,Gods and Monsters
1820.htm,Before Night Falls
1821.htm,My Beautiful Laundrette
1822.htm,Prick Up Your Ears
1823.htm,Chuck &amp; Buck
1824.htm,A Home at the End of the World
1825.htm,Inside Man
1826.htm,Get Shorty
1827.htm,The Score
1828.htm,The Thomas Crown Affair
1829.htm,The Bank Job
1830.htm,After the Sunset
1831.htm,Going in Style
1832.htm,Small Time Crooks
1833.htm,Hudson Hawk
1834.htm,Armored
1835.htm,The Brink's Job
1836.htm,The Good Thief
1837.htm,The Lonely Maiden
1838.htm,Tower Heist
1839.htm,Smokin' Aces
1840.htm,Assassins
1841.htm,The Professional
1842.htm,The Replacement Killers
1843.htm,Confessions of a Dangerous Mind
1844.htm,2 Days in the Valley
1845.htm,In Bruges
1846.htm,8 Heads in a Duffel Bag
1847.htm,You Kill Me
1848.htm,Assassination Tango
1849.htm,The Hit
1850.htm,Shadowboxer
1851.htm,The Merry Gentleman
1852.htm,Interview with the Assassin
1853.htm,The Contract
1854.htm,Who Framed Roger Rabbit
1855.htm,Tropic Thunder
1856.htm,Scream 3
1857.htm,Bowfinger
1858.htm,Funny People
1859.htm,Big Fat Liar
1860.htm,Postcards from the Edge
1861.htm,Wes Craven's New Nightmare
1862.htm,Win a Date with Tad Hamilton!
1863.htm,I'll Do Anything
1864.htm,State and Main
1865.htm,Celebrity
1866.htm,Hollywood Ending
1867.htm,Jimmy Hollywood
1868.htm,Full Frontal
1869.htm,Auto Focus
1870.htm,Living in Oblivion
1871.htm,What Just Happened?
1872.htm,The Big Picture
1873.htm,Forgotten Silver
1874.htm,Somewhere
1875.htm,Shutter Island
1876.htm,The Village
1877.htm,Sleepy Hollow
1878.htm,The Others
1879.htm,Mary Reilly
1880.htm,Below
1881.htm,10 000 B.C.
1882.htm,The 13th Warrior
1883.htm,Tom and Huck
1884.htm,Quest for Fire
1885.htm,Scream
1886.htm,Scream 2
1887.htm,Freddy Vs. Jason
1888.htm,The Texas Chainsaw Massacre
1889.htm,Friday the 13th (2009)
1890.htm,Halloween (2007)
1891.htm,A Nightmare on Elm Street 4:
1892.htm,When a Stranger Calls
1893.htm,Halloween
1894.htm,House of Wax
1895.htm,Candyman
1896.htm,A Nightmare on Elm Street
1897.htm,A Nightmare on Elm Street 5:
1898.htm,Friday the 13th - Part V
1899.htm,Shocker
1900.htm,Halloween III:
1901.htm,Deadly Blessing
1902.htm,Scream 4
1903.htm,The Sixth Sense
1904.htm,What Lies Beneath
1905.htm,The Haunting
1906.htm,Paranormal Activity 2
1907.htm,1408
1908.htm,White Noise
1909.htm,The Omen (2006)
1910.htm,Final Destination 3
1911.htm,Final Destination
1912.htm,Final Destination 2
1913.htm,The Unborn (2009)
1914.htm,Drag Me to Hell
1915.htm,The Last Exorcism
1916.htm,Devil
1917.htm,The Fog
1918.htm,The Ninth Gate
1919.htm,Case 39
1920.htm,Poltergeist (2011)
1921.htm,The Apparition
1922.htm,Hostel
1923.htm,The Hills Have Eyes
1924.htm,The Last House on the Left (2009)
1925.htm,Vacancy
1926.htm,Hostel Part II
1927.htm,House of 1 000 Corpses
1928.htm,Turistas
1929.htm,Trick 'r Treat
1930.htm,Ghostbusters
1931.htm,Ghostbusters II
1932.htm,The Frighteners
1933.htm,Jennifer's Body
1934.htm,Haunted Honeymoon
1935.htm,Slither
1936.htm,The Crazies
1937.htm,The Wicker Man
1938.htm,Spirit:
1939.htm,The Electric Horseman
1940.htm,Into the West
1941.htm,Speed
1942.htm,John Q.
1943.htm,The River Wild
1944.htm,Phone Booth
1945.htm,The Negotiator
1946.htm,Cadillac Man
1947.htm,House Arrest
1948.htm,Night at the Museum:
1949.htm,Eagle Eye
1950.htm,I Am Number Four
1951.htm,Sucker Punch
1952.htm,Real Steel
1953.htm,Contagion (3D)
1954.htm,The Lion King
1955.htm,The Princess and the Frog
1956.htm,The Land Before Time
1957.htm,An American Tail
1958.htm,Circle of Friends
1959.htm,In America
1960.htm,Miller's Crossing
1961.htm,Hear My Song
1962.htm,The Snapper
1963.htm,The Field
1964.htm,The Miracle
1965.htm,Bloody Sunday
1966.htm,The Van
1967.htm,An Everlasting Piece
1968.htm,Christine
1969.htm,Robin Hood
1970.htm,Hamlet (1990)
1971.htm,Tristan and Isolde
1972.htm,Henry V
1973.htm,The Name of the Rose
1974.htm,Othello
1975.htm,Flesh and Blood
1976.htm,The Forgotten
1977.htm,Dead Again
1978.htm,Dark City
1979.htm,Jacob's Ladder
1980.htm,Dreamscape
1981.htm,The Imaginarium of Doctor Parnassus
1982.htm,Donnie Darko
1983.htm,Zelig
1984.htm,Waiting for Guffman
1985.htm,Tristram Shandy:
1986.htm,I'm Still Here
1987.htm,The Grand
1988.htm,Finishing the Game
1989.htm,Incident at Loch Ness
1990.htm,Terms of Endearment
1991.htm,Stepmom
1992.htm,Monster-in-Law
1993.htm,Psycho
1994.htm,Riding in Cars with Boys
1995.htm,Little Man Tate
1996.htm,Beloved
1997.htm,Mother (1996)
1998.htm,Mouse Hunt
1999.htm,Stop Making Sense
