url,NUMBER : value,NUMBER : open,NUMBER : high,NUMBER : low,NUMBER : volume
finance/quotes.nasdaq.com/coms.html,$ 5.03,$ 5.08,$ 5.11,$ 4.83,"4,348,828"
finance/quotes.nasdaq.com/kde.html,$ 1.92,,$ 1.96,$ 1.90,"7,121"
finance/quotes.nasdaq.com/abt.html,$ 45.42,,$ 46,$ 44.47,"10,284,431"
finance/quotes.nasdaq.com/anf.html,$ 27.58,,$ 27.65,$ 26.07,"3,522,094"
finance/quotes.nasdaq.com/adpt.html,$ 2.63,$ 2.57,$ 2.63,$ 2.52,"427,365"
finance/quotes.nasdaq.com/adbe.html,$ 30.15,$ 30.34,$ 30.6699,$ 29.61,"5,478,513"
finance/quotes.nasdaq.com/amd.html,$ 4.47,,$ 4.79,$ 4.33,"39,939,436"
finance/quotes.nasdaq.com/advs.html,$ 31.23,$ 30.94,$ 31.50,$ 30.62,"144,114"
finance/quotes.nasdaq.com/aes.html,$ 10.69,,$ 10.79,$ 10.21,"7,467,654"
finance/quotes.nasdaq.com/aet.html,$ 22.97,,$ 23.70,$ 22.47,"6,426,512"
finance/quotes.nasdaq.com/affx.html,$ 6.64,$ 6.70,$ 6.79,$ 6.35,"862,088"
finance/quotes.nasdaq.com/afl.html,$ 32.81,,$ 33.72,$ 32.51,"3,767,843"
finance/quotes.nasdaq.com/a.html,$ 19.36,,$ 19.67,$ 18.94,"2,627,609"
finance/quotes.nasdaq.com/apd.html,$ 67.99,,$ 68.32,$ 67.12,"1,548,455"
finance/quotes.nasdaq.com/akam.html,$ 22.86,$ 22.70,$ 22.88,$ 22.3399,"2,592,432"
finance/quotes.nasdaq.com/acv.html,$ 24.41,,$ 24.46,$ 24.09,"309,915"
finance/quotes.nasdaq.com/aa.html,$ 11.99,,$ 12.14,$ 11.80,"35,796,554"
finance/quotes.nasdaq.com/ati.html,$ 41.88,,$ 42.66,$ 41.36,"1,810,562"
finance/quotes.nasdaq.com/agn.html,$ 46.28,,$ 46.28,$ 44.30,"2,338,599"
finance/quotes.nasdaq.com/all.html,$ 24.85,,$ 25.01,$ 24.60,"3,914,272"
finance/quotes.nasdaq.com/altr.html,$ 16.75,$ 17.20,$ 17.25,$ 16.55,"11,648,814"
finance/quotes.nasdaq.com/amzn.html,$ 84.08,$ 85.01,$ 85.20,$ 82.01,"6,223,054"
finance/quotes.nasdaq.com/aep.html,$ 28,,$ 28.16,$ 27.03,"4,370,711"
finance/quotes.nasdaq.com/am.html,$ 7.45,,$ 7.50,$ 7.08,"248,593"
finance/quotes.nasdaq.com/aig.html,$ 1.61,,$ 1.62,$ 1.55,"32,807,608"
finance/quotes.nasdaq.com/apcc.html,$ 0.01,,N/A,N/A,0
finance/quotes.nasdaq.com/ahc.html,$ 1.17,,$ 1.20,$ 1.10,"37,124"
finance/quotes.nasdaq.com/aee.html,$ 24.41,,$ 24.61,$ 23.89,"1,382,995"
finance/quotes.nasdaq.com/axp.html,$ 25.16,,$ 25.69,$ 24.83,"14,797,428"
finance/quotes.nasdaq.com/amtd.html,$ 17.54,$ 17.75,$ 17.86,$ 17.32,"3,959,090"
finance/quotes.nasdaq.com/amgn.html,$ 50.40,$ 49.48,$ 50.70,$ 49.34,"6,803,490"
finance/quotes.nasdaq.com/amr.html,$ 4.55,,$ 4.69,$ 4.50,"5,066,781"
finance/quotes.nasdaq.com/aso.html,$ 21.27,,N/A,N/A,0
finance/quotes.nasdaq.com/apc.html,$ 50.57,,$ 50.63,$ 49.38,"4,804,500"
finance/quotes.nasdaq.com/adi.html,$ 25.40,,$ 25.82,$ 25.20,"4,751,635"
finance/quotes.nasdaq.com/twx.html,$ 26,,$ 26.13,$ 25.53,"6,452,605"
finance/quotes.nasdaq.com/aoc.html,$ 36.99,,$ 37.07,$ 36.41,"2,114,287"
finance/quotes.nasdaq.com/apa.html,$ 84.20,,$ 84.92,$ 83.43,"2,649,488"
finance/quotes.nasdaq.com/aapl.html,$ 136.97,$ 138.86,$ 139.10,$ 136.04,"20,110,176"
finance/quotes.nasdaq.com/amat.html,$ 11.23,$ 11.20,$ 11.24,$ 10.97,"17,011,098"
finance/quotes.nasdaq.com/amcc.html,$ 7.75,$ 8.14,$ 8.14,$ 7.65,"631,579"
finance/quotes.nasdaq.com/adm.html,$ 28.71,,$ 28.85,$ 28.44,"3,115,122"
finance/quotes.nasdaq.com/aria.html,$ 1.86,$ 1.92,$ 1.9292,$ 1.84,"385,766"
finance/quotes.nasdaq.com/arba.html,$ 10.60,$ 10.48,$ 10.65,$ 10.44,"414,494"
finance/quotes.nasdaq.com/arw.html,$ 22.38,,$ 23.14,$ 21.94,"1,296,537"
finance/quotes.nasdaq.com/ash.html,$ 27.36,,$ 28.02,$ 26.6827,"1,495,080"
finance/quotes.nasdaq.com/t.html,$ 25.01,,$ 25.05,$ 24.59,"27,041,071"
finance/quotes.nasdaq.com/adsk.html,$ 22.24,$ 22.19,$ 22.33,$ 21.82,"2,090,230"
finance/quotes.nasdaq.com/adp.html,$ 37.29,$ 37.30,$ 37.48,$ 36.60,"2,370,223"
finance/quotes.nasdaq.com/azo.html,$ 155.50,,$ 155.98,$ 151.59,"774,146"
finance/quotes.nasdaq.com/avy.html,$ 27.94,,$ 28.01,$ 27.36,"568,803"
finance/quotes.nasdaq.com/ava.html,$ 16.45,,$ 16.49,$ 15.92,"370,616"
finance/quotes.nasdaq.com/avp.html,$ 26.61,,$ 26.82,$ 26.34,"2,415,917"
finance/quotes.nasdaq.com/bhi.html,$ 41.72,,$ 41.88,$ 41.17,"3,882,310"
finance/quotes.nasdaq.com/bll.html,$ 43,,$ 43.13,$ 42,"1,455,491"
finance/quotes.nasdaq.com/bac.html,$ 13.72,,$ 13.93,$ 13.23,"448,295,799"
finance/quotes.nasdaq.com/bk.html,$ 29.02,,$ 29.02,$ 28.48,"6,086,762"
finance/quotes.nasdaq.com/bcr.html,$ 74.05,,$ 74.955,$ 73.25,"619,986"
finance/quotes.nasdaq.com/bks.html,$ 23.32,,$ 23.42,$ 22.53,"756,543"
finance/quotes.nasdaq.com/abx.html,$ 33.99,,$ 34.23,$ 33.35,"8,841,186"
finance/quotes.nasdaq.com/bax.html,$ 49.53,,$ 50.48,$ 47.08,"10,086,604"
finance/quotes.nasdaq.com/bbt.html,$ 23.14,,$ 23.19,$ 22.45,"6,552,050"
finance/quotes.nasdaq.com/bce.html,$ 21.59,,$ 21.94,$ 21.49,"1,200,802"
finance/quotes.nasdaq.com/bsc.html,$ 8.744,,N/A,N/A,0
finance/quotes.nasdaq.com/bdx.html,$ 68.35,,$ 68.87,$ 67.72,"1,323,767"
finance/quotes.nasdaq.com/bbby.html,$ 28.36,$ 27.70,$ 28.41,$ 27.23,"5,167,841"
finance/quotes.nasdaq.com/bms.html,$ 25,,$ 25.39,$ 24.82,"590,137"
finance/quotes.nasdaq.com/bby.html,$ 38.55,,$ 38.69,$ 36.90,"7,140,872"
finance/quotes.nasdaq.com/bbh.html,$ 91.68,,$ 92.27,$ 90.69,"54,400"
finance/quotes.nasdaq.com/bdk.html,$ 30.95,,$ 31.06,$ 30.23,"763,251"
finance/quotes.nasdaq.com/hrb.html,$ 15.69,,$ 15.80,$ 15.35,"1,540,981"
finance/quotes.nasdaq.com/bbi.html,$ 0.87,,$ 0.9089,$ 0.86,"1,258,709"
finance/quotes.nasdaq.com/bmc.html,$ 35.39,,$ 35.48,$ 34.71,"1,466,804"
finance/quotes.nasdaq.com/ba.html,$ 51.44,,$ 51.56,$ 50.11,"5,476,628"
finance/quotes.nasdaq.com/bsx.html,$ 9.37,,$ 9.50,$ 9.17,"7,202,153"
finance/quotes.nasdaq.com/bp.html,$ 51.20,,$ 51.24,$ 50.575,"4,970,474"
finance/quotes.nasdaq.com/bgg.html,$ 15.88,,$ 16,$ 15.59,"228,683"
finance/quotes.nasdaq.com/bmy.html,$ 19.81,,$ 20,$ 19.67,"10,685,361"
finance/quotes.nasdaq.com/bsy.html,$ 29.19,,$ 29.20,$ 28.85,"23,021"
finance/quotes.nasdaq.com/brcm.html,$ 26.30,$ 26.67,$ 26.67,$ 25.66,"9,430,048"
finance/quotes.nasdaq.com/brcd.html,$ 7.80,$ 7.75,$ 7.92,$ 7.59,"19,337,172"
finance/quotes.nasdaq.com/bc.html,$ 4.32,,$ 4.37,$ 4.19,"449,912"
finance/quotes.nasdaq.com/bni.html,$ 77.36,,$ 77.70,$ 75.13,"2,700,887"
finance/quotes.nasdaq.com/br.html,$ 17.18,,$ 17.22,$ 16.93,"604,471"
finance/quotes.nasdaq.com/cpn.html,$ 11.82,,$ 11.8675,$ 11.35,"2,921,785"
finance/quotes.nasdaq.com/cpb.html,$ 29.10,,$ 29.30,$ 28.80,"1,863,922"
finance/quotes.nasdaq.com/cof.html,$ 23.94,,$ 24.50,$ 23.72,"8,252,934"
finance/quotes.nasdaq.com/cah.html,$ 30.96,,$ 31.43,$ 30.67,"3,244,338"
finance/quotes.nasdaq.com/ccl.html,$ 24.17,,$ 24.20,$ 23.58,"5,108,393"
finance/quotes.nasdaq.com/cat.html,$ 37.73,,$ 37.77,$ 37.02,"8,567,660"
finance/quotes.nasdaq.com/cra.html,$ 7.94,$ 8.19,$ 8.38,$ 7.81,"593,460"
finance/quotes.nasdaq.com/celg.html,$ 43.23,$ 43.20,$ 43.64,$ 42.68,"3,608,868"
finance/quotes.nasdaq.com/ctx.html,$ 8.48,,$ 8.55,$ 8.26,"3,757,867"
finance/quotes.nasdaq.com/ctl.html,$ 32.06,,$ 32.38,$ 31.40,"2,082,026"
finance/quotes.nasdaq.com/cf.html,$ 82.50,,$ 83.71,$ 80.98,"1,108,534"
finance/quotes.nasdaq.com/chkp.html,$ 24.09,$ 23.83,$ 24.17,$ 23.69,"2,498,838"
finance/quotes.nasdaq.com/cvx.html,$ 72.67,,$ 72.75,$ 70.69,"13,931,638"
finance/quotes.nasdaq.com/chl.html,$ 52.98,,$ 53.03,$ 52.26,"1,614,648"
finance/quotes.nasdaq.com/china.html,$ 1.66,$ 1.64,$ 1.66,$ 1.57,"674,378"
finance/quotes.nasdaq.com/cb.html,$ 40.82,,$ 41.24,$ 40.56,"1,571,125"
finance/quotes.nasdaq.com/ci.html,$ 20.89,,$ 21.16,$ 20.21,"4,074,970"
finance/quotes.nasdaq.com/cinf.html,$ 23.84,$ 23.86,$ 24.15,$ 23.695,"709,727"
finance/quotes.nasdaq.com/csco.html,$ 19.91,$ 19.89,$ 20,$ 19.63,"41,372,311"
finance/quotes.nasdaq.com/c.html,$ 3.47,,$ 3.55,$ 3.44,"139,079,006"
finance/quotes.nasdaq.com/ctxs.html,$ 34.10,$ 33.24,$ 34.19,$ 32.80,"4,170,314"
finance/quotes.nasdaq.com/ccu.html,$ 35.69,,$ 35.99,$ 33.85,"81,372"
finance/quotes.nasdaq.com/clx.html,$ 56.39,,$ 56.49,$ 54.36,"3,982,400"
finance/quotes.nasdaq.com/cms.html,$ 12.30,,$ 12.37,$ 11.90,"5,084,916"
finance/quotes.nasdaq.com/coke.html,$ 56.35,$ 56.72,$ 56.72,$ 55.67,"9,355"
finance/quotes.nasdaq.com/ko.html,$ 48.89,,$ 49.04,$ 48.48,"8,620,310"
finance/quotes.nasdaq.com/cce.html,$ 17.18,,$ 17.40,$ 17.07,"2,736,160"
finance/quotes.nasdaq.com/cl.html,$ 71.38,,$ 72,$ 69.79,"3,068,588"
finance/quotes.nasdaq.com/cmcsk.html,$ 13.73,$ 13.69,$ 13.75,$ 13.39,"4,576,784"
finance/quotes.nasdaq.com/cma.html,$ 22.63,,$ 23.15,$ 22.38,"1,960,754"
finance/quotes.nasdaq.com/ca.html,$ 17.73,$ 17.69,$ 17.99,$ 17.46,"3,595,606"
finance/quotes.nasdaq.com/csc.html,$ 44.99,,$ 45.12,$ 44.095,"1,133,822"
finance/quotes.nasdaq.com/cpwr.html,$ 7.43,$ 7.44,$ 7.66,$ 7.305,"2,904,081"
finance/quotes.nasdaq.com/cmvt.html,$ 7.60,,$ 7.70,$ 7.50,"165,015"
finance/quotes.nasdaq.com/cag.html,$ 19.46,,$ 19.69,$ 19.34,"4,408,301"
finance/quotes.nasdaq.com/ed.html,$ 37.08,,$ 37.15,$ 36.1301,"1,755,160"
finance/quotes.nasdaq.com/ceg.html,$ 27.23,,$ 27.47,$ 26.70,"3,096,042"
finance/quotes.nasdaq.com/cal.html,$ 9.09,,$ 9.46,$ 9.05,"4,564,492"
finance/quotes.nasdaq.com/cvg.html,$ 9.28,,$ 9.40,$ 9.1508,"555,634"
finance/quotes.nasdaq.com/cbe.html,$ 34.13,,$ 34.26,$ 33.67,"2,088,234"
finance/quotes.nasdaq.com/ctb.html,$ 9.22,,$ 9.88,$ 8.95,"1,237,578"
finance/quotes.nasdaq.com/glw.html,$ 15.89,,$ 15.90,$ 15.41,"10,949,120"
finance/quotes.nasdaq.com/cost.html,$ 47.03,$ 46.22,$ 47.10,$ 45.96,"4,735,611"
finance/quotes.nasdaq.com/cr.html,$ 24.06,,$ 24.59,$ 23.8233,"365,530"
finance/quotes.nasdaq.com/cree.html,$ 28.74,$ 29.31,$ 29.36,$ 28.30,"1,424,633"
finance/quotes.nasdaq.com/cck.html,$ 23.25,,$ 23.62,$ 23.01,"1,741,720"
finance/quotes.nasdaq.com/csx.html,$ 36.52,,$ 36.5726,$ 34.7654,"8,478,100"
finance/quotes.nasdaq.com/crgn.html,$ 1.38,$ 1.37,$ 1.39,$ 1.35,"545,924"
finance/quotes.nasdaq.com/cvs.html,$ 30.35,,$ 30.36,$ 29.90,"7,274,355"
finance/quotes.nasdaq.com/dcx.html,$ 7.88,,N/A,N/A,0
finance/quotes.nasdaq.com/dhr.html,$ 62.77,,$ 63.03,$ 62,"1,456,590"
finance/quotes.nasdaq.com/dri.html,$ 33.80,,$ 33.83,$ 32.67,"2,024,967"
finance/quotes.nasdaq.com/de.html,$ 44.77,,$ 44.78,$ 43.70,"3,587,279"
finance/quotes.nasdaq.com/dell.html,$ 13.39,$ 13.25,$ 13.40,$ 13.05,"25,270,320"
finance/quotes.nasdaq.com/dal.html,$ 6.40,,$ 6.74,$ 6.37,"11,727,463"
finance/quotes.nasdaq.com/del.html,$ 38.57,,$ 38.85,$ 37.09,"40,765"
finance/quotes.nasdaq.com/dlx.html,$ 14.71,,$ 14.99,$ 14.26,"222,798"
finance/quotes.nasdaq.com/dia.html,$ 88.31,,$ 88.33,$ 87.37,"12,743,832"
finance/quotes.nasdaq.com/dds.html,$ 10.04,,$ 10.08,$ 9.46,"755,492"
finance/quotes.nasdaq.com/dis.html,$ 25.06,,$ 25.39,$ 24.52,"7,332,339"
finance/quotes.nasdaq.com/dltr.html,$ 43.29,$ 43.36,$ 43.70,$ 42.56,"1,171,711"
finance/quotes.nasdaq.com/d.html,$ 33.39,,$ 33.52,$ 32.44,"3,535,508"
finance/quotes.nasdaq.com/dov.html,$ 36.16,,$ 36.16,$ 35.35,"1,419,848"
finance/quotes.nasdaq.com/dow.html,$ 17.34,,$ 17.50,$ 17.05,"9,925,352"
finance/quotes.nasdaq.com/dte.html,$ 31.96,,$ 32.10,$ 31.15,"908,450"
finance/quotes.nasdaq.com/duk.html,$ 14.67,,$ 14.76,$ 14.25,"14,473,344"
finance/quotes.nasdaq.com/dnb.html,$ 83.55,,$ 83.70,$ 82.55,"229,914"
finance/quotes.nasdaq.com/dd.html,$ 27,,$ 27.24,$ 26.61,"7,121,153"
finance/quotes.nasdaq.com/elnk.html,$ 7.77,$ 7.88,$ 7.90,$ 7.65,"726,400"
finance/quotes.nasdaq.com/emn.html,$ 40.65,,$ 41.31,$ 40.13,"742,733"
finance/quotes.nasdaq.com/ek.html,$ 2.95,,$ 2.96,$ 2.782,"2,773,119"
finance/quotes.nasdaq.com/etn.html,$ 49.18,,$ 49.22,$ 48.04,"1,024,801"
finance/quotes.nasdaq.com/ebay.html,$ 17.80,$ 17.89,$ 17.95,$ 17.45,"10,883,867"
finance/quotes.nasdaq.com/elon.html,$ 8.06,$ 7.77,$ 8.0895,$ 7.66,"158,998"
finance/quotes.nasdaq.com/dish.html,$ 15.33,$ 15.50,$ 15.71,$ 14.99,"3,887,215"
finance/quotes.nasdaq.com/ecl.html,$ 38.69,,$ 38.80,$ 37.94,"1,602,171"
finance/quotes.nasdaq.com/eix.html,$ 32.49,,$ 32.52,$ 31.23,"3,656,784"
finance/quotes.nasdaq.com/erts.html,$ 21.93,$ 21.80,$ 22.035,$ 21.60,"5,139,125"
finance/quotes.nasdaq.com/emc.html,$ 13.26,,$ 13.28,$ 12.74,"21,410,091"
finance/quotes.nasdaq.com/emr.html,$ 35.07,,$ 35.08,$ 34.33,"3,594,187"
finance/quotes.nasdaq.com/ec.html,$ 24.77,,$ 25,$ 24.41,"19,271"
finance/quotes.nasdaq.com/etr.html,$ 78.24,,$ 78.667,$ 74.95,"1,600,896"
finance/quotes.nasdaq.com/enz.html,$ 5.49,,$ 5.49,$ 5.30,"81,914"
finance/quotes.nasdaq.com/efx.html,$ 27.29,,$ 27.29,$ 26.73,"1,170,331"
finance/quotes.nasdaq.com/xom.html,$ 73.78,,$ 74.16,$ 73.10,"21,698,405"
finance/quotes.nasdaq.com/fre.html,$ 0.70,,$ 0.71,$ 0.69,"4,772,987"
finance/quotes.nasdaq.com/fnm.html,$ 0.66,,$ 0.67,$ 0.65,"10,702,263"
finance/quotes.nasdaq.com/fdx.html,$ 54.39,,$ 56.22,$ 53.63,"3,844,319"
finance/quotes.nasdaq.com/fitb.html,$ 8.03,$ 7.75,$ 8.03,$ 7.74,"22,625,444"
finance/quotes.nasdaq.com/fe.html,$ 40.48,,$ 40.60,$ 38.56,"4,120,716"
finance/quotes.nasdaq.com/flex.html,$ 4.40,$ 4.58,$ 4.60,$ 4.35,"4,894,772"
finance/quotes.nasdaq.com/flr.html,$ 53.85,,$ 53.85,$ 52.80,"2,637,308"
finance/quotes.nasdaq.com/fmc.html,$ 52.45,,$ 52.81,$ 52.02,"841,536"
finance/quotes.nasdaq.com/f.html,$ 6.11,,$ 6.15,$ 5.92,"54,584,184"
finance/quotes.nasdaq.com/fo.html,$ 37.03,,$ 37.13,$ 36.26,"857,798"
finance/quotes.nasdaq.com/fosl.html,$ 23.12,$ 23.50,$ 23.64,$ 22.663,"478,718"
finance/quotes.nasdaq.com/fpl.html,$ 57.39,,$ 57.90,$ 55.72,"1,827,107"
finance/quotes.nasdaq.com/ben.html,$ 75.99,,$ 76.89,$ 74.64,"1,060,548"
finance/quotes.nasdaq.com/fcx.html,$ 58.51,,$ 60.27,$ 58.09,"17,173,569"
finance/quotes.nasdaq.com/fcel.html,$ 4.59,$ 4.63,$ 4.77,$ 4.50,"659,644"
finance/quotes.nasdaq.com/gci.html,$ 4.22,,$ 4.27,$ 4.1499,"2,597,449"
finance/quotes.nasdaq.com/gps.html,$ 16.37,,$ 16.61,$ 15.90,"8,544,065"
finance/quotes.nasdaq.com/gd.html,$ 59.76,,$ 60.03,$ 58.63,"1,535,783"
finance/quotes.nasdaq.com/ge.html,$ 13.51,,$ 13.52,$ 13.29,"57,438,407"
finance/quotes.nasdaq.com/gis.html,$ 54.92,,$ 55.11,$ 54.21,"1,818,304"
finance/quotes.nasdaq.com/osci.html,$ 0.27,$ 0.26,$ 0.315,$ 0.2508,"32,202,381"
finance/quotes.nasdaq.com/gpc.html,$ 33.79,,$ 33.97,$ 33.43,"717,800"
finance/quotes.nasdaq.com/g.html,$ 11.26,,$ 11.26,$ 10.87,"193,096"
finance/quotes.nasdaq.com/gr.html,$ 53.36,,$ 53.36,$ 51.54,"1,440,325"
finance/quotes.nasdaq.com/gt.html,$ 12.41,,$ 13.05,$ 12.17,"5,454,284"
finance/quotes.nasdaq.com/goog.html,$ 424.84,$ 426.86,$ 427.70,$ 421.21,"2,918,429"
finance/quotes.nasdaq.com/gra.html,$ 13.48,,$ 13.70,$ 13.28,"230,234"
finance/quotes.nasdaq.com/gww.html,$ 83.81,,$ 83.96,$ 82.91,"836,313"
finance/quotes.nasdaq.com/gap.html,$ 4.98,,$ 5,$ 4.76,"586,795"
finance/quotes.nasdaq.com/ges.html,$ 26.56,,$ 26.67,$ 25.35,"2,319,573"
finance/quotes.nasdaq.com/hal.html,$ 23.99,,$ 24.13,$ 23.60,"15,072,420"
finance/quotes.nasdaq.com/hig.html,$ 12.95,,$ 13.60,$ 12.80,"20,403,412"
finance/quotes.nasdaq.com/has.html,$ 25.09,,$ 25.65,$ 24.74,"3,273,163"
finance/quotes.nasdaq.com/hlth.html,$ 11.92,$ 11.68,$ 12.01,$ 11.62,"556,532"
finance/quotes.nasdaq.com/hnz.html,$ 36.32,,$ 36.46,$ 35.84,"2,037,039"
finance/quotes.nasdaq.com/hp.html,$ 34.92,,$ 35.13,$ 33.86,"1,424,822"
finance/quotes.nasdaq.com/hsy.html,$ 35.39,,$ 35.45,$ 34.90,"580,972"
finance/quotes.nasdaq.com/hd.html,$ 24.15,,$ 24.24,$ 23.8298,"18,283,987"
finance/quotes.nasdaq.com/hmc.html,$ 28.86,,$ 28.89,$ 28.51,"656,521"
finance/quotes.nasdaq.com/hon.html,$ 35.41,,$ 35.67,$ 35.0475,"4,422,483"
finance/quotes.nasdaq.com/hott.html,$ 7.14,$ 7.27,$ 7.30,$ 6.95,"1,741,202"
finance/quotes.nasdaq.com/hgsi.html,$ 2.89,$ 2.91,$ 3,$ 2.765,"9,788,301"
finance/quotes.nasdaq.com/hum.html,$ 29.41,,$ 29.63,$ 28.44,"1,926,098"
finance/quotes.nasdaq.com/hban.html,$ 4.15,$ 4.12,$ 4.26,$ 4.11,"24,840,740"
finance/quotes.nasdaq.com/itw.html,$ 38.08,,$ 38.1903,$ 37.28,"3,334,496"
finance/quotes.nasdaq.com/rx.html,$ 13.29,,$ 13.35,$ 12.33,"3,759,504"
finance/quotes.nasdaq.com/n.html,$ 11.84,,$ 11.91,$ 11.15,"167,786"
finance/quotes.nasdaq.com/incy.html,$ 3.33,$ 3.35,$ 3.44,$ 3.23,"1,079,243"
finance/quotes.nasdaq.com/insp.html,$ 7.21,$ 7.10,$ 7.28,$ 7,"99,360"
finance/quotes.nasdaq.com/infy.html,$ 37.12,$ 36.55,$ 37.13,$ 36.30,"1,814,687"
finance/quotes.nasdaq.com/ir.html,$ 23.06,,$ 23.06,$ 22.44,"4,848,617"
finance/quotes.nasdaq.com/intc.html,$ 16.31,$ 16.23,$ 16.31,$ 16.02,"47,625,571"
finance/quotes.nasdaq.com/icge.html,$ 6.07,$ 6.01,$ 6.13,$ 5.97,"145,743"
finance/quotes.nasdaq.com/ipg.html,$ 6,,$ 6,$ 5.83,"2,966,249"
finance/quotes.nasdaq.com/isil.html,$ 13.02,$ 13.25,$ 13.25,$ 12.77,"2,250,109"
finance/quotes.nasdaq.com/ibm.html,$ 108.21,,$ 109.28,$ 107.75,"7,250,917"
finance/quotes.nasdaq.com/iff.html,$ 32.96,,$ 33.15,$ 32.55,"625,251"
finance/quotes.nasdaq.com/ip.html,$ 15.81,,$ 15.85,$ 15.005,"5,700,002"
finance/quotes.nasdaq.com/intu.html,$ 28.64,$ 28.34,$ 28.64,$ 28.01,"2,289,884"
finance/quotes.nasdaq.com/itt.html,$ 46.66,,$ 46.73,$ 45.55,"1,300,741"
finance/quotes.nasdaq.com/jbl.html,$ 7.55,,$ 7.61,$ 7.40,"2,254,353"
finance/quotes.nasdaq.com/jkhy.html,$ 19.09,$ 19.02,$ 19.12,$ 18.83,"388,395"
finance/quotes.nasdaq.com/jnj.html,$ 56.06,,$ 56.54,$ 55.72,"11,882,289"
finance/quotes.nasdaq.com/jci.html,$ 21.57,,$ 21.91,$ 21.09,"5,372,819"
finance/quotes.nasdaq.com/jnpr.html,$ 23.87,$ 23.84,$ 23.93,$ 23.43,"6,592,309"
finance/quotes.nasdaq.com/kbh.html,$ 14.09,,$ 14.50,$ 13.82,"3,030,621"
finance/quotes.nasdaq.com/kei.html,$ 3.99,,$ 4.51,$ 3.99,"46,380"
finance/quotes.nasdaq.com/k.html,$ 44.55,,$ 44.61,$ 43.50,"1,921,859"
finance/quotes.nasdaq.com/key.html,$ 6.12,,$ 6.17,$ 5.92,"24,963,592"
finance/quotes.nasdaq.com/keyn.html,$ 8.73,$ 8.41,$ 8.881,$ 8.20,"27,648"
finance/quotes.nasdaq.com/kmb.html,$ 52.73,,$ 52.95,$ 52.15,"1,480,322"
finance/quotes.nasdaq.com/klac.html,$ 25.88,$ 26.36,$ 26.57,$ 25.41,"5,033,448"
finance/quotes.nasdaq.com/kss.html,$ 46.59,,$ 46.68,$ 45.15,"3,469,365"
finance/quotes.nasdaq.com/kkd.html,$ 3.44,,$ 3.45,$ 3.31,"335,303"
finance/quotes.nasdaq.com/kr.html,$ 21.72,,$ 21.898,$ 21.49,"6,422,818"
finance/quotes.nasdaq.com/ksws.html,$ 8.86,$ 8.88,$ 8.91,$ 8.51,"69,328"
finance/quotes.nasdaq.com/kyo.html,$ 76.94,,$ 77.29,$ 76.45,"160,836"
finance/quotes.nasdaq.com/lrcx.html,$ 25.64,$ 25.74,$ 26.02,$ 24.81,"1,990,920"
finance/quotes.nasdaq.com/leg.html,$ 15.50,,$ 15.76,$ 15.215,"1,531,566"
finance/quotes.nasdaq.com/lxk.html,$ 16.27,,$ 16.54,$ 16.12,"1,431,131"
finance/quotes.nasdaq.com/lly.html,$ 34.29,,$ 34.84,$ 34.07,"5,266,112"
finance/quotes.nasdaq.com/lnc.html,$ 17.75,,$ 18.77,$ 17.20,"8,809,006"
finance/quotes.nasdaq.com/lltc.html,$ 23.58,$ 23.63,$ 23.80,$ 23.03,"3,893,778"
finance/quotes.nasdaq.com/liz.html,$ 4.63,,$ 4.99,$ 4.54,"1,680,533"
finance/quotes.nasdaq.com/lmt.html,$ 82.77,,$ 82.88,$ 81.61,"2,313,572"
finance/quotes.nasdaq.com/lpx.html,$ 4.42,,$ 4.42,$ 4.18,"1,445,798"
finance/quotes.nasdaq.com/low.html,$ 19.85,,$ 19.93,$ 19.54,"11,532,373"
finance/quotes.nasdaq.com/mar.html,$ 24.01,,$ 24.20,$ 23.63,"3,268,928"
finance/quotes.nasdaq.com/mmc.html,$ 20.64,,$ 20.66,$ 20.30,"2,734,397"
finance/quotes.nasdaq.com/mso.html,$ 3.27,,$ 3.33,$ 3.21,"117,394"
finance/quotes.nasdaq.com/mas.html,$ 9.93,,$ 10.06,$ 9.64,"3,661,376"
finance/quotes.nasdaq.com/mat.html,$ 16.28,,$ 16.43,$ 16,"1,720,513"
finance/quotes.nasdaq.com/mxim.html,$ 16.51,$ 16.49,$ 16.62,$ 16.26,"4,515,517"
finance/quotes.nasdaq.com/may.html,$ 6.51,,$ 6.59,$ 6.51,"4,980"
finance/quotes.nasdaq.com/mbi.html,$ 5.85,,$ 5.95,$ 5.71,"2,975,241"
finance/quotes.nasdaq.com/mdr.html,$ 23.28,,$ 23.828,$ 23.0619,"2,842,631"
finance/quotes.nasdaq.com/mcd.html,$ 58.36,,$ 58.48,$ 57.50,"7,063,106"
finance/quotes.nasdaq.com/mhp.html,$ 31.99,,$ 31.99,$ 31.32,"1,314,991"
finance/quotes.nasdaq.com/mck.html,$ 42.98,,$ 43.16,$ 42.24,"2,482,313"
finance/quotes.nasdaq.com/medx.html,$ 7.28,$ 7.21,$ 7.39,$ 7.21,"1,305,007"
finance/quotes.nasdaq.com/mdt.html,$ 33.62,,$ 33.825,$ 33.23,"6,295,951"
finance/quotes.nasdaq.com/mrk.html,$ 26.08,,$ 27.07,$ 25.68,"29,773,101"
finance/quotes.nasdaq.com/mdp.html,$ 28.20,,$ 28.47,$ 27.33,"307,894"
finance/quotes.nasdaq.com/met.html,$ 31.08,,$ 32.09,$ 30.50,"6,122,305"
finance/quotes.nasdaq.com/mgm.html,$ 7.13,,$ 7.15,$ 6.71,"18,007,860"
finance/quotes.nasdaq.com/mtg.html,$ 4.80,,$ 4.94,$ 4.68,"1,528,315"
finance/quotes.nasdaq.com/mgg.html,$ 21.10,,$ 21.15,$ 20.50,"164,853"
finance/quotes.nasdaq.com/mu.html,$ 5.47,,$ 5.62,$ 5.19,"18,814,634"
finance/quotes.nasdaq.com/msft.html,$ 23.33,$ 22.90,$ 23.38,$ 22.74,"50,963,461"
finance/quotes.nasdaq.com/mstr.html,$ 48.80,$ 49.01,$ 49.04,$ 48.16,"33,154"
finance/quotes.nasdaq.com/mil.html,$ 67.48,,$ 67.62,$ 66.79,"383,483"
finance/quotes.nasdaq.com/mmm.html,$ 61,,$ 61,$ 59.91,"3,228,967"
finance/quotes.nasdaq.com/molx.html,$ 16.56,$ 16.74,$ 16.74,$ 16.26,"928,289"
finance/quotes.nasdaq.com/jpm.html,$ 35.13,,$ 35.44,$ 34.80,"41,164,088"
finance/quotes.nasdaq.com/mot.html,$ 6.73,,$ 6.81,$ 6.55,"14,059,230"
finance/quotes.nasdaq.com/mygn.html,$ 37.75,$ 37.39,$ 37.80,$ 37.05,"1,055,716"
finance/quotes.nasdaq.com/nsm.html,$ 13.59,,$ 14.32,$ 13.20,"14,956,504"
finance/quotes.nasdaq.com/nav.html,$ 45.89,,$ 46.15,$ 45,"820,488"
finance/quotes.nasdaq.com/ncr.html,$ 12.74,,$ 12.76,$ 12.31,"1,724,897"
finance/quotes.nasdaq.com/ntap.html,$ 20.14,$ 19.69,$ 20.16,$ 19.32,"8,988,414"
finance/quotes.nasdaq.com/nyt.html,$ 6.29,,$ 6.40,$ 6.17,"513,614"
finance/quotes.nasdaq.com/nwl.html,$ 10.80,,$ 11.07,$ 10.38,"4,274,529"
finance/quotes.nasdaq.com/nem.html,$ 42.71,,$ 43.36,$ 42.15,"6,272,090"
finance/quotes.nasdaq.com/newp.html,$ 6.75,$ 6.60,$ 6.75,$ 6.43,"91,824"
finance/quotes.nasdaq.com/gas.html,$ 35.22,,$ 35.36,$ 34.42,"420,085"
finance/quotes.nasdaq.com/nke.html,$ 56.61,,$ 56.99,$ 55.645,"3,871,692"
finance/quotes.nasdaq.com/nok.html,$ 15.68,,$ 15.69,$ 15.35,"15,665,729"
finance/quotes.nasdaq.com/jwn.html,$ 20.77,,$ 20.84,$ 19.95,"3,978,207"
finance/quotes.nasdaq.com/nsc.html,$ 41.23,,$ 41.40,$ 40.03,"3,589,288"
finance/quotes.nasdaq.com/ntrs.html,$ 55.19,$ 55.09,$ 55.49,$ 54.44,"1,522,102"
finance/quotes.nasdaq.com/noc.html,$ 48.72,,$ 49.02,$ 47.80,"1,989,989"
finance/quotes.nasdaq.com/novl.html,$ 4.15,$ 4.07,$ 4.18,$ 4.07,"3,615,168"
finance/quotes.nasdaq.com/nvls.html,$ 18.23,$ 18.19,$ 18.50,$ 17.78,"2,569,543"
finance/quotes.nasdaq.com/nue.html,$ 47.50,,$ 48.29,$ 47.06,"4,133,900"
finance/quotes.nasdaq.com/nvda.html,$ 11.51,$ 11.42,$ 11.55,$ 11.14,"14,874,959"
finance/quotes.nasdaq.com/oxy.html,$ 68.97,,$ 69.97,$ 68.25,"5,535,343"
finance/quotes.nasdaq.com/odp.html,$ 4.80,,$ 4.91,$ 4.67,"6,745,725"
finance/quotes.nasdaq.com/omc.html,$ 32.45,,$ 32.57,$ 31.85,"1,426,295"
finance/quotes.nasdaq.com/oke.html,$ 30,,$ 30.18,$ 29.68,"633,361"
finance/quotes.nasdaq.com/onvi.html,$ 5.38,$ 5.31,$ 6.15,$ 5.26,"11,124"
finance/quotes.nasdaq.com/orcl.html,$ 20.85,$ 20.82,$ 21,$ 19.47,"23,154,762"
finance/quotes.nasdaq.com/osis.html,$ 17.24,$ 17.18,$ 17.24,$ 16.67,"88,048"
finance/quotes.nasdaq.com/oi.html,$ 30.16,,$ 30.33,$ 29.44,"2,867,553"
finance/quotes.nasdaq.com/pcar.html,$ 33.27,$ 33.54,$ 33.94,$ 32.81,"3,841,357"
finance/quotes.nasdaq.com/psun.html,$ 3.57,$ 3.74,$ 3.76,$ 3.54,"837,686"
finance/quotes.nasdaq.com/ptv.html,$ 21.80,,$ 22.05,$ 21.51,"1,362,551"
finance/quotes.nasdaq.com/pll.html,$ 27.14,,$ 27.56,$ 26.69,"1,671,035"
finance/quotes.nasdaq.com/pzza.html,$ 25.10,$ 24.78,$ 25.17,$ 24.41,"135,626"
finance/quotes.nasdaq.com/pmtc.html,$ 12.30,$ 11.92,$ 12.30,$ 11.89,"1,593,077"
finance/quotes.nasdaq.com/ph.html,$ 46.19,,$ 46.20,$ 45.31,"1,042,535"
finance/quotes.nasdaq.com/payx.html,$ 27.57,$ 27.88,$ 27.97,$ 26.95,"5,551,602"
finance/quotes.nasdaq.com/pss.html,$ 13.85,,$ 13.95,$ 13.10,"1,825,815"
finance/quotes.nasdaq.com/cra.html,$ 7.94,$ 8.19,$ 8.38,$ 7.81,"593,460"
finance/quotes.nasdaq.com/jcp.html,$ 29.16,,$ 29.24,$ 27.60,"5,961,187"
finance/quotes.nasdaq.com/pby.html,$ 9.70,,$ 10.08,$ 9.58,"2,223,253"
finance/quotes.nasdaq.com/pbg.html,$ 33.57,,$ 33.75,$ 32.80,"2,358,499"
finance/quotes.nasdaq.com/pep.html,$ 53.65,,$ 53.85,$ 52.60,"5,958,398"
finance/quotes.nasdaq.com/pki.html,$ 17.32,,$ 17.42,$ 16.96,"766,069"
finance/quotes.nasdaq.com/pfe.html,$ 14.76,,$ 15.066,$ 14.51,"74,231,441"
finance/quotes.nasdaq.com/pcg.html,$ 38.04,,$ 38.26,$ 37.31,"2,799,173"
finance/quotes.nasdaq.com/mo.html,$ 16.64,,$ 16.89,$ 16.52,"19,467,798"
finance/quotes.nasdaq.com/phg.html,$ 19.21,,$ 19.26,$ 18.93,"551,559"
finance/quotes.nasdaq.com/pnw.html,$ 29.77,,$ 29.96,$ 28.58,"1,443,583"
finance/quotes.nasdaq.com/pbi.html,$ 22.06,,$ 22.19,$ 21.79,"1,245,892"
finance/quotes.nasdaq.com/plug.html,$ 1.05,$ 1.13,$ 1.1301,$ 1.02,"619,582"
finance/quotes.nasdaq.com/pmcs.html,$ 7.76,$ 8.06,$ 8.08,$ 7.67,"4,396,019"
finance/quotes.nasdaq.com/pnc.html,$ 41.34,,$ 42.67,$ 41,"6,179,401"
finance/quotes.nasdaq.com/rl.html,$ 53.45,,$ 54.25,$ 52.33,"1,468,523"
finance/quotes.nasdaq.com/pch.html,$ 27.30,,$ 27.44,$ 26.50,"643,754"
finance/quotes.nasdaq.com/pwav.html,$ 1.62,$ 1.60,$ 1.65,$ 1.5603,"979,791"
finance/quotes.nasdaq.com/ppg.html,$ 45.13,,$ 45.76,$ 44.88,"2,123,742"
finance/quotes.nasdaq.com/ppl.html,$ 33.30,,$ 33.51,$ 32.66,"2,087,775"
finance/quotes.nasdaq.com/px.html,$ 74.74,,$ 75.68,$ 73.53,"1,644,456"
finance/quotes.nasdaq.com/pcln.html,$ 115.31,$ 115.29,$ 115.99,$ 113.19,"661,651"
finance/quotes.nasdaq.com/pg.html,$ 52.55,,$ 52.77,$ 51.73,"10,352,651"
finance/quotes.nasdaq.com/pgr.html,$ 15.53,,$ 16.085,$ 15.35,"6,138,160"
finance/quotes.nasdaq.com/pdli.html,$ 7.91,$ 7.78,$ 7.95,$ 7.74,"1,492,645"
finance/quotes.nasdaq.com/peg.html,$ 32.54,,$ 32.96,$ 31.97,"3,378,106"
finance/quotes.nasdaq.com/phm.html,$ 8.82,,$ 8.94,$ 8.63,"6,035,841"
finance/quotes.nasdaq.com/qlgc.html,$ 13.74,$ 13.77,$ 13.87,$ 13.38,"1,720,843"
finance/quotes.nasdaq.com/qlti.html,$ 2.46,$ 2.47,$ 2.48,$ 2.37,"215,773"
finance/quotes.nasdaq.com/qcom.html,$ 46.05,$ 46.12,$ 46.39,$ 45.08,"13,902,761"
finance/quotes.nasdaq.com/qsft.html,$ 14.16,$ 13.88,$ 14.21,$ 13.84,"557,366"
finance/quotes.nasdaq.com/zqk.html,$ 2.37,,$ 2.45,$ 2.32,"1,371,656"
finance/quotes.nasdaq.com/rsh.html,$ 15.11,,$ 15.20,$ 14.57,"4,992,141"
finance/quotes.nasdaq.com/rmbs.html,$ 17.39,$ 16.70,$ 17.81,$ 16.55,"9,248,994"
finance/quotes.nasdaq.com/rtn.html,$ 45.31,,$ 45.69,$ 44.93,"3,442,712"
finance/quotes.nasdaq.com/regn.html,$ 16.36,$ 15.93,$ 16.42,$ 15.68,"332,393"
finance/quotes.nasdaq.com/rimm.html,$ 83.02,$ 84.87,$ 84.87,$ 82.60,"15,230,400"
finance/quotes.nasdaq.com/rmd.html,$ 40.11,,$ 40.13,$ 39.01,"645,935"
finance/quotes.nasdaq.com/rfmd.html,$ 3.57,$ 3.48,$ 3.59,$ 3.33,"9,018,950"
finance/quotes.nasdaq.com/rok.html,$ 33.44,,$ 33.44,$ 32.61,"791,742"
finance/quotes.nasdaq.com/rdc.html,$ 23.19,,$ 23.33,$ 22.55,"2,978,351"
finance/quotes.nasdaq.com/r.html,$ 30.39,,$ 31.18,$ 29.53,"1,011,723"
finance/quotes.nasdaq.com/swy.html,$ 21.26,,$ 21.28,$ 20.80,"3,925,092"
finance/quotes.nasdaq.com/slab.html,$ 37.86,$ 37.99,$ 37.99,$ 36.985,"652,113"
finance/quotes.nasdaq.com/sndk.html,$ 15.55,$ 15.61,$ 15.61,$ 14.88,"6,995,196"
finance/quotes.nasdaq.com/sanm.html,$ 0.6699,$ 0.66,$ 0.679,$ 0.6501,"1,122,889"
finance/quotes.nasdaq.com/sape.html,$ 5.64,$ 5.56,$ 5.71,$ 5.50,"485,840"
finance/quotes.nasdaq.com/sle.html,$ 9.01,,$ 9.13,$ 8.95,"5,668,991"
finance/quotes.nasdaq.com/sgp.html,$ 23.82,,$ 24.43,$ 23.59,"13,073,423"
finance/quotes.nasdaq.com/slb.html,$ 60.27,,$ 61.19,$ 59.21,"11,039,292"
finance/quotes.nasdaq.com/sfa.html,$ 7.97,,$ 7.98,$ 7.96,"3,321"
finance/quotes.nasdaq.com/see.html,$ 19.12,,$ 19.22,$ 18.80,"762,709"
finance/quotes.nasdaq.com/s.html,$ 5.29,,$ 5.44,$ 5.02,"63,681,470"
finance/quotes.nasdaq.com/sre.html,$ 49.04,,$ 49.15,$ 47.66,"1,073,506"
finance/quotes.nasdaq.com/shw.html,$ 55.10,,$ 55.45,$ 54.25,"1,024,100"
finance/quotes.nasdaq.com/sial.html,$ 50.35,$ 50.53,$ 50.75,$ 49.97,"852,846"
finance/quotes.nasdaq.com/skx.html,$ 9.58,,$ 9.58,$ 9.37,"261,667"
finance/quotes.nasdaq.com/slm.html,$ 8.69,,$ 8.85,$ 8.35,"9,280,216"
finance/quotes.nasdaq.com/sna.html,$ 32.15,,$ 32.19,$ 31.45,"442,359"
finance/quotes.nasdaq.com/sne.html,$ 27.29,,$ 27.34,$ 27,"384,385"
finance/quotes.nasdaq.com/so.html,$ 30.55,,$ 30.80,$ 29.61,"5,345,735"
finance/quotes.nasdaq.com/luv.html,$ 6.61,,$ 6.73,$ 6.53,"8,957,884"
finance/quotes.nasdaq.com/stj.html,$ 37.85,,$ 38.50,$ 37.65,"4,314,297"
finance/quotes.nasdaq.com/swk.html,$ 37.21,,$ 37.26,$ 36.33,"561,483"
finance/quotes.nasdaq.com/spls.html,$ 21.13,$ 20.32,$ 21.16,$ 20.26,"11,851,058"
finance/quotes.nasdaq.com/sbux.html,$ 14.55,$ 14.16,$ 14.56,$ 14.02,"10,849,644"
finance/quotes.nasdaq.com/stt.html,$ 47.56,,$ 47.89,$ 46.92,"4,130,792"
finance/quotes.nasdaq.com/sun.html,$ 26.43,,$ 26.73,$ 26.15,"3,219,857"
finance/quotes.nasdaq.com/sti.html,$ 16.69,,$ 17.29,$ 16.51,"7,441,752"
finance/quotes.nasdaq.com/svu.html,$ 16.38,,$ 16.63,$ 16.02,"2,749,203"
finance/quotes.nasdaq.com/sbl.html,$ 11.59,,$ 11.59,$ 11.59,"7,000"
finance/quotes.nasdaq.com/snv.html,$ 3.60,,$ 3.69,$ 3.25,"6,058,951"
finance/quotes.nasdaq.com/syy.html,$ 23.94,,$ 23.94,$ 23.42,"2,736,934"
finance/quotes.nasdaq.com/trow.html,$ 43.16,$ 42.91,$ 43.25,$ 42.37,"1,900,905"
finance/quotes.nasdaq.com/tgt.html,$ 40.38,,$ 40.46,$ 39.01,"6,898,273"
finance/quotes.nasdaq.com/tlab.html,$ 5.82,$ 5.86,$ 5.91,$ 5.76,"4,698,654"
finance/quotes.nasdaq.com/tin.html,$ 13,,$ 13,$ 12.65,"1,840,750"
finance/quotes.nasdaq.com/thc.html,$ 3.06,,$ 3.45,$ 3.03,"17,566,214"
finance/quotes.nasdaq.com/ter.html,$ 7.05,,$ 7.19,$ 6.85,"4,803,462"
finance/quotes.nasdaq.com/txn.html,$ 20.79,,$ 20.8105,$ 20.20,"15,724,454"
finance/quotes.nasdaq.com/txt.html,$ 11.48,,$ 11.55,$ 11.08,"3,680,815"
finance/quotes.nasdaq.com/ltd.html,$ 12.81,,$ 12.83,$ 12,"5,233,435"
finance/quotes.nasdaq.com/tmo.html,$ 41.79,,$ 42.01,$ 41.29,"3,079,945"
finance/quotes.nasdaq.com/tnb.html,$ 31.98,,$ 32.20,$ 30.90,"378,084"
finance/quotes.nasdaq.com/tibx.html,$ 6.53,$ 6.62,$ 6.69,$ 6.48,"1,336,878"
finance/quotes.nasdaq.com/tif.html,$ 27.29,,$ 28.08,$ 27.01,"3,963,512"
finance/quotes.nasdaq.com/tbl.html,$ 14.43,,$ 14.71,$ 13.94,"321,009"
finance/quotes.nasdaq.com/tkr.html,$ 18.87,,$ 19.10,$ 18.59,"409,722"
finance/quotes.nasdaq.com/tjx.html,$ 30.73,,$ 30.86,$ 29.36,"4,603,298"
finance/quotes.nasdaq.com/tmk.html,$ 38.29,,$ 39.20,$ 37.74,"919,050"
finance/quotes.nasdaq.com/tm.html,$ 78.84,,$ 78.84,$ 78,"232,484"
finance/quotes.nasdaq.com/rig.html,$ 82.58,,$ 83.67,$ 81.60,"4,270,806"
finance/quotes.nasdaq.com/yum.html,$ 35.01,,$ 35.05,$ 33.98,"3,777,249"
finance/quotes.nasdaq.com/tup.html,$ 26.37,,$ 26.61,$ 25.8305,"452,093"
finance/quotes.nasdaq.com/tyc.html,$ 27.47,,$ 27.62,$ 27.15,"2,550,875"
finance/quotes.nasdaq.com/usb.html,$ 18.58,,$ 18.63,$ 18.26,"16,879,942"
finance/quotes.nasdaq.com/un.html,$ 24.61,,$ 24.65,$ 24.265,"2,944,492"
finance/quotes.nasdaq.com/unp.html,$ 54.36,,$ 54.41,$ 52.66,"3,951,803"
finance/quotes.nasdaq.com/uis.html,$ 1.48,,$ 1.48,$ 1.40,"1,575,014"
finance/quotes.nasdaq.com/ups.html,$ 50.53,,$ 51.74,$ 50.08,"5,606,421"
finance/quotes.nasdaq.com/usm.html,$ 41.01,,$ 41.07,$ 39.83,"122,103"
finance/quotes.nasdaq.com/utx.html,$ 55.84,,$ 55.97,$ 54.77,"3,611,648"
finance/quotes.nasdaq.com/unh.html,$ 24.21,,$ 24.43,$ 23.48,"15,141,376"
finance/quotes.nasdaq.com/uvv.html,$ 36.89,,$ 37.47,$ 36.53,"170,532"
finance/quotes.nasdaq.com/unm.html,$ 16.86,,$ 16.96,$ 16.47,"2,619,778"
finance/quotes.nasdaq.com/mro.html,$ 32.42,,$ 32.52,$ 31.93,"5,648,860"
finance/quotes.nasdaq.com/x.html,$ 39.32,,$ 41.17,$ 38.80,"26,734,964"
finance/quotes.nasdaq.com/utsi.html,$ 1.93,$ 2.08,$ 2.09,$ 1.90,"782,965"
finance/quotes.nasdaq.com/vrsn.html,$ 19.24,$ 19.24,$ 19.40,$ 18.92,"4,018,186"
finance/quotes.nasdaq.com/vz.html,$ 29.92,,$ 30.06,$ 29.61,"22,900,955"
finance/quotes.nasdaq.com/vrts.html,$ 15.67,$ 15.29,$ 15.80,$ 15.30,"6,036"
finance/quotes.nasdaq.com/vfc.html,$ 58.40,,$ 59.33,$ 58.15,"1,223,938"
finance/quotes.nasdaq.com/via.html,$ 25,,$ 25.02,$ 24.33,"59,543"
finance/quotes.nasdaq.com/vod.html,$ 19,,$ 19.05,$ 18.72,"1,811,177"
finance/quotes.nasdaq.com/vmc.html,$ 47.20,,$ 47.21,$ 42.93,"13,891,676"
finance/quotes.nasdaq.com/wag.html,$ 31.18,,$ 31.18,$ 30.58,"4,511,648"
finance/quotes.nasdaq.com/wmt.html,$ 49.84,,$ 49.86,$ 49.21,"15,339,150"
finance/quotes.nasdaq.com/wmi.html,$ 28.60,,$ 28.67,$ 28.19,"2,111,465"
finance/quotes.nasdaq.com/wpi.html,$ 29.91,,$ 30.01,$ 29.35,"830,396"
finance/quotes.nasdaq.com/wlp.html,$ 46.72,,$ 47.70,$ 45.15,"4,596,562"
finance/quotes.nasdaq.com/wfc.html,$ 25.48,,$ 25.50,$ 24.78,"49,009,859"
finance/quotes.nasdaq.com/wen.html,$ 3.98,,$ 4.13,$ 3.83,"18,741,001"
finance/quotes.nasdaq.com/wy.html,$ 34.18,,$ 34.3001,$ 33.51,"1,369,282"
finance/quotes.nasdaq.com/whr.html,$ 43.73,,$ 43.73,$ 41.97,"1,579,721"
finance/quotes.nasdaq.com/wmb.html,$ 17.31,,$ 17.57,$ 17.20,"5,026,146"
finance/quotes.nasdaq.com/wor.html,$ 14.85,,$ 15.23,$ 14.31,"580,540"
finance/quotes.nasdaq.com/wwe.html,$ 13.59,,$ 13.59,$ 13.14,"121,354"
finance/quotes.nasdaq.com/xrx.html,$ 6.98,,$ 7.14,$ 6.80,"5,265,678"
finance/quotes.nasdaq.com/xlnx.html,$ 20.91,$ 21.35,$ 21.39,$ 20.44,"9,045,731"
finance/quotes.nasdaq.com/yhoo.html,$ 16.40,$ 16.15,$ 16.47,$ 16.10,"16,971,672"
finance/quotes.nasdaq.com/zigo.html,$ 5.44,$ 5.67,$ 5.72,$ 5.33,"24,620"
