url,NUMBER : value,NUMBER : var %,NUMBER : var $,NUMBER : open,NUMBER : high,NUMBER : low,NUMBER : volume,NUMBER : 52wk low,NUMBER : 52wk high
finance/quote.barchart.com/coms.html,5.03,-0.98 %,-0.05,5.08,5.11,4.83,4348800,2.02,5.22
finance/quote.barchart.com/kde.html,1.92,-2.04 %,-0.04,1.90,1.96,1.90,7100,1.01,2.48
finance/quote.barchart.com/abt.html,45.42,+1.93 %,+0.86,44.47,46.00,44.47,10284400,41.27,56.87
finance/quote.barchart.com/anf.html,27.58,+3.68 %,+0.98,26.47,27.65,26.07,3522000,16.85,32.83
finance/quote.barchart.com/adpt.html,2.63,+3.95 %,+0.10,2.57,2.63,2.52,427300,2.20,3.61
finance/quote.barchart.com/adbe.html,30.15,-0.82 %,-0.25,30.60,30.67,29.61,5478500,15.70,31.00
finance/quote.barchart.com/amd.html,4.47,-4.89 %,-0.23,4.75,4.79,4.33,39915598,1.86,4.90
finance/quote.barchart.com/advs.html,31.23,+0.68 %,+0.21,30.94,31.50,30.62,144100,19.46,35.95
finance/quote.barchart.com/aes.html,10.69,+2.59 %,+0.27,10.21,10.79,10.21,7467600,4.80,
finance/quote.barchart.com/aet.html,22.97,-1.42 %,-0.33,23.25,23.70,22.47,6426100,18.66,34.87
finance/quote.barchart.com/affx.html,6.64,-2.64 %,-0.18,6.70,6.79,6.35,862000,1.78,6.91
finance/quote.barchart.com/afl.html,32.81,-2.96 %,-1.00,33.54,33.72,32.51,3767800,10.74,45.96
finance/quote.barchart.com/a.html,19.36,-1.83 %,-0.36,19.67,19.67,18.94,2627600,12.02,20.34
finance/quote.barchart.com/apd.html,67.99,-0.92 %,-0.63,68.04,68.32,67.12,1548400,43.11,69.93
finance/quote.barchart.com/akam.html,22.86,-0.13 %,-0.03,22.85,22.88,22.34,2592400,12.29,23.58
finance/quote.barchart.com/acv.html,24.41,+0.25 %,+0.06,24.23,24.46,24.09,309900,20.41,26.83
finance/quote.barchart.com/aa.html,11.99,-1.88 %,-0.23,12.11,12.14,11.80,35787102,4.96,12.38
finance/quote.barchart.com/ati.html,41.88,-3.19 %,-1.38,42.55,42.66,41.36,1810500,16.66,44.09
finance/quote.barchart.com/agn.html,46.28,+4.02 %,+1.79,44.37,46.28,44.30,2338500,35.38,50.84
finance/quote.barchart.com/all.html,24.85,-0.08 %,-0.02,24.87,25.01,24.60,3914200,13.49,32.82
finance/quote.barchart.com/altr.html,16.75,-3.62 %,-0.63,17.22,17.25,16.55,11648800,13.88,18.36
finance/quote.barchart.com/amzn.html,84.08,-1.88 %,-1.61,85.03,85.20,82.01,6223000,47.63,88.56
finance/quote.barchart.com/aep.html,28.00,+2.00 %,+0.55,27.28,28.16,27.03,4369700,23.63,33.40
finance/quote.barchart.com/am.html,7.45,-0.27 %,-0.02,7.43,7.50,7.08,248500,3.24,8.85
finance/quote.barchart.com/aig.html,1.61,unch %,unch,1.61,1.62,1.55,32774000,0.33,2.19
finance/quote.barchart.com/ahc.html,1.17,+2.63 %,+0.03,1.12,1.20,1.10,37100,0.59,2.80
finance/quote.barchart.com/aee.html,24.41,+0.78 %,+0.19,24.09,24.61,23.89,1382900,19.20,34.15
finance/quote.barchart.com/axp.html,25.16,-1.83 %,-0.47,25.36,25.69,24.83,14796899,9.58,28.45
finance/quote.barchart.com/amtd.html,17.54,-2.34 %,-0.42,17.67,17.86,17.32,3959000,10.09,19.34
finance/quote.barchart.com/amgn.html,50.40,+1.04 %,+0.52,49.59,50.70,49.34,6803400,44.96,60.15
finance/quote.barchart.com/amr.html,4.55,-0.87 %,-0.04,4.55,4.69,4.50,5064900,2.40,12.47
finance/quote.barchart.com/aso.html,21.27,+0.90 %,+0.19,21.03,21.27,21.03,400,12.17,26.02
finance/quote.barchart.com/apc.html,50.57,-0.59 %,-0.30,50.12,50.63,49.38,4804500,30.74,52.29
finance/quote.barchart.com/adi.html,25.40,-1.32 %,-0.34,25.77,25.82,25.20,4751600,17.48,26.05
finance/quote.barchart.com/twx.html,26.00,-0.65 %,-0.17,26.05,26.13,25.53,6452600,15.41,26.83
finance/quote.barchart.com/aoc.html,36.99,+0.35 %,+0.13,36.81,37.07,36.41,2114200,34.81,45.84
finance/quote.barchart.com/apa.html,84.20,-1.34 %,-1.14,84.40,84.92,83.43,2649400,50.92,87.70
finance/quote.barchart.com/aapl.html,136.97,-2.13 %,-2.98,138.81,139.10,136.04,20110100,78.20,146.40
finance/quote.barchart.com/amat.html,11.23,+0.72 %,+0.08,11.19,11.24,10.97,17011000,8.15,12.82
finance/quote.barchart.com/amcc.html,7.75,-4.79 %,-0.39,8.14,8.14,7.65,631500,3.24,8.31
finance/quote.barchart.com/adm.html,28.71,-0.90 %,-0.26,28.84,28.85,28.44,3115100,23.00,29.40
finance/quote.barchart.com/aria.html,1.86,-1.06 %,-0.02,1.92,1.93,1.84,385700,0.83,2.95
finance/quote.barchart.com/arba.html,10.60,+0.76 %,+0.08,10.48,10.65,10.44,414400,6.43,11.19
finance/quote.barchart.com/arw.html,22.38,-4.20 %,-0.98,22.95,23.14,21.94,1296500,15.00,25.88
finance/quote.barchart.com/ash.html,27.36,-2.81 %,-0.79,27.90,28.02,26.68,1495000,5.34,29.99
finance/quote.barchart.com/t.html,25.01,+0.89 %,+0.22,24.65,25.05,24.59,27040398,21.11,28.59
finance/quote.barchart.com/adsk.html,22.24,-0.71 %,-0.16,22.12,22.33,21.82,2090200,11.70,22.85
finance/quote.barchart.com/adp.html,37.29,-0.32 %,-0.12,37.47,37.48,36.60,2370200,31.45,40.25
finance/quote.barchart.com/azo.html,155.50,+0.94 %,+1.45,153.55,155.98,151.59,774100,125.80,169.99
finance/quote.barchart.com/avy.html,27.94,unch %,unch,27.51,28.01,27.36,568800,16.77,32.65
finance/quote.barchart.com/ava.html,16.45,+2.17 %,+0.35,16.11,16.49,15.92,370600,12.50,19.50
finance/quote.barchart.com/avp.html,26.61,-0.63 %,-0.17,26.43,26.82,26.34,2415900,14.27,27.82
finance/quote.barchart.com/bhi.html,41.72,-1.44 %,-0.61,41.75,41.88,41.17,3882300,25.59,43.00
finance/quote.barchart.com/bll.html,43.00,-1.83 %,-0.80,42.99,43.13,42.00,1455400,36.41,45.01
finance/quote.barchart.com/bac.html,13.72,+5.78 %,+0.75,13.30,13.93,13.23,447737969,2.52,15.06
finance/quote.barchart.com/bk.html,29.02,+0.21 %,+0.06,28.94,29.02,28.48,6086700,15.19,33.62
finance/quote.barchart.com/bcr.html,74.05,+0.08 %,+0.06,73.85,74.96,73.25,619900,68.94,88.25
finance/quote.barchart.com/bks.html,23.32,+1.39 %,+0.32,22.90,23.42,22.53,756500,14.44,26.70
finance/quote.barchart.com/abx.html,33.99,-1.93 %,-0.67,33.61,34.23,33.35,8841000,25.40,40.68
finance/quote.barchart.com/bax.html,49.53,+3.47 %,+1.66,47.76,50.48,47.08,10086400,45.21,60.35
finance/quote.barchart.com/bbt.html,23.14,+2.57 %,+0.58,22.50,23.19,22.45,6551700,12.55,28.67
finance/quote.barchart.com/bce.html,21.59,-2.53 %,-0.56,21.91,21.94,21.49,1200800,17.89,22.84
finance/quote.barchart.com/bsc.html,8.74,+1.75 %,+0.15,8.92,9.44,8.34,1300,3.39,12.83
finance/quote.barchart.com/bdx.html,68.35,+0.10 %,+0.07,67.72,68.87,67.72,1323700,60.11,76.34
finance/quote.barchart.com/bbby.html,28.36,+1.54 %,+0.43,27.68,28.41,27.23,5167800,19.11,32.10
finance/quote.barchart.com/bms.html,25.00,-1.73 %,-0.44,25.30,25.39,24.82,590100,16.70,26.32
finance/quote.barchart.com/bby.html,38.55,+3.55 %,+1.32,37.13,38.69,36.90,7140400,23.89,42.06
finance/quote.barchart.com/bbh.html,91.68,+0.69 %,+0.63,90.91,92.27,90.69,54400,40.48,94.72
finance/quote.barchart.com/bdk.html,30.95,-0.45 %,-0.14,31.04,31.06,30.23,763200,19.66,45.63
finance/quote.barchart.com/hrb.html,15.69,-0.13 %,-0.02,15.66,15.80,15.35,1540900,13.60,22.87
finance/quote.barchart.com/bbi.html,0.87,-1.14 %,-0.01,0.91,0.91,0.86,1257400,0.13,1.71
finance/quote.barchart.com/bmc.html,35.39,+0.97 %,+0.34,34.88,35.48,34.71,1466800,24.76,35.76
finance/quote.barchart.com/ba.html,51.44,+1.54 %,+0.78,50.76,51.56,50.11,5476600,28.77,53.39
finance/quote.barchart.com/bsx.html,9.37,+0.21 %,+0.02,9.45,9.50,9.17,7202100,6.08,10.08
finance/quote.barchart.com/bp.html,51.20,-1.93 %,-1.01,50.94,51.24,50.58,4970300,33.11,53.29
finance/quote.barchart.com/bgg.html,15.88,-1.18 %,-0.19,15.92,16.00,15.59,228400,11.05,18.32
finance/quote.barchart.com/bmy.html,19.81,-0.95 %,-0.19,19.90,20.00,19.67,10685101,16.99,23.64
finance/quote.barchart.com/bsy.html,29.19,-1.55 %,-0.46,29.12,29.20,28.85,23000,21.80,29.99
finance/quote.barchart.com/brcm.html,26.30,-2.30 %,-0.62,26.67,26.67,25.66,9430000,15.31,27.56
finance/quote.barchart.com/brcd.html,7.80,+1.69 %,+0.13,7.76,7.92,7.59,19337100,2.05,
finance/quote.barchart.com/bc.html,4.32,+0.47 %,+0.02,4.33,4.37,4.19,449600,2.06,8.16
finance/quote.barchart.com/bni.html,77.36,+2.90 %,+2.18,75.34,77.70,75.13,2700800,50.60,80.86
finance/quote.barchart.com/br.html,17.18,-0.52 %,-0.09,17.15,17.22,16.93,604400,12.45,19.92
finance/quote.barchart.com/cpn.html,11.82,+0.77 %,+0.09,11.79,11.87,11.35,2921700,4.76,14.95
finance/quote.barchart.com/cpb.html,29.10,+0.17 %,+0.05,29.00,29.30,28.80,1863900,24.63,31.28
finance/quote.barchart.com/cof.html,23.94,-2.64 %,-0.65,24.50,24.50,23.72,8249101,7.79,33.68
finance/quote.barchart.com/cah.html,30.96,+0.39 %,+0.12,30.86,31.43,30.67,3244300,27.63,39.70
finance/quote.barchart.com/ccl.html,24.17,+1.85 %,+0.44,24.11,24.20,23.58,5108300,16.80,29.76
finance/quote.barchart.com/cat.html,37.73,+0.32 %,+0.12,37.47,37.77,37.02,8567300,21.44,46.03
finance/quote.barchart.com/cra.html,7.94,-3.52 %,-0.29,8.19,8.38,7.81,593400,5.03,11.71
finance/quote.barchart.com/celg.html,43.23,-0.21 %,-0.09,43.64,43.64,42.68,3608800,36.90,56.60
finance/quote.barchart.com/ctx.html,8.48,-0.47 %,-0.04,8.54,8.55,8.26,3757800,5.03,12.49
finance/quote.barchart.com/ctl.html,32.06,-1.39 %,-0.45,32.38,32.38,31.40,2082000,22.31,32.91
finance/quote.barchart.com/cf.html,82.50,-0.41 %,-0.34,82.13,83.71,80.98,1108500,42.17,84.61
finance/quote.barchart.com/chkp.html,24.09,+1.05 %,+0.25,23.83,24.17,23.69,2498800,18.94,25.44
finance/quote.barchart.com/cvx.html,72.67,+1.07 %,+0.77,71.19,72.75,70.69,13931500,55.58,76.99
finance/quote.barchart.com/chl.html,52.98,-1.96 %,-1.06,52.67,53.03,52.26,1614600,39.47,54.83
finance/quote.barchart.com/china.html,1.66,+3.11 %,+0.05,1.64,1.66,1.57,674300,0.73,1.85
finance/quote.barchart.com/cb.html,40.82,-1.02 %,-0.42,41.20,41.24,40.56,1571100,34.14,50.56
finance/quote.barchart.com/ci.html,20.89,-0.05 %,-0.01,20.63,21.16,20.21,4074700,12.64,24.63
finance/quote.barchart.com/cinf.html,23.84,-0.67 %,-0.16,23.86,24.15,23.69,709700,17.52,29.13
finance/quote.barchart.com/csco.html,19.91,-0.95 %,-0.19,19.93,20.00,19.63,41372301,13.61,20.35
finance/quote.barchart.com/c.html,3.47,-0.29 %,-0.01,3.47,3.55,3.44,138941500,0.97,7.56
finance/quote.barchart.com/ctxs.html,34.10,+2.13 %,+0.71,33.24,34.19,32.80,4170300,20.00,34.41
finance/quote.barchart.com/ccu.html,35.69,+4.33 %,+1.48,33.91,35.99,33.85,81300,25.43,
finance/quote.barchart.com/clx.html,56.39,+5.11 %,+2.74,54.60,56.49,54.36,3982400,45.30,56.79
finance/quote.barchart.com/cms.html,12.30,+2.07 %,+0.25,11.99,12.37,11.90,5084900,9.88,12.92
finance/quote.barchart.com/coke.html,56.35,-0.53 %,-0.30,56.72,56.72,55.67,9300,37.56,57.11
finance/quote.barchart.com/ko.html,48.89,+0.64 %,+0.31,48.68,49.04,48.48,8620300,36.74,49.52
finance/quote.barchart.com/cce.html,17.18,-1.55 %,-0.27,17.32,17.40,17.07,2736100,9.60,17.76
finance/quote.barchart.com/cl.html,71.38,+1.59 %,+1.12,69.96,72.00,69.79,3068500,54.12,
finance/quote.barchart.com/cmcsk.html,13.73,-1.08 %,-0.15,13.70,13.75,13.39,4576700,10.28,17.20
finance/quote.barchart.com/cma.html,22.63,-0.79 %,-0.18,22.84,23.15,22.38,1960700,11.66,26.41
finance/quote.barchart.com/ca.html,17.73,-0.62 %,-0.11,17.69,17.99,17.46,3595600,15.10,19.10
finance/quote.barchart.com/csc.html,44.99,+0.78 %,+0.35,45.06,45.12,44.10,1133800,31.11,45.16
finance/quote.barchart.com/cpwr.html,7.43,-1.07 %,-0.08,7.44,7.66,7.30,2904000,5.18,8.18
finance/quote.barchart.com/cmvt.html,7.6000,+0.66 %,+0.0500,7.5000,7.7000,7.5000,165000,5.2500,
finance/quote.barchart.com/cag.html,19.46,-0.82 %,-0.16,19.52,19.69,19.34,4408300,13.85,19.92
finance/quote.barchart.com/ed.html,37.08,+1.09 %,+0.40,36.49,37.15,36.13,1755100,32.05,40.53
finance/quote.barchart.com/ceg.html,27.23,+1.00 %,+0.27,26.90,27.47,26.70,3096000,14.92,27.81
finance/quote.barchart.com/cal.html,9.09,-1.73 %,-0.16,9.25,9.46,9.05,4564400,6.37,21.83
finance/quote.barchart.com/cvg.html,9.28,-1.38 %,-0.13,9.40,9.40,9.15,555600,5.49,10.66
finance/quote.barchart.com/cbe.html,34.13,-0.84 %,-0.29,34.24,34.26,33.67,2088200,18.72,36.43
finance/quote.barchart.com/ctb.html,9.22,-7.43 %,-0.74,9.80,9.88,8.95,1237500,2.93,11.63
finance/quote.barchart.com/glw.html,15.89,-0.44 %,-0.07,15.82,15.90,15.41,10949100,8.90,16.43
finance/quote.barchart.com/cost.html,47.03,+1.64 %,+0.76,46.35,47.10,45.96,4735600,38.03,53.22
finance/quote.barchart.com/cr.html,24.06,-2.47 %,-0.61,24.59,24.59,23.82,365500,12.36,25.63
finance/quote.barchart.com/cree.html,28.74,-2.11 %,-0.62,29.31,29.36,28.30,1424600,15.59,31.75
finance/quote.barchart.com/cck.html,23.25,-1.77 %,-0.42,23.61,23.62,23.01,1741700,17.35,24.87
finance/quote.barchart.com/csx.html,36.52,+4.76 %,+1.66,35.13,36.57,34.77,8477400,20.55,
finance/quote.barchart.com/crgn.html,1.38,-0.72 %,-0.01,1.37,1.39,1.35,545900,0.47,1.48
finance/quote.barchart.com/cvs.html,30.35,+0.26 %,+0.08,30.08,30.36,29.90,7274300,23.68,34.22
finance/quote.barchart.com/dcx.html,7.88,+1.68 %,+0.13,7.98,7.98,7.88,9300,5.43,8.00
finance/quote.barchart.com/dhr.html,62.77,-0.74 %,-0.47,63.03,63.03,62.00,1456500,47.71,64.90
finance/quote.barchart.com/dri.html,33.80,+2.52 %,+0.83,32.84,33.83,32.67,2024900,23.19,41.21
finance/quote.barchart.com/de.html,44.77,-0.69 %,-0.31,44.75,44.78,43.70,3587200,24.32,47.98
finance/quote.barchart.com/dell.html,13.39,+0.90 %,+0.12,13.22,13.40,13.05,25270301,7.84,
finance/quote.barchart.com/dal.html,6.40,-4.19 %,-0.28,6.68,6.74,6.37,11721600,3.51,12.65
finance/quote.barchart.com/del.html,38.57,+2.04 %,+0.77,37.60,38.85,37.09,40700,26.88,47.90
finance/quote.barchart.com/dlx.html,14.71,-2.71 %,-0.41,14.99,14.99,14.26,222700,6.09,15.85
finance/quote.barchart.com/dia.html,88.31,+0.51 %,+0.45,87.60,88.33,87.37,12743500,64.33,89.83
finance/quote.barchart.com/dds.html,10.04,+3.83 %,+0.37,9.59,10.08,9.46,755400,2.94,11.50
finance/quote.barchart.com/dis.html,25.06,-0.67 %,-0.17,25.03,25.39,24.52,7332300,15.14,26.29
finance/quote.barchart.com/dltr.html,43.29,-0.39 %,-0.17,43.36,43.70,42.56,1171700,32.94,46.74
finance/quote.barchart.com/d.html,33.39,+1.34 %,+0.44,32.88,33.52,32.44,3535500,26.78,36.16
finance/quote.barchart.com/dov.html,36.16,-0.11 %,-0.04,35.86,36.16,35.35,1419800,21.62,36.55
finance/quote.barchart.com/dow.html,17.34,-0.52 %,-0.09,17.32,17.50,17.05,9925300,5.80,18.99
finance/quote.barchart.com/dte.html,31.96,+1.36 %,+0.43,31.30,32.10,31.15,908400,22.45,35.72
finance/quote.barchart.com/duk.html,14.67,+1.59 %,+0.23,14.41,14.76,14.25,14472300,11.53,15.46
finance/quote.barchart.com/dnb.html,83.55,-0.37 %,-0.31,83.46,83.70,82.55,229900,68.69,84.76
finance/quote.barchart.com/dd.html,27.00,-0.41 %,-0.11,27.04,27.24,26.61,7121100,15.82,30.23
finance/quote.barchart.com/elnk.html,7.77,-1.27 %,-0.10,7.88,7.90,7.65,726400,6.02,8.17
finance/quote.barchart.com/emn.html,40.65,-2.24 %,-0.93,41.31,41.31,40.13,742700,17.21,45.36
finance/quote.barchart.com/ek.html,2.95,+2.43 %,+0.07,2.85,2.96,2.78,2773100,2.01,7.66
finance/quote.barchart.com/etn.html,49.18,+0.92 %,+0.45,48.50,49.22,48.04,1024800,29.68,52.13
finance/quote.barchart.com/ebay.html,17.80,-0.45 %,-0.08,17.94,17.95,17.45,10883801,9.91,18.39
finance/quote.barchart.com/elon.html,8.06,+2.81 %,+0.22,7.77,8.09,7.66,158900,5.13,8.94
finance/quote.barchart.com/dish.html,15.33,-1.41 %,-0.22,15.50,15.71,14.99,3887200,8.79,18.61
finance/quote.barchart.com/ecl.html,38.69,+1.06 %,+0.41,38.21,38.80,37.94,1602100,29.17,39.90
finance/quote.barchart.com/eix.html,32.49,+2.14 %,+0.68,31.72,32.52,31.23,3656700,22.85,33.81
finance/quote.barchart.com/erts.html,21.93,+0.27 %,+0.06,21.80,22.03,21.60,5139100,14.24,23.76
finance/quote.barchart.com/emc.html,13.26,+1.38 %,+0.18,13.01,13.28,12.74,21410000,9.61,13.40
finance/quote.barchart.com/emr.html,35.07,+0.37 %,+0.13,34.80,35.08,34.33,3594100,24.17,38.72
finance/quote.barchart.com/ec.html,24.77,-0.48 %,-0.12,24.42,25.00,24.41,19200,14.75,
finance/quote.barchart.com/etr.html,78.24,+2.93 %,+2.23,75.82,78.67,74.95,1600800,59.27,84.88
finance/quote.barchart.com/enz.html,5.49,+0.73 %,+0.04,5.41,5.49,5.30,81900,2.70,5.82
finance/quote.barchart.com/efx.html,27.29,-0.04 %,-0.01,27.07,27.29,26.73,1170300,19.61,29.58
finance/quote.barchart.com/xom.html,73.78,-0.36 %,-0.27,73.43,74.16,73.10,21693498,61.50,81.83
finance/quote.barchart.com/fre.html,0.70,-1.41 %,-0.01,0.70,0.71,0.69,4757200,0.35,1.50
finance/quote.barchart.com/fnm.html,0.66,-1.49 %,-0.01,0.66,0.67,0.65,10680700,0.35,1.43
finance/quote.barchart.com/fdx.html,54.39,-3.15 %,-1.77,55.99,56.22,53.63,3844300,34.02,64.55
finance/quote.barchart.com/fitb.html,8.03,+3.35 %,+0.26,7.74,8.03,7.74,22625400,1.01,9.15
finance/quote.barchart.com/fe.html,40.48,+3.56 %,+1.39,39.01,40.60,38.56,4120700,35.18,52.95
finance/quote.barchart.com/flex.html,4.40,-4.76 %,-0.22,4.60,4.60,4.35,4894700,1.81,4.73
finance/quote.barchart.com/flr.html,53.85,+0.06 %,+0.03,53.22,53.85,52.80,2636900,30.01,55.40
finance/quote.barchart.com/fmc.html,52.45,-1.54 %,-0.82,52.59,52.81,52.02,841500,34.81,56.25
finance/quote.barchart.com/f.html,6.11,+2.17 %,+0.13,6.01,6.15,5.92,54571699,1.50,6.54
finance/quote.barchart.com/fo.html,37.03,-0.08 %,-0.03,36.89,37.13,36.26,857700,17.60,43.29
finance/quote.barchart.com/fosl.html,23.12,-2.24 %,-0.53,23.50,23.64,22.66,478700,11.00,24.64
finance/quote.barchart.com/fpl.html,57.39,+1.54 %,+0.87,56.33,57.90,55.72,1827100,41.14,58.05
finance/quote.barchart.com/ben.html,75.99,-0.51 %,-0.39,76.60,76.89,74.64,1060500,36.97,77.62
finance/quote.barchart.com/fcx.html,58.51,-3.16 %,-1.91,59.40,60.27,58.09,17173500,21.16,61.55
finance/quote.barchart.com/fcel.html,4.59,-2.55 %,-0.12,4.63,4.77,4.50,659600,1.98,5.47
finance/quote.barchart.com/gci.html,4.22,-1.40 %,-0.06,4.25,4.27,4.15,2597400,1.84,9.16
finance/quote.barchart.com/gps.html,16.37,+0.86 %,+0.14,16.52,16.61,15.90,8544000,9.51,18.76
finance/quote.barchart.com/gd.html,59.76,+0.79 %,+0.47,59.17,60.03,58.63,1535700,34.99,61.12
finance/quote.barchart.com/ge.html,13.51,+0.37 %,+0.05,13.45,13.52,13.29,57423500,5.73,16.75
finance/quote.barchart.com/gis.html,54.92,+0.38 %,+0.21,54.63,55.11,54.21,1818300,45.98,60.93
finance/quote.barchart.com/osci.html,0.27,-28.95 %,-0.11,0.25,0.31,0.25,32202299,0.06,0.53
finance/quote.barchart.com/gpc.html,33.79,-0.21 %,-0.07,33.97,33.97,33.43,717800,24.65,38.81
finance/quote.barchart.com/g.html,11.26,-0.62 %,-0.07,11.15,11.26,10.87,193000,7.08,11.35
finance/quote.barchart.com/gr.html,53.36,+3.17 %,+1.64,52.00,53.36,51.54,1440300,29.79,55.34
finance/quote.barchart.com/gt.html,12.41,-5.12 %,-0.67,13.00,13.05,12.17,5454200,3.17,14.26
finance/quote.barchart.com/goog.html,424.84,-0.97 %,-4.16,427.50,427.70,421.21,2918400,282.75,447.34
finance/quote.barchart.com/gra.html,13.48,-1.89 %,-0.26,13.58,13.70,13.28,230200,3.95,14.61
finance/quote.barchart.com/gww.html,83.81,-0.37 %,-0.31,83.84,83.96,82.91,836300,59.62,85.88
finance/quote.barchart.com/gap.html,4.98,+3.11 %,+0.15,4.79,5.00,4.76,586700,3.01,8.64
finance/quote.barchart.com/ges.html,26.56,+1.53 %,+0.40,26.23,26.67,25.35,2319500,12.84,29.40
finance/quote.barchart.com/hal.html,23.99,-1.40 %,-0.34,23.75,24.13,23.60,15072199,14.62,24.76
finance/quote.barchart.com/hig.html,12.95,-8.03 %,-1.13,13.50,13.60,12.80,20397301,3.32,19.70
finance/quote.barchart.com/has.html,25.09,-3.61 %,-0.94,25.49,25.65,24.74,3273100,20.99,29.46
finance/quote.barchart.com/hlth.html,11.92,+0.93 %,+0.11,11.70,12.01,11.62,556500,9.65,12.48
finance/quote.barchart.com/hnz.html,36.32,+0.80 %,+0.29,36.12,36.46,35.84,2037000,30.13,38.72
finance/quote.barchart.com/hp.html,34.92,-2.02 %,-0.72,35.11,35.13,33.86,1424800,19.47,37.19
finance/quote.barchart.com/hsy.html,35.39,+0.51 %,+0.18,35.01,35.45,34.90,580900,30.02,37.59
finance/quote.barchart.com/hd.html,24.15,-0.33 %,-0.08,24.19,24.24,23.83,18283500,17.12,26.82
finance/quote.barchart.com/hmc.html,28.86,-1.57 %,-0.46,28.82,28.89,28.51,656500,20.28,31.00
finance/quote.barchart.com/hon.html,35.41,-1.06 %,-0.38,35.60,35.67,35.05,4422400,22.84,36.66
finance/quote.barchart.com/hott.html,7.14,-2.19 %,-0.16,7.27,7.30,6.95,1741200,6.85,13.87
finance/quote.barchart.com/hgsi.html,2.89,-9.40 %,-0.30,2.89,3.00,2.77,9788300,0.45,3.48
finance/quote.barchart.com/hum.html,29.41,+1.07 %,+0.31,28.90,29.63,28.44,1926000,18.57,46.01
finance/quote.barchart.com/hban.html,4.15,+0.48 %,+0.02,4.11,4.26,4.11,24840699,0.99,7.92
finance/quote.barchart.com/itw.html,38.08,+0.55 %,+0.21,37.73,38.19,37.28,3334400,25.36,38.42
finance/quote.barchart.com/rx.html,13.29,+6.41 %,+0.80,12.45,13.35,12.33,3759500,11.09,16.34
finance/quote.barchart.com/n.html,11.84,+5.71 %,+0.64,11.25,11.91,11.15,167700,6.65,14.40
finance/quote.barchart.com/incy.html,3.33,+0.30 %,+0.01,3.35,3.44,3.23,1079200,1.96,4.21
finance/quote.barchart.com/insp.html,7.21,+1.12 %,+0.08,7.16,7.28,7.00,99300,5.07,8.50
finance/quote.barchart.com/infy.html,37.12,-0.03 %,-0.01,36.55,37.13,36.30,1814600,22.46,37.89
finance/quote.barchart.com/ir.html,23.06,+0.83 %,+0.19,22.74,23.06,22.44,4848600,11.37,23.83
finance/quote.barchart.com/intc.html,16.31,-0.24 %,-0.04,16.24,16.31,16.02,47625496,11.95,16.70
finance/quote.barchart.com/icge.html,6.07,+0.17 %,+0.01,6.01,6.13,5.97,145700,3.25,6.31
finance/quote.barchart.com/ipg.html,6.00,+0.50 %,+0.03,6.00,6.00,5.83,2966200,3.08,6.41
finance/quote.barchart.com/isil.html,13.02,-2.40 %,-0.32,13.25,13.25,12.77,2250100,8.21,13.98
finance/quote.barchart.com/ibm.html,108.21,-1.09 %,-1.19,108.40,109.28,107.75,7250800,80.90,110.64
finance/quote.barchart.com/iff.html,32.96,-0.60 %,-0.20,33.00,33.15,32.55,625200,24.75,33.66
finance/quote.barchart.com/ip.html,15.81,+1.74 %,+0.27,15.41,15.85,15.01,5700000,3.92,15.96
finance/quote.barchart.com/intu.html,28.64,+0.77 %,+0.22,28.34,28.64,28.01,2289800,21.07,28.80
finance/quote.barchart.com/itt.html,46.66,+1.15 %,+0.53,45.95,46.73,45.55,1300700,31.78,50.87
finance/quote.barchart.com/jbl.html,7.55,-0.79 %,-0.06,7.47,7.61,7.40,2254300,3.07,9.06
finance/quote.barchart.com/jkhy.html,19.09,-0.42 %,-0.08,19.02,19.12,18.83,388300,14.22,19.74
finance/quote.barchart.com/jnj.html,56.06,+0.02 %,+0.01,55.88,56.54,55.72,11882200,45.85,59.97
finance/quote.barchart.com/jci.html,21.57,-2.00 %,-0.44,21.90,21.91,21.09,5372800,8.18,22.65
finance/quote.barchart.com/jnpr.html,23.87,-0.04 %,-0.01,23.58,23.93,23.43,6592300,12.43,25.44
finance/quote.barchart.com/kbh.html,14.09,-2.49 %,-0.36,14.36,14.50,13.82,3030600,7.83,19.61
finance/quote.barchart.com/kei.html,3.99,-12.68 %,-0.58,4.40,4.51,3.99,46300,1.83,4.58
finance/quote.barchart.com/k.html,44.55,+1.37 %,+0.60,43.85,44.61,43.50,1921800,35.36,45.18
finance/quote.barchart.com/key.html,6.12,+2.51 %,+0.15,5.97,6.17,5.92,24944000,4.40,9.80
finance/quote.barchart.com/keyn.html,8.73,+3.31 %,+0.28,8.41,8.88,8.20,27600,6.61,9.47
finance/quote.barchart.com/kmb.html,52.73,+0.59 %,+0.31,52.16,52.95,52.15,1480300,42.57,53.71
finance/quote.barchart.com/klac.html,25.88,-1.90 %,-0.50,26.36,26.57,25.41,5033400,15.18,29.67
finance/quote.barchart.com/kss.html,46.59,+1.46 %,+0.67,46.33,46.68,45.15,3469300,32.50,47.80
finance/quote.barchart.com/kkd.html,3.44,+0.88 %,+0.03,3.38,3.45,3.31,335300,1.01,4.38
finance/quote.barchart.com/kr.html,21.72,-0.59 %,-0.13,21.85,21.90,21.49,6422800,19.31,26.72
finance/quote.barchart.com/ksws.html,8.86,-0.78 %,-0.07,8.88,8.91,8.51,69300,6.44,12.13
finance/quote.barchart.com/kyo.html,76.94,-1.51 %,-1.18,77.15,77.29,76.45,160800,52.56,82.03
finance/quote.barchart.com/lrcx.html,25.64,-0.47 %,-0.12,26.02,26.02,24.81,1990900,18.24,29.23
finance/quote.barchart.com/leg.html,15.50,-1.59 %,-0.25,15.61,15.76,15.22,1531500,9.66,16.41
finance/quote.barchart.com/lxk.html,16.27,-0.73 %,-0.12,16.34,16.54,16.12,1431100,14.82,29.16
finance/quote.barchart.com/lly.html,34.29,-0.26 %,-0.09,34.39,34.84,34.07,5266100,26.84,39.69
finance/quote.barchart.com/lnc.html,17.75,-6.33 %,-1.20,18.70,18.77,17.20,8809000,4.89,25.34
finance/quote.barchart.com/lltc.html,23.58,-0.59 %,-0.14,23.80,23.80,23.03,3893700,20.26,25.45
finance/quote.barchart.com/liz.html,4.63,-8.86 %,-0.45,4.99,4.99,4.54,1680500,1.61,6.55
finance/quote.barchart.com/lmt.html,82.77,+0.67 %,+0.55,81.69,82.88,81.61,2313500,57.01,87.06
finance/quote.barchart.com/lpx.html,4.42,+4.49 %,+0.19,4.23,4.42,4.18,1445700,1.03,5.10
finance/quote.barchart.com/low.html,19.85,-0.50 %,-0.10,19.86,19.93,19.54,11532300,12.95,22.98
finance/quote.barchart.com/mar.html,24.01,-0.37 %,-0.09,23.89,24.20,23.63,3268900,12.16,25.23
finance/quote.barchart.com/mmc.html,20.64,+0.29 %,+0.06,20.55,20.66,20.30,2734300,17.01,24.64
finance/quote.barchart.com/mso.html,3.27,+0.62 %,+0.02,3.25,3.33,3.21,117300,1.60,4.08
finance/quote.barchart.com/mas.html,9.93,-0.80 %,-0.08,9.96,10.06,9.64,3661300,3.61,11.69
finance/quote.barchart.com/mat.html,16.28,-1.45 %,-0.24,16.27,16.43,16.00,1720500,10.36,16.85
finance/quote.barchart.com/mxim.html,16.51,-0.54 %,-0.09,16.49,16.62,16.26,4515500,10.86,16.94
finance/quote.barchart.com/may.html,6.51,-2.11 %,-0.14,6.59,6.59,6.51,4900,4.44,6.65
finance/quote.barchart.com/mbi.html,5.85,+0.17 %,+0.01,5.71,5.95,5.71,2975200,2.17,7.90
finance/quote.barchart.com/mdr.html,23.28,-3.16 %,-0.76,23.59,23.83,23.06,2842500,9.10,24.38
finance/quote.barchart.com/mcd.html,58.36,+1.20 %,+0.69,57.67,58.48,57.50,7063000,50.03,63.35
finance/quote.barchart.com/mhp.html,31.99,+0.25 %,+0.08,31.61,31.99,31.32,1314900,17.10,33.84
finance/quote.barchart.com/mck.html,42.98,-0.16 %,-0.07,42.93,43.16,42.24,2482300,33.04,46.23
finance/quote.barchart.com/medx.html,7.28,-0.27 %,-0.02,7.21,7.39,7.21,1305000,3.40,7.59
finance/quote.barchart.com/mdt.html,33.62,-0.36 %,-0.12,33.62,33.83,33.23,6295900,23.91,36.05
finance/quote.barchart.com/mrk.html,26.08,-0.42 %,-0.11,26.12,27.07,25.68,29772102,19.78,30.71
finance/quote.barchart.com/mdp.html,28.20,-1.40 %,-0.40,28.33,28.47,27.33,307800,10.52,30.10
finance/quote.barchart.com/met.html,31.08,-2.94 %,-0.94,31.95,32.09,30.50,6122300,11.37,37.39
finance/quote.barchart.com/mgm.html,7.13,+2.15 %,+0.15,7.02,7.15,6.71,17987199,1.81,16.89
finance/quote.barchart.com/mtg.html,4.80,-2.24 %,-0.11,4.76,4.94,4.68,1528300,0.70,5.90
finance/quote.barchart.com/mgg.html,21.10,+1.83 %,+0.38,20.68,21.15,20.50,164800,13.43,22.25
finance/quote.barchart.com/mu.html,5.47,-2.15 %,-0.12,5.62,5.62,5.19,18813600,2.55,5.93
finance/quote.barchart.com/msft.html,23.33,+2.19 %,+0.50,22.90,23.38,22.74,50963398,14.78,
finance/quote.barchart.com/mstr.html,48.80,-0.87 %,-0.43,48.84,49.04,48.16,33100,32.45,49.85
finance/quote.barchart.com/mil.html,67.48,-0.15 %,-0.10,67.25,67.62,66.79,383400,49.67,68.22
finance/quote.barchart.com/mmm.html,61.00,+0.69 %,+0.42,60.37,61.00,59.91,3228900,40.52,61.46
finance/quote.barchart.com/molx.html,16.56,-1.84 %,-0.31,16.57,16.74,16.26,928200,9.58,17.32
finance/quote.barchart.com/jpm.html,35.13,+0.54 %,+0.19,34.86,35.44,34.80,41157801,14.94,38.94
finance/quote.barchart.com/mot.html,6.73,-2.04 %,-0.14,6.80,6.81,6.55,14059200,2.98,6.94
finance/quote.barchart.com/mygn.html,37.75,+0.16 %,+0.06,37.39,37.80,37.05,1055700,30.10,47.08
finance/quote.barchart.com/nsm.html,13.59,-6.08 %,-0.88,14.32,14.32,13.20,14956500,8.99,14.91
finance/quote.barchart.com/nav.html,45.89,+0.20 %,+0.09,45.73,46.15,45.00,820400,21.58,47.23
finance/quote.barchart.com/ncr.html,12.74,-1.09 %,-0.14,12.72,12.76,12.31,1724800,6.62,15.24
finance/quote.barchart.com/ntap.html,20.14,+1.10 %,+0.22,19.59,20.16,19.32,8988400,12.39,20.95
finance/quote.barchart.com/nyt.html,6.29,+2.44 %,+0.15,6.40,6.40,6.17,513600,3.44,7.81
finance/quote.barchart.com/nwl.html,10.80,-2.53 %,-0.28,11.03,11.07,10.38,4274500,4.49,12.15
finance/quote.barchart.com/nem.html,42.71,-3.17 %,-1.40,43.20,43.36,42.15,6272000,34.24,49.74
finance/quote.barchart.com/newp.html,6.75,+1.66 %,+0.11,6.43,6.75,6.43,91800,2.93,6.88
finance/quote.barchart.com/gas.html,35.22,+0.63 %,+0.22,34.80,35.36,34.42,420000,27.13,35.85
finance/quote.barchart.com/nke.html,56.61,-0.02 %,-0.01,56.42,56.99,55.65,3871600,38.08,59.69
finance/quote.barchart.com/nok.html,15.68,-1.75 %,-0.28,15.69,15.69,15.35,15665500,8.26,16.58
finance/quote.barchart.com/jwn.html,20.77,+1.22 %,+0.25,20.40,20.84,19.95,3978200,10.98,24.82
finance/quote.barchart.com/nsc.html,41.23,+1.93 %,+0.78,40.39,41.40,40.03,3589200,26.43,49.23
finance/quote.barchart.com/ntrs.html,55.19,-0.29 %,-0.16,55.09,55.49,54.44,1522100,42.86,65.75
finance/quote.barchart.com/noc.html,48.72,+1.14 %,+0.55,47.85,49.02,47.80,1989900,33.51,50.30
finance/quote.barchart.com/novl.html,4.15,+0.24 %,+0.01,4.07,4.18,4.07,3615100,2.97,4.66
finance/quote.barchart.com/nvls.html,18.23,-0.98 %,-0.18,18.19,18.50,17.78,2569500,11.43,19.16
finance/quote.barchart.com/nue.html,47.50,-3.00 %,-1.47,48.20,48.29,47.06,4133800,29.59,49.82
finance/quote.barchart.com/nvda.html,11.51,-0.52 %,-0.06,11.40,11.55,11.14,14874900,7.08,12.39
finance/quote.barchart.com/oxy.html,68.97,-2.35 %,-1.66,69.97,69.97,68.25,5535300,46.97,71.59
finance/quote.barchart.com/odp.html,4.80,-2.64 %,-0.13,4.88,4.91,4.67,6745700,0.59,5.37
finance/quote.barchart.com/omc.html,32.45,-0.28 %,-0.09,32.43,32.57,31.85,1426200,20.00,33.06
finance/quote.barchart.com/oke.html,30.00,-1.12 %,-0.34,30.18,30.18,29.68,633300,17.82,30.85
finance/quote.barchart.com/onvi.html,5.38,-3.06 %,-0.17,5.31,6.15,5.26,11100,2.68,
finance/quote.barchart.com/orcl.html,20.85,-0.43 %,-0.09,20.85,21.00,19.47,23154701,13.77,21.20
finance/quote.barchart.com/osis.html,17.24,unch %,unch,17.18,17.24,16.67,88000,11.01,19.48
finance/quote.barchart.com/oi.html,30.16,-0.03 %,-0.01,29.94,30.33,29.44,2867500,9.53,31.00
finance/quote.barchart.com/pcar.html,33.27,-1.71 %,-0.58,33.91,33.94,32.81,3841300,20.26,36.68
finance/quote.barchart.com/psun.html,3.57,-4.03 %,-0.15,3.74,3.76,3.54,837600,0.72,4.88
finance/quote.barchart.com/ptv.html,21.80,-1.98 %,-0.44,21.98,22.05,21.51,1362500,10.62,25.31
finance/quote.barchart.com/pll.html,27.14,-1.52 %,-0.42,27.47,27.56,26.69,1671000,18.09,29.13
finance/quote.barchart.com/pzza.html,25.10,+0.80 %,+0.20,24.60,25.17,24.41,135200,15.31,29.25
finance/quote.barchart.com/pmtc.html,12.30,+2.76 %,+0.33,11.90,12.30,11.89,1593000,7.18,13.41
finance/quote.barchart.com/ph.html,46.19,-0.04 %,-0.02,45.92,46.20,45.31,1042500,27.54,48.45
finance/quote.barchart.com/payx.html,27.57,-2.65 %,-0.75,27.89,27.97,26.95,5551600,20.08,28.65
finance/quote.barchart.com/pss.html,13.85,+0.22 %,+0.03,13.95,13.95,13.10,1825800,7.11,16.74
finance/quote.barchart.com/cra.html,7.94,-3.52 %,-0.29,8.19,8.38,7.81,593400,5.03,11.71
finance/quote.barchart.com/jcp.html,29.16,+4.44 %,+1.24,27.67,29.24,27.60,5961100,13.59,32.89
finance/quote.barchart.com/psft.html,0.5800,+1.75 %,+0.0100,0.5700,0.5800,0.5700,28000,0.3500,0.6800
finance/quote.barchart.com/pby.html,9.70,-1.92 %,-0.19,9.77,10.08,9.58,2223200,2.61,10.12
finance/quote.barchart.com/pbg.html,33.57,+1.94 %,+0.64,32.89,33.75,32.80,2358400,16.57,34.65
finance/quote.barchart.com/pep.html,53.65,+1.28 %,+0.68,52.85,53.85,52.60,5958300,45.02,55.97
finance/quote.barchart.com/pki.html,17.32,unch %,unch,16.96,17.42,16.96,766000,10.83,17.76
finance/quote.barchart.com/pfe.html,14.76,+0.89 %,+0.13,14.57,15.07,14.51,74231398,11.49,17.89
finance/quote.barchart.com/pcg.html,38.04,+0.74 %,+0.28,37.68,38.26,37.31,2799100,34.14,40.64
finance/quote.barchart.com/mo.html,16.64,-1.25 %,-0.21,16.80,16.89,16.52,19467100,13.95,17.29
finance/quote.barchart.com/phg.html,19.21,-0.83 %,-0.16,19.08,19.26,18.93,551500,13.24,20.44
finance/quote.barchart.com/pnw.html,29.77,+2.27 %,+0.66,28.94,29.96,28.58,1443500,21.89,34.45
finance/quote.barchart.com/pbi.html,22.06,-0.50 %,-0.11,22.10,22.19,21.79,1245800,17.33,26.57
finance/quote.barchart.com/plug.html,1.05,-7.89 %,-0.09,1.13,1.13,1.02,619500,0.68,1.22
finance/quote.barchart.com/pmcs.html,7.76,-4.32 %,-0.35,8.06,8.08,7.67,4396000,4.17,8.51
finance/quote.barchart.com/pnc.html,41.34,-2.57 %,-1.09,42.17,42.67,41.00,6178900,16.15,53.22
finance/quote.barchart.com/rl.html,53.45,-1.96 %,-1.07,53.91,54.25,52.33,1468500,31.60,59.51
finance/quote.barchart.com/pch.html,27.30,+1.49 %,+0.40,26.52,27.44,26.50,643700,17.67,30.83
finance/quote.barchart.com/pwav.html,1.62,+0.62 %,+0.01,1.62,1.65,1.56,979700,0.22,1.68
finance/quote.barchart.com/ppg.html,45.13,-0.70 %,-0.32,45.76,45.76,44.88,2123700,27.84,46.91
finance/quote.barchart.com/ppl.html,33.30,+0.39 %,+0.13,33.08,33.51,32.66,2087700,24.00,34.07
finance/quote.barchart.com/px.html,74.74,-1.54 %,-1.17,75.68,75.68,73.53,1644400,53.00,77.21
finance/quote.barchart.com/pcln.html,115.31,-0.26 %,-0.30,115.29,115.99,113.19,661600,64.95,119.14
finance/quote.barchart.com/pg.html,52.55,+1.04 %,+0.54,51.88,52.77,51.73,10352601,43.56,62.00
finance/quote.barchart.com/pgr.html,15.53,-2.76 %,-0.44,16.09,16.09,15.35,6138100,9.76,17.00
finance/quote.barchart.com/pdli.html,7.91,+1.93 %,+0.15,7.78,7.95,7.74,1492600,5.13,7.98
finance/quote.barchart.com/peg.html,32.54,-0.70 %,-0.23,32.65,32.96,31.97,3378100,23.41,33.60
finance/quote.barchart.com/phm.html,8.82,-0.56 %,-0.05,8.87,8.94,8.63,6032700,7.71,12.90
finance/quote.barchart.com/qlgc.html,13.74,-0.87 %,-0.12,13.77,13.87,13.38,1720500,8.82,14.76
finance/quote.barchart.com/qlti.html,2.46,+1.65 %,+0.04,2.47,2.48,2.37,215700,1.40,2.65
finance/quote.barchart.com/qcom.html,46.05,+0.15 %,+0.07,46.14,46.39,45.08,13899399,32.39,46.47
finance/quote.barchart.com/qsft.html,14.16,+0.85 %,+0.12,13.88,14.21,13.84,557300,10.41,14.78
finance/quote.barchart.com/zqk.html,2.37,-2.07 %,-0.05,2.41,2.45,2.32,1371500,0.91,3.83
finance/quote.barchart.com/rsh.html,15.11,+1.96 %,+0.29,14.91,15.20,14.57,4991800,6.47,
finance/quote.barchart.com/rmbs.html,17.39,+15.24 %,+2.30,16.71,17.81,16.55,9248899,5.99,18.70
finance/quote.barchart.com/rtn.html,45.31,-0.79 %,-0.36,45.57,45.69,44.93,3442700,32.95,52.59
finance/quote.barchart.com/regn.html,16.36,+1.80 %,+0.29,15.93,16.42,15.68,332300,11.81,20.08
finance/quote.barchart.com/rimm.html,83.02,-2.83 %,-2.42,84.77,84.87,82.60,15230400,35.05,86.00
finance/quote.barchart.com/rmd.html,40.11,+1.93 %,+0.76,39.26,40.13,39.01,645900,31.49,43.49
finance/quote.barchart.com/rfmd.html,3.57,+4.08 %,+0.14,3.48,3.59,3.33,9018899,0.73,
finance/quote.barchart.com/rok.html,33.44,+0.30 %,+0.10,32.99,33.44,32.61,791700,17.34,35.23
finance/quote.barchart.com/rdc.html,23.19,-1.90 %,-0.45,23.33,23.33,22.55,2978300,10.28,23.90
finance/quote.barchart.com/r.html,30.39,-2.28 %,-0.71,30.84,31.18,29.53,1011700,18.83,40.58
finance/quote.barchart.com/swy.html,21.26,+1.33 %,+0.28,20.80,21.28,20.80,3925000,17.12,24.15
finance/quote.barchart.com/slab.html,37.86,-1.07 %,-0.41,37.99,37.99,36.99,651600,20.40,39.15
finance/quote.barchart.com/sndk.html,15.55,-0.96 %,-0.15,15.61,15.61,14.88,6994100,7.53,16.72
finance/quote.barchart.com/sanm.html,0.67,+1.52 %,+0.01,0.67,0.68,0.65,1122800,0.18,0.72
finance/quote.barchart.com/sape.html,5.64,+0.18 %,+0.01,5.58,5.71,5.50,485800,3.25,5.74
finance/quote.barchart.com/sle.html,9.01,-0.99 %,-0.09,9.07,9.13,8.95,5668900,6.72,10.37
finance/quote.barchart.com/sgp.html,23.82,-0.46 %,-0.11,23.88,24.43,23.59,13073400,16.12,24.67
finance/quote.barchart.com/slb.html,60.27,-3.07 %,-1.91,60.96,61.19,59.21,11039000,34.92,63.78
finance/quote.barchart.com/sfa.html,7.97,+0.25 %,+0.02,7.98,7.98,7.96,3300,5.12,8.45
finance/quote.barchart.com/see.html,19.12,-0.31 %,-0.06,19.09,19.22,18.80,762700,10.20,21.47
finance/quote.barchart.com/s.html,5.29,+4.13 %,+0.21,5.05,5.44,5.02,63676000,1.83,5.94
finance/quote.barchart.com/sre.html,49.04,+1.26 %,+0.61,48.11,49.15,47.66,1073500,36.09,49.89
finance/quote.barchart.com/shw.html,55.10,-0.25 %,-0.14,55.32,55.45,54.25,1024100,41.92,60.56
finance/quote.barchart.com/sial.html,50.35,-0.94 %,-0.48,50.48,50.75,49.97,852200,31.36,51.41
finance/quote.barchart.com/skx.html,9.58,+0.42 %,+0.04,9.46,9.58,9.37,261600,5.20,13.13
finance/quote.barchart.com/slm.html,8.69,+3.33 %,+0.28,8.40,8.85,8.35,9279900,3.11,12.43
finance/quote.barchart.com/sna.html,32.15,+0.44 %,+0.14,32.01,32.19,31.45,442300,20.30,40.77
finance/quote.barchart.com/sne.html,27.29,-0.47 %,-0.13,27.01,27.34,27.00,384300,15.64,28.22
finance/quote.barchart.com/so.html,30.55,+2.14 %,+0.64,29.94,30.80,29.61,5345700,26.10,36.62
finance/quote.barchart.com/luv.html,6.61,-0.45 %,-0.03,6.63,6.73,6.53,8957800,4.95,9.94
finance/quote.barchart.com/stj.html,37.85,-0.55 %,-0.21,38.00,38.50,37.65,4314200,28.86,40.90
finance/quote.barchart.com/swk.html,37.21,+0.43 %,+0.16,36.68,37.26,36.33,561400,22.41,39.69
finance/quote.barchart.com/spls.html,21.13,+2.87 %,+0.59,20.46,21.16,20.26,11850699,14.28,22.20
finance/quote.barchart.com/sbux.html,14.55,+2.03 %,+0.29,14.17,14.56,14.02,10849600,8.12,15.44
finance/quote.barchart.com/stt.html,47.56,-0.02 %,-0.01,47.18,47.89,46.92,4130700,14.43,49.20
finance/quote.barchart.com/sun.html,26.43,-2.29 %,-0.62,26.59,26.73,26.15,3219800,25.55,46.64
finance/quote.barchart.com/sti.html,16.69,-0.54 %,-0.09,16.68,17.29,16.51,7440500,5.90,29.68
finance/quote.barchart.com/svu.html,16.38,-1.74 %,-0.29,16.55,16.63,16.02,2749200,13.30,19.96
finance/quote.barchart.com/sbl.html,11.59,+0.09 %,+0.01,11.59,11.59,11.59,7000,10.96,11.68
finance/quote.barchart.com/snv.html,3.60,+7.14 %,+0.24,3.30,3.69,3.25,6058900,2.29,8.49
finance/quote.barchart.com/syy.html,23.94,+1.01 %,+0.24,23.69,23.94,23.42,2736900,19.19,24.84
finance/quote.barchart.com/trow.html,43.16,-0.53 %,-0.23,43.21,43.25,42.37,1900900,19.78,44.65
finance/quote.barchart.com/tgt.html,40.38,+2.10 %,+0.83,39.64,40.46,39.01,6898200,24.90,44.90
finance/quote.barchart.com/tlab.html,5.82,-0.85 %,-0.05,5.86,5.91,5.76,4698600,3.52,6.02
finance/quote.barchart.com/tin.html,13.00,+0.54 %,+0.07,12.78,13.00,12.65,1840700,2.35,15.64
finance/quote.barchart.com/thc.html,3.06,-12.32 %,-0.43,3.45,3.45,3.03,17558699,0.78,4.08
finance/quote.barchart.com/ter.html,7.05,-2.08 %,-0.15,7.19,7.19,6.85,4803400,3.24,7.65
finance/quote.barchart.com/txn.html,20.79,-0.24 %,-0.05,20.77,20.81,20.20,15724400,13.62,21.30
finance/quote.barchart.com/txt.html,11.48,+2.23 %,+0.25,11.18,11.55,11.08,3680800,3.55,16.42
finance/quote.barchart.com/ltd.html,12.81,+4.32 %,+0.53,12.32,12.83,12.00,5233400,5.91,13.58
finance/quote.barchart.com/tmo.html,41.79,-0.19 %,-0.08,41.54,42.01,41.29,3079900,30.83,42.47
finance/quote.barchart.com/tnb.html,31.98,-1.78 %,-0.58,32.20,32.20,30.90,378000,19.76,33.06
finance/quote.barchart.com/tibx.html,6.53,-1.80 %,-0.12,6.62,6.69,6.48,1336500,4.38,7.12
finance/quote.barchart.com/tif.html,27.29,-1.83 %,-0.51,27.86,28.08,27.01,3963500,16.56,31.31
finance/quote.barchart.com/tbl.html,14.43,-2.76 %,-0.41,14.71,14.71,13.94,321000,8.75,18.00
finance/quote.barchart.com/tkr.html,18.87,-1.82 %,-0.35,19.10,19.10,18.59,409700,9.83,20.59
finance/quote.barchart.com/tjx.html,30.73,+2.60 %,+0.78,29.80,30.86,29.36,4603200,18.99,31.39
finance/quote.barchart.com/tmk.html,38.29,-2.62 %,-1.03,39.18,39.20,37.74,919000,16.08,46.66
finance/quote.barchart.com/tm.html,78.84,-0.30 %,-0.24,78.65,78.84,78.00,232400,56.79,83.94
finance/quote.barchart.com/rig.html,82.58,-2.45 %,-2.07,83.18,83.67,81.60,4270800,46.11,85.57
finance/quote.barchart.com/yum.html,35.01,+2.37 %,+0.81,34.08,35.05,33.98,3777200,23.22,36.75
finance/quote.barchart.com/tup.html,26.37,-0.72 %,-0.19,26.42,26.61,25.83,452000,10.62,27.63
finance/quote.barchart.com/tyc.html,27.47,-0.40 %,-0.11,27.27,27.62,27.15,2550800,17.10,29.10
finance/quote.barchart.com/usb.html,18.58,+1.20 %,+0.22,18.26,18.63,18.26,16879400,8.04,25.36
finance/quote.barchart.com/un.html,24.61,-2.30 %,-0.58,24.42,24.65,24.27,2944400,16.49,25.49
finance/quote.barchart.com/unp.html,54.36,+2.26 %,+1.20,52.78,54.41,52.66,3951800,33.09,55.45
finance/quote.barchart.com/uis.html,1.48,+2.78 %,+0.04,1.48,1.48,1.40,1575000,0.28,1.64
finance/quote.barchart.com/ups.html,50.53,-2.41 %,-1.25,51.60,51.74,50.08,5606400,37.67,57.40
finance/quote.barchart.com/usm.html,41.01,-0.65 %,-0.27,40.70,41.07,39.83,122100,29.62,47.95
finance/quote.barchart.com/utx.html,55.84,+0.52 %,+0.29,55.34,55.97,54.77,3611600,37.13,56.99
finance/quote.barchart.com/unh.html,24.21,+0.67 %,+0.16,23.80,24.43,23.48,15141301,16.16,30.21
finance/quote.barchart.com/uvv.html,36.89,-1.42 %,-0.53,37.36,37.47,36.53,170500,24.99,38.80
finance/quote.barchart.com/unm.html,16.86,-0.88 %,-0.15,16.96,16.96,16.47,2619700,7.57,20.31
finance/quote.barchart.com/mro.html,32.42,-1.28 %,-0.42,32.18,32.52,31.93,5648800,20.01,33.58
finance/quote.barchart.com/x.html,39.32,-6.00 %,-2.51,40.92,41.17,38.80,26732699,16.64,43.15
finance/quote.barchart.com/utsi.html,1.93,-10.23 %,-0.22,2.01,2.09,1.90,782900,0.63,2.43
finance/quote.barchart.com/vrsn.html,19.24,unch %,unch,19.24,19.40,18.92,4018100,16.89,24.88
finance/quote.barchart.com/vz.html,29.92,+0.57 %,+0.17,29.69,30.06,29.61,22900201,25.74,33.79
finance/quote.barchart.com/vrts.html,15.67,+1.23 %,+0.19,15.80,15.80,15.30,6000,3.78,16.70
finance/quote.barchart.com/vfc.html,58.40,-1.53 %,-0.91,59.19,59.33,58.15,1223900,45.61,69.03
finance/quote.barchart.com/via.html,25.00,-0.24 %,-0.06,24.77,25.02,24.33,59500,14.46,25.49
finance/quote.barchart.com/vod.html,19.00,+0.32 %,+0.06,18.88,19.05,18.72,1811100,14.84,21.14
finance/quote.barchart.com/vmc.html,47.20,+10.54 %,+4.50,42.93,47.21,42.93,13891000,33.91,69.62
finance/quote.barchart.com/wag.html,31.18,+0.81 %,+0.25,30.84,31.18,30.58,4511600,21.31,32.08
finance/quote.barchart.com/wmt.html,49.84,+1.05 %,+0.52,49.35,49.86,49.21,15338600,45.75,56.88
finance/quote.barchart.com/wmi.html,28.60,+0.14 %,+0.04,28.48,28.67,28.19,2111400,21.87,33.24
finance/quote.barchart.com/wpi.html,29.91,+0.20 %,+0.06,29.77,30.01,29.35,830300,23.05,32.95
finance/quote.barchart.com/wlp.html,46.72,+2.48 %,+1.13,45.46,47.70,45.15,4596500,29.32,49.41
finance/quote.barchart.com/wfc.html,25.48,+1.84 %,+0.46,24.92,25.50,24.78,49002996,7.79,29.85
finance/quote.barchart.com/wen.html,3.98,+0.25 %,+0.01,3.95,4.13,3.83,18740400,3.63,5.77
finance/quote.barchart.com/wy.html,34.18,-1.04 %,-0.36,34.16,34.30,33.51,1369200,18.54,37.93
finance/quote.barchart.com/whr.html,43.73,+2.03 %,+0.87,42.37,43.73,41.97,1579700,19.00,49.46
finance/quote.barchart.com/wmb.html,17.31,-1.87 %,-0.33,17.47,17.57,17.20,5026100,9.37,17.93
finance/quote.barchart.com/wor.html,14.85,-2.17 %,-0.33,15.04,15.23,14.31,580500,6.91,16.07
finance/quote.barchart.com/wwe.html,13.59,+0.52 %,+0.07,13.46,13.59,13.14,121300,8.44,13.89
finance/quote.barchart.com/xrx.html,6.98,-0.29 %,-0.02,6.97,7.14,6.80,5265600,4.09,9.18
finance/quote.barchart.com/xlnx.html,20.91,-2.43 %,-0.52,21.28,21.39,20.44,9045700,14.77,22.07
finance/quote.barchart.com/yhoo.html,16.40,+1.30 %,+0.21,16.17,16.47,16.10,16971600,10.81,16.99
finance/quote.barchart.com/zigo.html,5.44,-4.56 %,-0.26,5.67,5.72,5.33,24600,3.06,7.93
