url,NUMBER : value,NUMBER : open,NUMBER : high,NUMBER : low,NUMBER : volume,NUMBER : 52wk high,NUMBER : 52wk low
finance/quotes.freerealtime.com/COMS.html,5.03,5.08,5.11,4.83,"4,348,828",5.22,1.43
finance/quotes.freerealtime.com/KDE.html,1.92,1.90,1.96,1.90,"7,121",9.59,1.01
finance/quotes.freerealtime.com/ABT.html,45.42,44.47,46,44.47,"10,284,431",60.78,41.27
finance/quotes.freerealtime.com/ANF.html,27.58,26.47,27.65,26.07,"3,522,094",71.24,13.66
finance/quotes.freerealtime.com/ADPT.html,2.63,2.57,2.63,2.52,"427,365",4.24,2.20
finance/quotes.freerealtime.com/ADBE.html,30.15,30.60,30.6699,29.61,"5,478,513",46.44,15.70
finance/quotes.freerealtime.com/AMD.html,4.47,4.75,4.79,4.33,"39,939,436",7.94,1.62
finance/quotes.freerealtime.com/ADVS.html,31.23,30.94,31.50,30.62,"144,114",49.32,17.51
finance/quotes.freerealtime.com/AES.html,10.69,10.36,10.79,10.21,"7,467,654",20.80,4.80
finance/quotes.freerealtime.com/AET.html,22.97,23.25,23.70,22.47,"6,426,512",45.40,14.2101
finance/quotes.freerealtime.com/AFFX.html,6.64,6.70,6.79,6.35,"862,088",12.05,1.78
finance/quotes.freerealtime.com/AFL.html,32.81,33.54,33.72,32.51,"3,767,843",68,10.83
finance/quotes.freerealtime.com/A.html,19.36,19.67,19.67,18.94,"2,627,609",38,12.02
finance/quotes.freerealtime.com/APD.html,67.99,68.04,68.32,67.12,"1,548,455",104.75,41.46
finance/quotes.freerealtime.com/AKAM.html,22.86,22.85,22.88,22.3399,"2,592,432",37.15,9.25
finance/quotes.freerealtime.com/ACV.html,24.41,24.23,24.46,24.09,"309,915",29.40,19.32
finance/quotes.freerealtime.com/AL.html,0.48,0,0,0,0,2.30,0.06
finance/quotes.freerealtime.com/AA.html,11.99,12.11,12.14,11.80,"35,796,554",40.28,4.97
finance/quotes.freerealtime.com/ATI.html,41.88,42.55,42.66,41.36,"1,810,562",67.15,15
finance/quotes.freerealtime.com/AGN.html,46.28,44.37,46.28,44.30,"2,338,599",61.72,28.95
finance/quotes.freerealtime.com/ALL.html,24.85,24.87,25.01,24.60,"3,914,272",50.47,13.77
finance/quotes.freerealtime.com/ALTR.html,16.75,17.23,17.25,16.55,"11,648,814",24.19,12.99
finance/quotes.freerealtime.com/AMZN.html,84.08,85.03,85.20,82.01,"6,223,054",91.75,34.68
finance/quotes.freerealtime.com/AEP.html,28,27.28,28.16,27.03,"4,370,711",43.37,24
finance/quotes.freerealtime.com/AM.html,7.45,7.43,7.50,7.08,"248,593",18.57,3.24
finance/quotes.freerealtime.com/AIG.html,1.61,1.61,1.62,1.55,"32,807,608",34.79,0.33
finance/quotes.freerealtime.com/AHC.html,1.17,1.12,1.20,1.10,"37,124",8.19,0.5926
finance/quotes.freerealtime.com/AEE.html,24.41,24.09,24.61,23.89,"1,382,995",43.825,19.51
finance/quotes.freerealtime.com/AXP.html,25.16,25.39,25.69,24.83,"14,797,428",45.82,9.71
finance/quotes.freerealtime.com/AMTD.html,17.54,17.67,17.86,17.32,"3,959,090",23.4857,9.34
finance/quotes.freerealtime.com/AMGN.html,50.40,49.6066,50.70,49.34,"6,803,490",66.51,42.95
finance/quotes.freerealtime.com/AMR.html,4.55,4.55,4.69,4.50,"5,066,781",13.41,2.40
finance/quotes.freerealtime.com/ASO.html,21.27,21.0301,21.27,21.03,0,28.40,12.17
finance/quotes.freerealtime.com/APC.html,50.57,50.12,50.63,49.38,"4,804,500",81.02,24.57
finance/quotes.freerealtime.com/ADI.html,25.40,25.77,25.82,25.20,"4,751,635",34.59,15.29
finance/quotes.freerealtime.com/TWX.html,26,26.05,26.13,25.53,"6,452,605",26.83,6.95
finance/quotes.freerealtime.com/AOC.html,36.99,36.81,37.07,36.41,"2,114,287",50,32.83
finance/quotes.freerealtime.com/APA.html,84.20,84.33,84.92,83.43,"2,649,488",145,51.03
finance/quotes.freerealtime.com/AAPL.html,136.97,138.81,139.10,136.04,"20,110,176",182.60,78.20
finance/quotes.freerealtime.com/AMAT.html,11.23,11.19,11.24,10.97,"17,011,098",20.90,7.80
finance/quotes.freerealtime.com/AMCC.html,7.75,8.14,8.14,7.65,"631,579",9.70,3.0101
finance/quotes.freerealtime.com/ADM.html,28.71,28.84,28.85,28.44,"3,115,122",36.60,13.53
finance/quotes.freerealtime.com/ARIA.html,1.86,1.92,1.9292,1.84,"385,766",3.55,0.72
finance/quotes.freerealtime.com/ARBA.html,10.60,10.48,10.65,10.44,"414,494",18.58,6
finance/quotes.freerealtime.com/ARW.html,22.38,22.95,23.14,21.94,"1,296,537",36,11.74
finance/quotes.freerealtime.com/ASH.html,27.36,27.90,28.02,26.6827,"1,495,080",54.90,5.35
finance/quotes.freerealtime.com/T.html,25.01,24.65,25.05,24.59,"27,041,071",36.80,20.90
finance/quotes.freerealtime.com/ADSK.html,22.24,22.12,22.33,21.82,"2,090,230",39.89,11.70
finance/quotes.freerealtime.com/ADP.html,37.29,37.27,37.48,36.60,"2,370,223",45.97,30.83
finance/quotes.freerealtime.com/AZO.html,155.50,153.55,155.98,151.59,"774,146",169.9899,84.66
finance/quotes.freerealtime.com/AVY.html,27.94,27.51,28.01,27.36,"568,803",55,17.02
finance/quotes.freerealtime.com/AVA.html,16.45,16.11,16.49,15.92,"370,616",23.58,12.67
finance/quotes.freerealtime.com/AVP.html,26.61,26.43,26.82,26.34,"2,415,917",45.34,14.40
finance/quotes.freerealtime.com/BHI.html,41.72,41.75,41.88,41.17,"3,882,310",90.48,24.40
finance/quotes.freerealtime.com/BLL.html,43,42.99,43.13,42,"1,455,491",53.44,27.37
finance/quotes.freerealtime.com/BAC.html,13.72,13.30,13.93,13.23,"448,295,799",39.50,2.53
finance/quotes.freerealtime.com/BK.html,29.02,28.94,29.02,28.48,"6,086,762",43,15.67
finance/quotes.freerealtime.com/BCR.html,74.05,73.85,74.955,73.25,"619,986",101.61,68.94
finance/quotes.freerealtime.com/BKS.html,23.32,22.90,23.42,22.53,"756,543",33.64,10.77
finance/quotes.freerealtime.com/ABX.html,33.99,33.61,34.23,33.35,"8,841,186",52.48,17.27
finance/quotes.freerealtime.com/BAX.html,49.53,47.76,50.48,47.08,"10,086,604",71.53,45.46
finance/quotes.freerealtime.com/BBT.html,23.14,22.50,23.19,22.45,"6,552,050",45.31,12.90
finance/quotes.freerealtime.com/BCE.html,21.59,21.91,21.94,21.49,"1,200,802",39.13,16.85
finance/quotes.freerealtime.com/BSC.html,8.744,8.92,9.44,8.34,0,12.83,3.06
finance/quotes.freerealtime.com/BDX.html,68.35,67.72,68.87,67.72,"1,323,767",89.24,58.14
finance/quotes.freerealtime.com/BBBY.html,28.36,27.68,28.41,27.23,"5,167,841",34,16.2336
finance/quotes.freerealtime.com/BMS.html,25,25.30,25.39,24.82,"590,137",29.70,16.85
finance/quotes.freerealtime.com/BBY.html,38.55,37.13,38.69,36.90,"7,140,872",47.50,16.42
finance/quotes.freerealtime.com/BBH.html,91.68,90.91,92.27,90.69,"54,400",205.67,84.55
finance/quotes.freerealtime.com/BDK.html,30.95,31.04,31.06,30.23,"763,251",69.50,20.10
finance/quotes.freerealtime.com/HRB.html,15.69,15.66,15.80,15.35,"1,540,981",27.97,13.73
finance/quotes.freerealtime.com/BBI.html,0.87,0.9089,0.9089,0.86,"1,258,709",3.19,0.13
finance/quotes.freerealtime.com/BMC.html,35.39,34.88,35.48,34.71,"1,466,804",38.84,20.58
finance/quotes.freerealtime.com/BA.html,51.44,50.76,51.56,50.11,"5,476,628",77.80,29.05
finance/quotes.freerealtime.com/BSX.html,9.37,9.45,9.50,9.17,"7,202,153",14.20,5.41
finance/quotes.freerealtime.com/BP.html,51.20,50.94,51.24,50.575,"4,970,474",70.09,33.70
finance/quotes.freerealtime.com/BGG.html,15.88,15.92,16,15.59,"228,683",21.51,11.13
finance/quotes.freerealtime.com/BMY.html,19.81,19.90,20,19.67,"10,685,361",23.98,16
finance/quotes.freerealtime.com/BSY.html,29.19,29.12,29.20,28.85,"23,021",42,19.90
finance/quotes.freerealtime.com/BRCM.html,26.30,26.67,26.67,25.66,"9,430,048",29.91,12.98
finance/quotes.freerealtime.com/BRCD.html,7.80,7.76,7.92,7.59,"19,337,172",9.09,2.05
finance/quotes.freerealtime.com/BC.html,4.32,4.33,4.37,4.19,"449,912",16.64,1.82
finance/quotes.freerealtime.com/BNI.html,77.36,75.34,77.70,75.13,"2,700,887",110.04,50.86
finance/quotes.freerealtime.com/BR.html,17.18,17.16,17.22,16.93,"604,471",23,9.21
finance/quotes.freerealtime.com/CPN.html,11.82,11.79,11.8675,11.35,"2,921,785",23.08,4.76
finance/quotes.freerealtime.com/CPB.html,29.10,29,29.30,28.80,"1,863,922",40.85,24.63
finance/quotes.freerealtime.com/COF.html,23.94,24.50,24.50,23.72,"8,252,934",63.50,7.80
finance/quotes.freerealtime.com/CAH.html,30.96,30.86,31.43,30.67,"3,244,338",56.45,27.75
finance/quotes.freerealtime.com/CCL.html,24.17,24.11,24.20,23.58,"5,108,393",42.39,14.85
finance/quotes.freerealtime.com/CAT.html,37.73,37.47,37.77,37.02,"8,567,660",82.35,21.71
finance/quotes.freerealtime.com/CRA.html,7.94,8.19,8.38,7.81,"593,460",17.56,5.03
finance/quotes.freerealtime.com/CELG.html,43.23,43.64,43.64,42.68,"3,608,868",77.39,36.90
finance/quotes.freerealtime.com/CTX.html,8.48,8.54,8.55,8.26,"3,757,867",18.71,4.91
finance/quotes.freerealtime.com/CTL.html,32.06,32.38,32.38,31.40,"2,082,026",40.35,20.45
finance/quotes.freerealtime.com/CF.html,82.50,82.13,83.71,80.98,"1,108,534",172.99,37.71
finance/quotes.freerealtime.com/CHKP.html,24.09,23.83,24.17,23.69,"2,498,838",25.74,16.80
finance/quotes.freerealtime.com/CVX.html,72.67,71.19,72.75,70.69,"13,931,638",100.90,29.325
finance/quotes.freerealtime.com/CHL.html,52.98,52.67,53.03,52.26,"1,614,648",71.70,34.33
finance/quotes.freerealtime.com/CHINA.html,1.66,1.64,1.66,1.57,"674,378",3.17,0.65
finance/quotes.freerealtime.com/CB.html,40.82,41.20,41.24,40.56,"1,571,125",69.39,33.47
finance/quotes.freerealtime.com/CI.html,20.89,20.63,21.16,20.21,"4,074,970",44.14,8
finance/quotes.freerealtime.com/CINF.html,23.84,23.86,24.15,23.695,"709,727",35,17.06
finance/quotes.freerealtime.com/CSCO.html,19.91,19.93,20,19.63,"41,372,311",26.695,13.61
finance/quotes.freerealtime.com/C.html,3.47,3.47,3.55,3.44,"139,079,006",23.50,0.97
finance/quotes.freerealtime.com/CTXS.html,34.10,33.24,34.19,32.80,"4,170,314",34.41,19
finance/quotes.freerealtime.com/CCU.html,35.69,33.91,35.99,33.85,"81,372",36,22.54
finance/quotes.freerealtime.com/CLX.html,56.39,54.60,56.49,54.36,"3,982,400",65,45.67
finance/quotes.freerealtime.com/CMS.html,12.30,11.99,12.37,11.90,"5,084,916",15.89,8.33
finance/quotes.freerealtime.com/COKE.html,56.35,56.72,56.72,55.67,"9,355",57.11,31.41
finance/quotes.freerealtime.com/KO.html,48.89,48.68,49.04,48.48,"8,620,310",57.59,37.44
finance/quotes.freerealtime.com/CCE.html,17.18,17.32,17.40,17.07,"2,736,160",19.60,7.25
finance/quotes.freerealtime.com/CL.html,71.38,69.96,72,69.79,"3,068,588",80.49,54.36
finance/quotes.freerealtime.com/CMCSK.html,13.73,13.69,13.75,13.39,"4,576,784",22.37,10.33
finance/quotes.freerealtime.com/CMA.html,22.63,22.84,23.15,22.38,"1,960,754",42,11.72
finance/quotes.freerealtime.com/CA.html,17.73,17.69,17.99,17.46,"3,595,606",24.67,12
finance/quotes.freerealtime.com/CSC.html,44.99,45.06,45.12,44.095,"1,133,822",49.37,23.93
finance/quotes.freerealtime.com/CPWR.html,7.43,7.44,7.66,7.305,"2,904,081",11.91,5.08
finance/quotes.freerealtime.com/CMVT.html,7.60,7.50,7.70,7.50,"165,015",18.94,4.98
finance/quotes.freerealtime.com/CAG.html,19.46,19.52,19.69,19.34,"4,408,301",23.505,13.52
finance/quotes.freerealtime.com/ED.html,37.08,36.49,37.15,36.1301,"1,755,160",46.39,32.56
finance/quotes.freerealtime.com/CEG.html,27.23,26.90,27.47,26.70,"3,096,042",87.04,13
finance/quotes.freerealtime.com/CAL.html,9.09,9.25,9.46,9.05,"4,564,492",21.83,5.91
finance/quotes.freerealtime.com/CVG.html,9.28,9.40,9.40,9.1508,"555,634",16.99,4.02
finance/quotes.freerealtime.com/CBE.html,34.13,34.24,34.26,33.67,"2,088,234",49.64,18.86
finance/quotes.freerealtime.com/CTB.html,9.22,9.88,9.88,8.95,"1,237,578",12.15,2.96
finance/quotes.freerealtime.com/GLW.html,15.89,15.82,15.90,15.41,"10,949,120",27.56,7.36
finance/quotes.freerealtime.com/COST.html,47.03,46.35,47.10,45.96,"4,735,611",74.89,38.1701
finance/quotes.freerealtime.com/CR.html,24.06,24.59,24.59,23.8233,"365,530",42.94,10.87
finance/quotes.freerealtime.com/CREE.html,28.74,29.31,29.36,28.30,"1,424,633",31.75,12.57
finance/quotes.freerealtime.com/CCK.html,23.25,23.61,23.62,23.01,"1,741,720",29.60,13.37
finance/quotes.freerealtime.com/CSX.html,36.52,35.13,36.5726,34.7654,"8,478,100",69.50,20.70
finance/quotes.freerealtime.com/CRGN.html,1.38,1.37,1.39,1.35,"545,924",1.48,0.41
finance/quotes.freerealtime.com/CVS.html,30.35,30.08,30.36,29.90,"7,274,355",42.78,23.19
finance/quotes.freerealtime.com/DCX.html,7.88,7.98,7.98,7.88,0,10.71,4.47
finance/quotes.freerealtime.com/DHR.html,62.77,63.03,63.03,62,"1,456,590",85,47.20
finance/quotes.freerealtime.com/DRI.html,33.80,32.84,33.83,32.67,"2,024,967",41.21,13.21
finance/quotes.freerealtime.com/DE.html,44.77,44.68,44.78,43.70,"3,587,279",81.22,24.51
finance/quotes.freerealtime.com/DELL.html,13.39,13.22,13.40,13.05,"25,270,320",26.04,7.84
finance/quotes.freerealtime.com/DAL.html,6.40,6.68,6.74,6.37,"11,727,463",12.65,3.51
finance/quotes.freerealtime.com/DEL.html,38.57,37.60,38.85,37.09,"40,765",75.08,26.9375
finance/quotes.freerealtime.com/DLX.html,14.71,14.99,14.99,14.26,"222,798",21.13,6.20
finance/quotes.freerealtime.com/DIA.html,88.31,87.60,88.33,87.37,"12,743,832",123.43,64.78
finance/quotes.freerealtime.com/DDS.html,10.04,9.59,10.08,9.46,"755,492",15.37,2.50
finance/quotes.freerealtime.com/DIS.html,25.06,25.03,25.39,24.52,"7,332,339",34.85,15.14
finance/quotes.freerealtime.com/DLTR.html,43.29,43.36,43.70,42.56,"1,171,711",46.735,27.6111
finance/quotes.freerealtime.com/D.html,33.39,32.88,33.52,32.44,"3,535,508",48.50,27.149
finance/quotes.freerealtime.com/DOV.html,36.16,35.86,36.16,35.35,"1,419,848",52.43,21.79
finance/quotes.freerealtime.com/DOW.html,17.34,17.32,17.50,17.05,"9,925,352",39.99,5.89
finance/quotes.freerealtime.com/DTE.html,31.96,31.30,32.10,31.15,"908,450",44.97,23.32
finance/quotes.freerealtime.com/DUK.html,14.67,14.41,14.76,14.25,"14,473,344",19.10,11.72
finance/quotes.freerealtime.com/DNB.html,83.55,83.46,83.70,82.55,"229,914",98.90,64
finance/quotes.freerealtime.com/DD.html,27,27.04,27.24,26.61,"7,121,153",48.22,16.05
finance/quotes.freerealtime.com/ELNK.html,7.77,7.88,7.90,7.65,"726,400",10.16,5.52
finance/quotes.freerealtime.com/EMN.html,40.65,41.31,41.31,40.13,"742,733",75.81,17.76
finance/quotes.freerealtime.com/EK.html,2.95,2.85,2.96,2.782,"2,773,119",17.71,2.01
finance/quotes.freerealtime.com/ETN.html,49.18,48.50,49.22,48.04,"1,024,801",97.93,30.02
finance/quotes.freerealtime.com/EBAY.html,17.80,17.94,17.95,17.45,"10,883,867",29.33,9.91
finance/quotes.freerealtime.com/ELON.html,8.06,7.77,8.0895,7.66,"158,998",15.74,4.92
finance/quotes.freerealtime.com/DISH.html,15.33,15.50,15.71,14.99,"3,887,215",34.34,8.34
finance/quotes.freerealtime.com/ECL.html,38.69,38.21,38.80,37.94,"1,602,171",52.16,29.27
finance/quotes.freerealtime.com/EIX.html,32.49,31.72,32.52,31.23,"3,656,784",53.065,23.09
finance/quotes.freerealtime.com/ERTS.html,21.93,21.80,22.035,21.60,"5,139,125",50.17,14.24
finance/quotes.freerealtime.com/EMC.html,13.26,13.01,13.28,12.74,"21,410,091",16.67,8.25
finance/quotes.freerealtime.com/EMR.html,35.07,34.80,35.08,34.33,"3,594,187",56.41,24.39
finance/quotes.freerealtime.com/EC.html,24.77,24.42,25,24.41,"19,271",27.85,13.90
finance/quotes.freerealtime.com/ETR.html,78.24,75.82,78.667,74.95,"1,600,896",123.14,59.87
finance/quotes.freerealtime.com/ENZ.html,5.49,5.41,5.49,5.30,"81,914",14.90,2.70
finance/quotes.freerealtime.com/EFX.html,27.29,27.07,27.29,26.73,"1,170,331",37.29,19.38
finance/quotes.freerealtime.com/XOM.html,73.78,73.43,74.16,73.10,"21,698,405",89.63,56.51
finance/quotes.freerealtime.com/FRE.html,0.70,0.7005,0.71,0.69,"4,772,987",24.23,0.25
finance/quotes.freerealtime.com/FNM.html,0.66,0.6617,0.67,0.65,"10,702,263",25.99,0.30
finance/quotes.freerealtime.com/FDX.html,54.39,55.75,56.22,53.63,"3,844,319",96.99,34.02
finance/quotes.freerealtime.com/FITB.html,8.03,7.75,8.03,7.74,"22,625,444",19,1.01
finance/quotes.freerealtime.com/FE.html,40.48,39.01,40.60,38.56,"4,120,716",84,35.26
finance/quotes.freerealtime.com/FLEX.html,4.40,4.58,4.60,4.35,"4,894,772",10.99,1.23
finance/quotes.freerealtime.com/FLR.html,53.85,53.22,53.85,52.80,"2,637,308",101.365,28.60
finance/quotes.freerealtime.com/FMC.html,52.45,52.59,52.81,52.02,"841,536",80.23,28.53
finance/quotes.freerealtime.com/F.html,6.11,6.01,6.15,5.92,"54,584,184",6.75,1.01
finance/quotes.freerealtime.com/FO.html,37.03,36.89,37.13,36.26,"857,798",66.72,17.675
finance/quotes.freerealtime.com/FOSL.html,23.12,23.50,23.64,22.663,"478,718",33.36,11
finance/quotes.freerealtime.com/FPL.html,57.39,56.33,57.90,55.72,"1,827,107",68.76,33.81
finance/quotes.freerealtime.com/BEN.html,75.99,76.60,76.89,74.64,"1,060,548",109,37.11
finance/quotes.freerealtime.com/FCX.html,58.51,59.40,60.27,58.09,"17,173,569",126.64,15.70
finance/quotes.freerealtime.com/FCEL.html,4.59,4.63,4.77,4.50,"659,644",8.83,1.98
finance/quotes.freerealtime.com/GCI.html,4.22,4.25,4.27,4.1499,"2,597,449",26.42,1.85
finance/quotes.freerealtime.com/GPS.html,16.37,16.52,16.61,15.90,"8,544,065",20.80,9.41
finance/quotes.freerealtime.com/GD.html,59.76,59.17,60.03,58.63,"1,535,783",94.41,35.28
finance/quotes.freerealtime.com/GE.html,13.51,13.45,13.52,13.29,"57,438,407",30.39,5.7279
finance/quotes.freerealtime.com/GIS.html,54.92,54.63,55.11,54.21,"1,818,304",72.01,46.37
finance/quotes.freerealtime.com/OSCI.html,0.27,0.251,0.315,0.2508,"32,202,381",1.80,0.061
finance/quotes.freerealtime.com/GPC.html,33.79,33.75,33.97,33.43,"717,800",44.20,24.93
finance/quotes.freerealtime.com/G.html,11.26,11.15,11.26,10.87,"193,096",15.70,6.30
finance/quotes.freerealtime.com/GR.html,53.36,51.72,53.36,51.54,"1,440,325",55.34,25.11
finance/quotes.freerealtime.com/GT.html,12.41,12.97,13.05,12.17,"5,454,284",23.14,3.17
finance/quotes.freerealtime.com/GOOG.html,424.84,426.86,427.70,421.21,"2,918,429",579.10,247.30
finance/quotes.freerealtime.com/GRA.html,13.48,13.58,13.70,13.28,"230,234",28.094,2.95
finance/quotes.freerealtime.com/GWW.html,83.81,83.84,83.96,82.91,"836,313",93.99,58.86
finance/quotes.freerealtime.com/GAP.html,4.98,4.79,5,4.76,"586,795",25.39,3.01
finance/quotes.freerealtime.com/GES.html,26.56,26.23,26.67,25.35,"2,319,573",43.126,10.26
finance/quotes.freerealtime.com/HAL.html,23.99,23.75,24.13,23.60,"15,072,420",55.38,12.80
finance/quotes.freerealtime.com/HIG.html,12.95,13.50,13.60,12.80,"20,403,412",73.89,3.33
finance/quotes.freerealtime.com/HAS.html,25.09,25.49,25.65,24.74,"3,273,163",41.68,21.14
finance/quotes.freerealtime.com/HLTH.html,11.92,11.68,12.01,11.62,"556,532",12.70,6.80
finance/quotes.freerealtime.com/HNZ.html,36.32,36.12,36.46,35.84,"2,037,039",53,30.51
finance/quotes.freerealtime.com/HP.html,34.92,35.11,35.13,33.86,"1,424,822",77.24,17.01
finance/quotes.freerealtime.com/HSY.html,35.39,35.01,35.45,34.90,"580,972",44.32,30.27
finance/quotes.freerealtime.com/HD.html,24.15,24.19,24.24,23.8298,"18,283,987",30.74,17.05
finance/quotes.freerealtime.com/HMC.html,28.86,28.82,28.89,28.51,"656,521",36.29,17.35
finance/quotes.freerealtime.com/HON.html,35.41,35.60,35.67,35.0475,"4,422,483",56.88,23.06
finance/quotes.freerealtime.com/HOTT.html,7.14,7.27,7.30,6.95,"1,741,202",13.87,4.61
finance/quotes.freerealtime.com/HGSI.html,2.89,2.89,3,2.765,"9,788,301",8,0.45
finance/quotes.freerealtime.com/HUM.html,29.41,28.90,29.63,28.44,"1,926,098",51.39,18.57
finance/quotes.freerealtime.com/HBAN.html,4.15,4.11,4.26,4.11,"24,840,740",13.50,1
finance/quotes.freerealtime.com/ITW.html,38.08,37.73,38.1903,37.28,"3,334,496",51,25.60
finance/quotes.freerealtime.com/RX.html,13.29,12.45,13.35,12.33,"3,759,504",23.93,9.625
finance/quotes.freerealtime.com/N.html,11.84,11.25,11.91,11.15,"167,786",22.25,5.43
finance/quotes.freerealtime.com/INCY.html,3.33,3.35,3.44,3.23,"1,079,243",10.42,1.85
finance/quotes.freerealtime.com/INSP.html,7.21,7.10,7.28,7,"99,360",11.94,5.07
finance/quotes.freerealtime.com/INFY.html,37.12,36.55,37.13,36.30,"1,814,687",47.41,21.10
finance/quotes.freerealtime.com/IR.html,23.06,22.74,23.06,22.44,"4,848,617",41.14,11.46
finance/quotes.freerealtime.com/INTC.html,16.31,16.24,16.31,16.02,"47,625,571",24.75,12.05
finance/quotes.freerealtime.com/ICGE.html,6.07,6.01,6.13,5.97,"145,743",9.84,3.04
finance/quotes.freerealtime.com/IPG.html,6,5.92,6,5.83,"2,966,249",9.69,2.57
finance/quotes.freerealtime.com/ISIL.html,13.02,13.25,13.25,12.77,"2,250,109",27.34,7.18
finance/quotes.freerealtime.com/IBM.html,108.21,108.40,109.28,107.75,"7,250,917",130.93,69.50
finance/quotes.freerealtime.com/IFF.html,32.96,33,33.15,32.55,"625,251",45.21,24.72
finance/quotes.freerealtime.com/IP.html,15.81,15.41,15.85,15.005,"5,700,002",31.07,3.93
finance/quotes.freerealtime.com/INTU.html,28.64,28.34,28.64,28.01,"2,289,884",32,20.183
finance/quotes.freerealtime.com/ITT.html,46.66,45.95,46.73,45.55,"1,300,741",69.73,31.94
finance/quotes.freerealtime.com/JBL.html,7.55,7.57,7.61,7.40,"2,254,353",18.78,3.10
finance/quotes.freerealtime.com/JKHY.html,19.09,19.02,19.12,18.83,"388,395",24.45,14.29
finance/quotes.freerealtime.com/JNJ.html,56.06,55.88,56.54,55.72,"11,882,289",72.76,46.25
finance/quotes.freerealtime.com/JCI.html,21.57,21.90,21.91,21.09,"5,372,819",36,8.35
finance/quotes.freerealtime.com/JNPR.html,23.87,23.58,23.93,23.43,"6,592,309",27.65,12.43
finance/quotes.freerealtime.com/KBH.html,14.09,14.36,14.50,13.82,"3,030,621",25.43,6.90
finance/quotes.freerealtime.com/KEI.html,3.99,4.40,4.51,3.99,"46,380",10.65,1.86
finance/quotes.freerealtime.com/K.html,44.55,43.85,44.61,43.50,"1,921,859",58.51,35.64
finance/quotes.freerealtime.com/KEY.html,6.12,5.97,6.17,5.92,"24,963,592",18.48,4.40
finance/quotes.freerealtime.com/KEYN.html,8.73,8.41,8.881,8.20,"27,648",14.31,6.34
finance/quotes.freerealtime.com/KMB.html,52.73,52.16,52.95,52.15,"1,480,322",66.66,43.05
finance/quotes.freerealtime.com/KLAC.html,25.88,26.36,26.57,25.41,"5,033,448",43.06,14.81
finance/quotes.freerealtime.com/KSS.html,46.59,46.33,46.68,45.15,"3,469,365",56,24.28
finance/quotes.freerealtime.com/KKD.html,3.44,3.38,3.45,3.31,"335,303",5.65,1.01
finance/quotes.freerealtime.com/KR.html,21.72,21.85,21.898,21.49,"6,422,818",30.99,19.39
finance/quotes.freerealtime.com/KSWS.html,8.86,8.88,8.91,8.51,"69,328",20.76,6.44
finance/quotes.freerealtime.com/KYO.html,76.94,77.15,77.29,76.45,"160,836",100.78,45.41
finance/quotes.freerealtime.com/LRCX.html,25.64,25.74,26.02,24.81,"1,990,920",40.42,14.72
finance/quotes.freerealtime.com/LEG.html,15.50,15.69,15.76,15.215,"1,531,566",24.595,10.03
finance/quotes.freerealtime.com/LXK.html,16.27,16.34,16.54,16.12,"1,431,131",37.01,14.815
finance/quotes.freerealtime.com/LLY.html,34.29,34.39,34.84,34.07,"5,266,112",49.78,27.21
finance/quotes.freerealtime.com/LNC.html,17.75,18.70,18.77,17.20,"8,809,006",59.99,4.76
finance/quotes.freerealtime.com/LLTC.html,23.58,23.80,23.80,23.03,"3,893,778",34.49,17.69
finance/quotes.freerealtime.com/LIZ.html,4.63,4.99,4.99,4.54,"1,680,533",20.14,1.46
finance/quotes.freerealtime.com/LMT.html,82.77,81.69,82.88,81.61,"2,313,572",120.30,57.41
finance/quotes.freerealtime.com/LPX.html,4.42,4.23,4.42,4.18,"1,445,798",11.75,1.03
finance/quotes.freerealtime.com/LOW.html,19.85,19.86,19.93,19.54,"11,532,373",28.49,13
finance/quotes.freerealtime.com/MAR.html,24.01,23.89,24.20,23.63,"3,268,928",30.27,11.8816
finance/quotes.freerealtime.com/MMC.html,20.64,20.55,20.66,20.30,"2,734,397",36.82,17.18
finance/quotes.freerealtime.com/MSO.html,3.27,3.25,3.33,3.21,"117,394",9.99,1.60
finance/quotes.freerealtime.com/MAS.html,9.93,9.96,10.06,9.64,"3,661,376",22,3.64
finance/quotes.freerealtime.com/MAT.html,16.28,16.27,16.43,16,"1,720,513",21.95,10.36
finance/quotes.freerealtime.com/MXIM.html,16.51,16.49,16.62,16.26,"4,515,517",16.94,10.72
finance/quotes.freerealtime.com/MAY.html,6.51,6.59,6.59,6.51,"4,980",9.77,4.44
finance/quotes.freerealtime.com/MBI.html,5.85,5.71,5.95,5.71,"2,975,241",19.08,2.17
finance/quotes.freerealtime.com/MDR.html,23.28,23.60,23.828,23.0619,"2,842,631",64.82,5.98
finance/quotes.freerealtime.com/MCD.html,58.36,57.72,58.48,57.50,"7,063,106",67,45.79
finance/quotes.freerealtime.com/MHP.html,31.99,31.72,31.99,31.32,"1,314,991",47.13,17.15
finance/quotes.freerealtime.com/MCK.html,42.98,42.93,43.16,42.24,"2,482,313",60.45,28.27
finance/quotes.freerealtime.com/MEDX.html,7.28,7.21,7.39,7.21,"1,305,007",10.12,3.40
finance/quotes.freerealtime.com/MDT.html,33.62,33.62,33.825,33.23,"6,295,951",56.97,24.06
finance/quotes.freerealtime.com/MRK.html,26.08,26.12,27.07,25.68,"29,773,101",38.90,20.05
finance/quotes.freerealtime.com/MDP.html,28.20,28.33,28.47,27.33,"307,894",31.31,10.60
finance/quotes.freerealtime.com/MET.html,31.08,31.95,32.09,30.50,"6,122,305",65.50,11.37
finance/quotes.freerealtime.com/MGM.html,7.13,7.07,7.15,6.71,"18,007,860",43.64,1.81
finance/quotes.freerealtime.com/MTG.html,4.80,4.76,4.94,4.68,"1,528,315",12.50,0.6999
finance/quotes.freerealtime.com/MGG.html,21.10,20.68,21.15,20.50,"164,853",23.82,11.28
finance/quotes.freerealtime.com/MU.html,5.47,5.62,5.62,5.19,"18,814,634",7.92,1.59
finance/quotes.freerealtime.com/MSFT.html,23.33,22.90,23.38,22.74,"50,963,461",29.57,14.87
finance/quotes.freerealtime.com/MSTR.html,48.80,49.01,49.04,48.16,"33,154",75.89,30.55
finance/quotes.freerealtime.com/MIL.html,67.48,67.25,67.62,66.79,"383,483",76.92,43.36
finance/quotes.freerealtime.com/MMM.html,61,60.37,61,59.91,"3,228,967",76.53,40.87
finance/quotes.freerealtime.com/MOLX.html,16.56,16.74,16.74,16.26,"928,289",27.99,9.68
finance/quotes.freerealtime.com/JPM.html,35.13,34.86,35.44,34.80,"41,164,088",50.63,14.96
finance/quotes.freerealtime.com/MOT.html,6.73,6.73,6.81,6.55,"14,059,230",10.50,2.98
finance/quotes.freerealtime.com/MYGN.html,37.75,37.39,37.80,37.05,"1,055,716",47.08,22.275
finance/quotes.freerealtime.com/NSM.html,13.59,14.20,14.32,13.20,"14,956,504",24.21,9.02
finance/quotes.freerealtime.com/NAV.html,45.89,45.73,46.15,45,"820,488",74.9999,15.24
finance/quotes.freerealtime.com/NCR.html,12.74,12.72,12.76,12.31,"1,724,897",28.09,6.62
finance/quotes.freerealtime.com/NTAP.html,20.14,19.59,20.16,19.32,"8,988,414",26.78,10.39
finance/quotes.freerealtime.com/NYT.html,6.29,6.40,6.40,6.17,"513,614",16.97,3.44
finance/quotes.freerealtime.com/NWL.html,10.80,11.03,11.07,10.38,"4,274,529",21.38,4.51
finance/quotes.freerealtime.com/NEM.html,42.71,43.20,43.36,42.15,"6,272,090",53.77,21.17
finance/quotes.freerealtime.com/NEWP.html,6.75,6.60,6.75,6.43,"91,824",13.34,2.93
finance/quotes.freerealtime.com/GAS.html,35.22,34.80,35.36,34.42,"420,085",51.99,27.50
finance/quotes.freerealtime.com/NKE.html,56.61,56.42,56.99,55.645,"3,871,692",69.72,38.24
finance/quotes.freerealtime.com/NOK.html,15.68,15.69,15.69,15.35,"15,665,729",28.34,8.47
finance/quotes.freerealtime.com/JWN.html,20.77,20.40,20.84,19.95,"3,978,207",37,6.61
finance/quotes.freerealtime.com/NSC.html,41.23,40.39,41.40,40.03,"3,589,288",75.53,26.69
finance/quotes.freerealtime.com/NTRS.html,55.19,55.09,55.49,54.44,"1,522,102",88.92,33.88
finance/quotes.freerealtime.com/NOC.html,48.72,47.85,49.02,47.80,"1,989,989",73.06,33.81
finance/quotes.freerealtime.com/NOVL.html,4.15,4.07,4.18,4.07,"3,615,168",6.62,2.97
finance/quotes.freerealtime.com/NVLS.html,18.23,18.19,18.50,17.78,"2,569,543",23.50,10.26
finance/quotes.freerealtime.com/NUE.html,47.50,48.20,48.29,47.06,"4,133,900",79.24,25.25
finance/quotes.freerealtime.com/NVDA.html,11.51,11.40,11.55,11.14,"14,874,959",22.15,5.75
finance/quotes.freerealtime.com/OXY.html,68.97,69.97,69.97,68.25,"5,535,343",92.49,39.93
finance/quotes.freerealtime.com/ODP.html,4.80,4.88,4.91,4.67,"6,745,725",13.04,0.59
finance/quotes.freerealtime.com/OMC.html,32.45,32.43,32.57,31.85,"1,426,295",47.58,20.09
finance/quotes.freerealtime.com/OKE.html,30,30.09,30.18,29.68,"633,361",50.42,18.10
finance/quotes.freerealtime.com/ONVI.html,5.38,5.31,6.15,5.26,"11,124",5.55,2.68
finance/quotes.freerealtime.com/ORCL.html,20.85,20.85,21,19.47,"23,154,762",23.62,13.80
finance/quotes.freerealtime.com/OSIS.html,17.24,17.18,17.24,16.67,"88,048",25.56,10.15
finance/quotes.freerealtime.com/OI.html,30.16,29.94,30.33,29.44,"2,867,553",53.01,9.53
finance/quotes.freerealtime.com/PCAR.html,33.27,33.54,33.94,32.81,"3,841,357",48.10,20.38
finance/quotes.freerealtime.com/PSUN.html,3.57,3.74,3.76,3.54,"837,686",10.29,0.72
finance/quotes.freerealtime.com/PTV.html,21.80,21.98,22.05,21.51,"1,362,551",28.50,10.62
finance/quotes.freerealtime.com/PLL.html,27.14,27.47,27.56,26.69,"1,671,035",43.19,18.20
finance/quotes.freerealtime.com/PZZA.html,25.10,24.78,25.17,24.41,"135,626",30.68,12.78
finance/quotes.freerealtime.com/PMTC.html,12.30,11.92,12.30,11.89,"1,593,077",21.54,7.18
finance/quotes.freerealtime.com/PH.html,46.19,45.92,46.20,45.31,"1,042,535",79.96,27.69
finance/quotes.freerealtime.com/PAYX.html,27.57,27.88,27.97,26.95,"5,551,602",35.53,20.31
finance/quotes.freerealtime.com/PSS.html,13.85,13.95,13.95,13.10,"1,825,815",21,3.85
finance/quotes.freerealtime.com/CRA.html,7.94,8.19,8.38,7.81,"593,460",17.56,5.03
finance/quotes.freerealtime.com/JCP.html,29.16,27.67,29.24,27.60,"5,961,187",44.20,13.71
finance/quotes.freerealtime.com/PSFT.html,0.58,0.57,0.58,0.57,0,1,0.30
finance/quotes.freerealtime.com/PBY.html,9.70,9.77,10.08,9.58,"2,223,253",10.36,2.62
finance/quotes.freerealtime.com/PBG.html,33.57,32.89,33.75,32.80,"2,358,499",34.83,15.78
finance/quotes.freerealtime.com/PEP.html,53.65,52.85,53.85,52.60,"5,958,398",75.25,45.39
finance/quotes.freerealtime.com/PKI.html,17.32,16.96,17.42,16.96,"766,069",29.95,10.88
finance/quotes.freerealtime.com/PFE.html,14.76,14.57,15.066,14.51,"74,231,441",20.13,11.62
finance/quotes.freerealtime.com/PCG.html,38.04,37.68,38.26,37.31,"2,799,173",42.98,26.67
finance/quotes.freerealtime.com/MO.html,16.64,16.80,16.89,16.52,"19,467,798",21.86,14.34
finance/quotes.freerealtime.com/PHG.html,19.21,19.08,19.26,18.93,"551,559",37.21,13.91
finance/quotes.freerealtime.com/PNW.html,29.77,28.94,29.96,28.58,"1,443,583",37.88,22.32
finance/quotes.freerealtime.com/PBI.html,22.06,22.10,22.19,21.79,"1,245,892",39.98,17.62
finance/quotes.freerealtime.com/PLUG.html,1.05,1.13,1.1301,1.02,"619,582",2.95,0.64
finance/quotes.freerealtime.com/PMCS.html,7.76,8.06,8.08,7.67,"4,396,019",9.95,2.82
finance/quotes.freerealtime.com/PNC.html,41.34,42.17,42.67,41,"6,179,401",87.99,16.20
finance/quotes.freerealtime.com/RL.html,53.45,53.91,54.25,52.33,"1,468,523",82.02,31.22
finance/quotes.freerealtime.com/PCH.html,27.30,26.52,27.44,26.50,"643,754",54.79,18
finance/quotes.freerealtime.com/PWAV.html,1.62,1.59,1.65,1.5603,"979,791",5.30,0.22
finance/quotes.freerealtime.com/PPG.html,45.13,45.76,45.76,44.88,"2,123,742",69.89,28.16
finance/quotes.freerealtime.com/PPL.html,33.30,33.08,33.51,32.66,"2,087,775",54,24.25
finance/quotes.freerealtime.com/PX.html,74.74,75.68,75.68,73.53,"1,644,456",99.74,47.40
finance/quotes.freerealtime.com/PCLN.html,115.31,115.29,115.99,113.19,"661,651",134.50,45.15
finance/quotes.freerealtime.com/PG.html,52.55,51.88,52.77,51.73,"10,352,651",73.57,43.93
finance/quotes.freerealtime.com/PGR.html,15.53,16.085,16.085,15.35,"6,138,160",21.31,9.76
finance/quotes.freerealtime.com/PDLI.html,7.91,7.78,7.95,7.74,"1,492,645",12.70,5.20
finance/quotes.freerealtime.com/PEG.html,32.54,32.65,32.96,31.97,"3,378,106",47.33,22.09
finance/quotes.freerealtime.com/PHM.html,8.82,8.87,8.94,8.63,"6,035,841",23.24,6.49
finance/quotes.freerealtime.com/QLGC.html,13.74,13.77,13.87,13.38,"1,720,843",20.21,8.69
finance/quotes.freerealtime.com/QLTI.html,2.46,2.47,2.48,2.37,"215,773",4.09,1.40
finance/quotes.freerealtime.com/QCOM.html,46.05,46.14,46.39,45.08,"13,902,761",56.88,28.16
finance/quotes.freerealtime.com/QSFT.html,14.16,13.88,14.21,13.84,"557,366",16.23,10.31
finance/quotes.freerealtime.com/ZQK.html,2.37,2.45,2.45,2.32,"1,371,656",10.34,0.80
finance/quotes.freerealtime.com/RSH.html,15.11,14.91,15.20,14.57,"4,992,141",19.90,6.47
finance/quotes.freerealtime.com/RMBS.html,17.39,16.84,17.81,16.55,"9,248,994",21.87,4.95
finance/quotes.freerealtime.com/RTN.html,45.31,45.57,45.69,44.93,"3,442,712",64,33.20
finance/quotes.freerealtime.com/REGN.html,16.36,15.93,16.42,15.68,"332,393",25,11.81
finance/quotes.freerealtime.com/RIMM.html,83.02,84.77,84.87,82.60,"15,230,400",148.13,35.05
finance/quotes.freerealtime.com/RMD.html,40.11,39.26,40.13,39.01,"645,935",50.58,28.90
finance/quotes.freerealtime.com/RFMD.html,3.57,3.48,3.59,3.33,"9,018,950",3.98,0.6999
finance/quotes.freerealtime.com/ROK.html,33.44,32.99,33.44,32.61,"791,742",56.12,17.50
finance/quotes.freerealtime.com/RDC.html,23.19,23.33,23.33,22.55,"2,978,351",47.94,10.28
finance/quotes.freerealtime.com/R.html,30.39,30.84,31.18,29.53,"1,011,723",75.09,19
finance/quotes.freerealtime.com/SWY.html,21.26,20.80,21.28,20.80,"3,925,092",31.3925,17.19
finance/quotes.freerealtime.com/SLAB.html,37.86,37.99,37.99,36.985,"652,113",39.235,17.05
finance/quotes.freerealtime.com/SNDK.html,15.55,15.61,15.61,14.88,"6,995,196",24.97,5.07
finance/quotes.freerealtime.com/SANM.html,0.6699,0.66,0.679,0.6501,"1,122,889",2.66,0.18
finance/quotes.freerealtime.com/SAPE.html,5.64,5.56,5.71,5.50,"485,840",9.97,3.25
finance/quotes.freerealtime.com/SLE.html,9.01,9.07,9.13,8.95,"5,668,991",15.07,6.80
finance/quotes.freerealtime.com/SGP.html,23.82,23.88,24.43,23.59,"13,073,423",24.67,11.97
finance/quotes.freerealtime.com/SLB.html,60.27,60.96,61.19,59.21,"11,039,292",111.951,35.05
finance/quotes.freerealtime.com/SFA.html,7.97,7.98,7.98,7.96,"3,321",9.38,5.12
finance/quotes.freerealtime.com/SEE.html,19.12,19.09,19.22,18.80,"762,709",25.32,10.38
finance/quotes.freerealtime.com/S.html,5.29,5.05,5.44,5.02,"63,681,470",9.75,1.35
finance/quotes.freerealtime.com/SRE.html,49.04,48.11,49.15,47.66,"1,073,506",58.99,34.29
finance/quotes.freerealtime.com/SHW.html,55.10,55.32,55.45,54.25,"1,024,100",65,42.19
finance/quotes.freerealtime.com/SIAL.html,50.35,50.53,50.75,49.97,"852,846",62.74,31.4518
finance/quotes.freerealtime.com/SKX.html,9.58,9.46,9.58,9.37,"261,667",24,5.20
finance/quotes.freerealtime.com/SLM.html,8.69,8.40,8.85,8.35,"9,280,216",25.05,3.11
finance/quotes.freerealtime.com/SNA.html,32.15,32.01,32.19,31.45,"442,359",60.32,20.51
finance/quotes.freerealtime.com/SNE.html,27.29,27.01,27.34,27,"384,385",49.91,15.64
finance/quotes.freerealtime.com/SO.html,30.55,29.94,30.80,29.61,"5,345,735",40,26.48
finance/quotes.freerealtime.com/LUV.html,6.61,6.63,6.73,6.53,"8,957,884",16.77,4.95
finance/quotes.freerealtime.com/STJ.html,37.85,38,38.50,37.65,"4,314,297",48.49,24.98
finance/quotes.freerealtime.com/SWK.html,37.21,36.68,37.26,36.33,"561,483",49.58,22.61
finance/quotes.freerealtime.com/SPLS.html,21.13,20.46,21.16,20.26,"11,851,058",26.57,13.57
finance/quotes.freerealtime.com/SBUX.html,14.55,14.17,14.56,14.02,"10,849,644",18.56,7.06
finance/quotes.freerealtime.com/STT.html,47.56,47.18,47.89,46.92,"4,130,792",74.85,14.43
finance/quotes.freerealtime.com/SUN.html,26.43,26.59,26.73,26.15,"3,219,857",49.44,21.30
finance/quotes.freerealtime.com/STI.html,16.69,16.68,17.29,16.51,"7,441,752",64,6
finance/quotes.freerealtime.com/SVU.html,16.38,16.55,16.63,16.02,"2,749,203",33.98,8.59
finance/quotes.freerealtime.com/SBL.html,11.59,11.59,11.59,11.59,"7,000",11.68,8.396
finance/quotes.freerealtime.com/SNV.html,3.60,3.35,3.69,3.25,"6,058,951",15,2.30
finance/quotes.freerealtime.com/SYY.html,23.94,23.63,23.94,23.42,"2,736,934",35,19.39
finance/quotes.freerealtime.com/TROW.html,43.16,43.21,43.25,42.37,"1,900,905",70.20,20.09
finance/quotes.freerealtime.com/TGT.html,40.38,39.64,40.46,39.01,"6,898,273",59.55,25
finance/quotes.freerealtime.com/TLAB.html,5.82,5.86,5.91,5.76,"4,698,654",6.02,3.10
finance/quotes.freerealtime.com/TIN.html,13,12.78,13,12.65,"1,840,750",20.49,2.34
finance/quotes.freerealtime.com/THC.html,3.06,3.45,3.45,3.03,"17,566,214",6.70,0.78
finance/quotes.freerealtime.com/TER.html,7.05,7.19,7.19,6.85,"4,803,462",12.01,2.80
finance/quotes.freerealtime.com/TXN.html,20.79,20.77,20.8105,20.20,"15,724,454",30.66,13.38
finance/quotes.freerealtime.com/TXT.html,11.48,11.18,11.55,11.08,"3,680,815",59.33,3.57
finance/quotes.freerealtime.com/LTD.html,12.81,12.32,12.83,12,"5,233,435",22.16,5.98
finance/quotes.freerealtime.com/TMO.html,41.79,41.54,42.01,41.29,"3,079,945",62.77,26.65
finance/quotes.freerealtime.com/TNB.html,31.98,32.20,32.20,30.90,"378,084",48.19,15.79
finance/quotes.freerealtime.com/TIBX.html,6.53,6.62,6.69,6.48,"1,336,878",8.78,3.45
finance/quotes.freerealtime.com/TIF.html,27.29,27.86,28.08,27.01,"3,963,512",47.93,16.70
finance/quotes.freerealtime.com/TBL.html,14.43,14.71,14.71,13.94,"321,009",19.41,7.19
finance/quotes.freerealtime.com/TKR.html,18.87,19.10,19.10,18.59,"409,722",37.46,9.88
finance/quotes.freerealtime.com/TJX.html,30.73,29.78,30.86,29.36,"4,603,298",37.52,17.80
finance/quotes.freerealtime.com/TMK.html,38.29,39.18,39.20,37.74,"919,050",66,16.16
finance/quotes.freerealtime.com/TM.html,78.84,78.65,78.84,78,"232,484",104.40,55.41
finance/quotes.freerealtime.com/RIG.html,82.58,83.19,83.67,81.60,"4,270,806",154.90,41.95
finance/quotes.freerealtime.com/YUM.html,35.01,34.08,35.05,33.98,"3,777,249",40.25,21.50
finance/quotes.freerealtime.com/TUP.html,26.37,26.42,26.61,25.8305,"452,093",41.33,10.91
finance/quotes.freerealtime.com/TYC.html,27.47,27.27,27.62,27.15,"2,550,875",46.26,15.17
finance/quotes.freerealtime.com/USB.html,18.58,18.26,18.63,18.26,"16,879,942",42.23,8.06
finance/quotes.freerealtime.com/UN.html,24.61,24.42,24.65,24.265,"2,944,492",31.17,16.91
finance/quotes.freerealtime.com/UNP.html,54.36,52.78,54.41,52.66,"3,951,803",85.80,33.28
finance/quotes.freerealtime.com/UIS.html,1.48,1.48,1.48,1.40,"1,575,014",4.70,0.28
finance/quotes.freerealtime.com/UPS.html,50.53,51.60,51.74,50.08,"5,606,421",70,37.99
finance/quotes.freerealtime.com/USM.html,41.01,40.70,41.07,39.83,"122,103",63,27.18
finance/quotes.freerealtime.com/UTX.html,55.84,55.34,55.97,54.77,"3,611,648",69.37,37.40
finance/quotes.freerealtime.com/UNH.html,24.21,23.80,24.43,23.48,"15,141,376",33.49,14.51
finance/quotes.freerealtime.com/UVV.html,36.89,37.36,37.47,36.53,"170,532",56,25.35
finance/quotes.freerealtime.com/UNM.html,16.86,16.96,16.96,16.47,"2,619,778",27.65,7.61
finance/quotes.freerealtime.com/MRO.html,32.42,32.18,32.52,31.93,"5,648,860",53.98,19.34
finance/quotes.freerealtime.com/X.html,39.32,40.92,41.17,38.80,"26,734,964",196,16.66
finance/quotes.freerealtime.com/UTSI.html,1.93,2.01,2.09,1.90,"782,965",5.94,0.63
finance/quotes.freerealtime.com/VRSN.html,19.24,19.24,19.40,18.92,"4,018,186",41.03,16.23
finance/quotes.freerealtime.com/VZ.html,29.92,29.69,30.06,29.61,"22,900,955",37.56,23.07
finance/quotes.freerealtime.com/VRTS.html,15.67,15.80,15.80,15.30,"6,036",16.70,3.78
finance/quotes.freerealtime.com/VFC.html,58.40,59.19,59.33,58.15,"1,223,938",84.60,38.22
finance/quotes.freerealtime.com/VIA.html,25,24.77,25.02,24.33,"59,543",33.87,13
finance/quotes.freerealtime.com/VOD.html,19,18.88,19.05,18.72,"1,811,177",31.21,15.30
finance/quotes.freerealtime.com/VMC.html,47.20,42.93,47.21,42.93,"13,891,676",83.13,34.30
finance/quotes.freerealtime.com/WAG.html,31.18,30.84,31.18,30.58,"4,511,648",37.85,21.28
finance/quotes.freerealtime.com/WMT.html,49.84,49.35,49.86,49.21,"15,339,150",63.85,46.25
finance/quotes.freerealtime.com/WMI.html,28.60,28.48,28.67,28.19,"2,111,465",39.25,22.10
finance/quotes.freerealtime.com/WPI.html,29.91,29.77,30.01,29.35,"830,396",32.95,20.17
finance/quotes.freerealtime.com/WLP.html,46.72,45.46,47.70,45.15,"4,596,562",57.86,27.50
finance/quotes.freerealtime.com/WFC.html,25.48,24.92,25.50,24.78,"49,009,859",44.69,7.80
finance/quotes.freerealtime.com/WEN.html,3.98,3.95,4.13,3.83,"18,741,001",31.25,2.63
finance/quotes.freerealtime.com/WY.html,34.18,34.16,34.3001,33.51,"1,369,282",65.50,18.67
finance/quotes.freerealtime.com/WHR.html,43.73,42.37,43.73,41.97,"1,579,721",91.87,19.19
finance/quotes.freerealtime.com/WMB.html,17.31,17.47,17.57,17.20,"5,026,146",40.75,9.52
finance/quotes.freerealtime.com/WOR.html,14.85,15.04,15.23,14.31,"580,540",26.14,6.99
finance/quotes.freerealtime.com/WWE.html,13.59,13.46,13.59,13.14,"121,354",17.13,8.76
finance/quotes.freerealtime.com/XRX.html,6.98,6.97,7.14,6.80,"5,265,678",14.62,4.12
finance/quotes.freerealtime.com/XLNX.html,20.91,21.28,21.39,20.44,"9,045,731",28.20,14.28
finance/quotes.freerealtime.com/YHOO.html,16.40,16.17,16.47,16.10,"16,971,672",26.33,8.94
finance/quotes.freerealtime.com/ZIGO.html,5.44,5.67,5.72,5.33,"24,620",13.79,3.06
