url,NUMBER : value,NUMBER : var %,NUMBER : var $,NUMBER : open,NUMBER : high,NUMBER : low,NUMBER : 52wk high,NUMBER : 52wk low
finance/www.bloomberg.com/coms.html,5.030,-0.984,-0.050,5.080,5.110,4.830,5.22,1.43
finance/www.bloomberg.com/kde.html,1.920,-2.041,-0.040,1.900,1.960,1.900,9.59,1.01
finance/www.bloomberg.com/abt.html,45.420,1.930,0.860,44.470,46.000,44.470,60.78,41.27
finance/www.bloomberg.com/anf.html,27.580,3.684,0.980,26.470,27.650,26.070,71.24,13.66
finance/www.bloomberg.com/adpt.html,2.630,3.953,0.100,2.570,2.630,2.520,4.24,2.20
finance/www.bloomberg.com/adbe.html,30.150,-0.822,-0.250,30.600,30.670,29.610,46.44,15.70
finance/www.bloomberg.com/amd.html,4.470,-4.894,-0.230,4.750,4.790,4.330,7.94,1.62
finance/www.bloomberg.com/advs.html,31.230,0.677,0.210,30.940,31.500,30.620,49.32,17.51
finance/www.bloomberg.com/aes.html,10.690,2.591,0.270,10.360,10.790,10.210,20.80,4.80
finance/www.bloomberg.com/aet.html,22.970,-1.416,-0.330,23.250,23.700,22.470,45.40,14.21
finance/www.bloomberg.com/affx.html,6.640,-2.639,-0.180,6.700,6.790,6.350,12.05,1.78
finance/www.bloomberg.com/afl.html,32.810,-2.958,-1.000,33.540,33.720,32.510,68.00,10.83
finance/www.bloomberg.com/a.html,19.360,-1.826,-0.360,19.670,19.670,18.940,38.00,12.02
finance/www.bloomberg.com/apd.html,67.990,-0.918,-0.630,68.040,68.320,67.120,104.75,41.46
finance/www.bloomberg.com/akam.html,22.860,-0.131,-0.030,22.850,22.880,22.340,37.15,9.25
finance/www.bloomberg.com/acv.html,24.410,0.246,0.060,24.230,24.460,24.090,29.40,19.32
finance/www.bloomberg.com/aa.html,11.990,-1.882,-0.230,12.110,12.140,11.800,40.28,4.97
finance/www.bloomberg.com/ati.html,41.880,-3.190,-1.380,42.550,42.660,41.360,67.15,15.00
finance/www.bloomberg.com/agn.html,46.280,4.023,1.790,44.370,46.280,44.300,61.72,28.95
finance/www.bloomberg.com/all.html,24.850,-0.080,-0.020,24.870,25.010,24.600,50.20,13.77
finance/www.bloomberg.com/altr.html,16.750,-3.625,-0.630,17.230,17.250,16.550,24.19,12.99
finance/www.bloomberg.com/amzn.html,84.080,-1.879,-1.610,85.030,85.200,82.010,91.75,34.68
finance/www.bloomberg.com/aep.html,28.000,2.004,0.550,27.280,28.160,27.030,43.37,24.00
finance/www.bloomberg.com/am.html,7.450,-0.268,-0.020,7.430,7.500,7.080,18.57,3.24
finance/www.bloomberg.com/aig.html,1.610,N.A.,N.A.,1.610,1.620,1.550,34.79,0.33
finance/www.bloomberg.com/ahc.html,1.170,2.632,0.030,1.120,1.200,1.100,8.19,0.59
finance/www.bloomberg.com/aee.html,24.410,0.784,0.190,24.090,24.610,23.890,43.81,19.51
finance/www.bloomberg.com/axp.html,25.160,-1.834,-0.470,25.390,25.690,24.830,45.82,9.71
finance/www.bloomberg.com/amtd.html,17.540,-2.339,-0.420,17.670,17.860,17.320,23.49,9.34
finance/www.bloomberg.com/amgn.html,50.400,1.043,0.520,49.607,50.700,49.340,66.51,43.34
finance/www.bloomberg.com/amr.html,4.550,-0.871,-0.040,4.550,4.690,4.500,13.41,2.40
finance/www.bloomberg.com/apc.html,50.570,-0.590,-0.300,50.120,50.630,49.380,81.02,24.57
finance/www.bloomberg.com/adi.html,25.400,-1.321,-0.340,25.770,25.820,25.200,34.59,15.29
finance/www.bloomberg.com/twx.html,26.000,-0.650,-0.170,26.050,26.130,25.530,37.46,15.40
finance/www.bloomberg.com/aoc.html,36.990,0.353,0.130,36.810,37.070,36.410,50.00,32.83
finance/www.bloomberg.com/apa.html,84.200,-1.336,-1.140,84.330,84.920,83.430,145.00,51.03
finance/www.bloomberg.com/aapl.html,136.970,-2.129,-2.980,138.810,139.100,136.040,182.34,78.20
finance/www.bloomberg.com/amat.html,11.230,0.717,0.080,11.190,11.240,10.970,20.90,7.80
finance/www.bloomberg.com/amcc.html,7.750,-4.791,-0.390,8.140,8.140,7.650,9.70,3.01
finance/www.bloomberg.com/adm.html,28.710,-0.897,-0.260,28.840,28.850,28.440,34.14,13.53
finance/www.bloomberg.com/aria.html,1.860,-1.064,-0.020,1.920,1.929,1.840,3.55,0.72
finance/www.bloomberg.com/arba.html,10.600,0.760,0.080,10.480,10.650,10.440,18.58,6.00
finance/www.bloomberg.com/arw.html,22.380,-4.195,-0.980,22.950,23.140,21.940,36.00,11.74
finance/www.bloomberg.com/ash.html,27.360,-2.806,-0.790,27.900,28.020,26.683,54.90,5.35
finance/www.bloomberg.com/t.html,25.010,0.887,0.220,24.650,25.050,24.590,36.80,20.90
finance/www.bloomberg.com/adsk.html,22.240,-0.714,-0.160,22.120,22.330,21.820,39.89,11.70
finance/www.bloomberg.com/adp.html,37.290,-0.321,-0.120,37.270,37.480,36.600,45.97,30.83
finance/www.bloomberg.com/azo.html,155.500,0.941,1.450,153.550,155.980,151.590,169.99,84.66
finance/www.bloomberg.com/avy.html,27.940,N.A.,N.A.,27.510,28.010,27.360,50.14,17.02
finance/www.bloomberg.com/ava.html,16.450,2.174,0.350,16.110,16.490,15.920,23.58,12.67
finance/www.bloomberg.com/avp.html,26.610,-0.635,-0.170,26.430,26.820,26.340,45.34,14.40
finance/www.bloomberg.com/bhi.html,41.720,-1.441,-0.610,41.750,41.880,41.170,90.48,24.40
finance/www.bloomberg.com/bll.html,43.000,-1.826,-0.800,42.990,43.130,42.000,53.44,27.37
finance/www.bloomberg.com/bac.html,13.720,5.783,0.750,13.300,13.930,13.230,39.50,2.53
finance/www.bloomberg.com/bk.html,29.020,0.207,0.060,28.940,29.020,28.480,43.00,15.44
finance/www.bloomberg.com/bcr.html,74.050,0.081,0.060,73.850,74.955,73.250,101.61,68.94
finance/www.bloomberg.com/bks.html,23.320,1.391,0.320,22.900,23.420,22.530,33.64,10.77
finance/www.bloomberg.com/abx.html,33.990,-1.933,-0.670,33.610,34.230,33.350,52.48,17.27
finance/www.bloomberg.com/bax.html,49.530,3.468,1.660,47.760,50.480,47.080,71.53,45.46
finance/www.bloomberg.com/bbt.html,23.140,2.571,0.580,22.500,23.190,22.450,45.31,12.90
finance/www.bloomberg.com/bce.html,21.590,-2.528,-0.560,21.910,21.940,21.490,39.13,16.85
finance/www.bloomberg.com/bdx.html,68.350,0.103,0.070,67.720,68.870,67.720,89.24,58.14
finance/www.bloomberg.com/bbby.html,28.360,1.540,0.430,27.680,28.410,27.230,34.00,16.23
finance/www.bloomberg.com/bms.html,25.000,-1.730,-0.440,25.300,25.390,24.820,29.70,16.85
finance/www.bloomberg.com/bby.html,38.550,3.546,1.320,37.130,38.690,36.900,48.99,16.42
finance/www.bloomberg.com/bdk.html,30.950,-0.450,-0.140,31.040,31.060,30.230,69.50,20.10
finance/www.bloomberg.com/hrb.html,15.690,-0.127,-0.020,15.660,15.800,15.350,27.97,13.73
finance/www.bloomberg.com/bbi.html,0.870,-1.136,-0.010,0.909,0.909,0.860,3.19,0.13
finance/www.bloomberg.com/bmc.html,35.390,0.970,0.340,34.880,35.480,34.710,38.84,20.58
finance/www.bloomberg.com/ba.html,51.440,1.540,0.780,50.760,51.560,50.110,77.80,29.05
finance/www.bloomberg.com/bsx.html,9.370,0.214,0.020,9.450,9.500,9.170,14.20,5.41
finance/www.bloomberg.com/bp.html,51.200,-1.934,-1.010,50.940,51.240,50.575,70.09,33.70
finance/www.bloomberg.com/bgg.html,15.880,-1.182,-0.190,15.920,16.000,15.590,21.51,11.13
finance/www.bloomberg.com/bmy.html,19.810,-0.950,-0.190,19.900,20.000,19.670,23.98,16.00
finance/www.bloomberg.com/bsy.html,29.190,-1.551,-0.460,29.120,29.200,28.850,42.00,19.90
finance/www.bloomberg.com/brcm.html,26.300,-2.303,-0.620,26.670,26.670,25.660,29.91,12.98
finance/www.bloomberg.com/brcd.html,7.800,1.695,0.130,7.760,7.920,7.590,9.09,2.05
finance/www.bloomberg.com/bc.html,4.320,0.465,0.020,4.330,4.370,4.190,16.64,1.82
finance/www.bloomberg.com/bni.html,77.360,2.900,2.180,75.340,77.700,75.130,110.04,50.86
finance/www.bloomberg.com/br.html,17.180,-0.521,-0.090,17.160,17.220,16.930,23.00,9.21
finance/www.bloomberg.com/cpn.html,11.820,0.767,0.090,11.790,11.868,11.350,23.08,4.76
finance/www.bloomberg.com/cpb.html,29.100,0.172,0.050,29.000,29.300,28.800,40.85,24.63
finance/www.bloomberg.com/cof.html,23.940,-2.643,-0.650,24.500,24.500,23.720,63.50,7.80
finance/www.bloomberg.com/cah.html,30.960,0.389,0.120,30.860,31.430,30.670,56.45,27.75
finance/www.bloomberg.com/ccl.html,24.170,1.854,0.440,24.110,24.200,23.580,42.39,14.85
finance/www.bloomberg.com/cat.html,37.730,0.319,0.120,37.470,37.770,37.020,82.35,21.71
finance/www.bloomberg.com/cra.html,7.940,-3.524,-0.290,8.190,8.380,7.810,17.56,5.03
finance/www.bloomberg.com/celg.html,43.230,-0.208,-0.090,43.640,43.640,42.680,77.39,36.90
finance/www.bloomberg.com/ctx.html,8.480,-0.469,-0.040,8.540,8.550,8.260,18.71,4.91
finance/www.bloomberg.com/ctl.html,32.060,-3.463,-1.150,32.380,32.380,31.400,40.35,20.45
finance/www.bloomberg.com/cf.html,82.500,-0.410,-0.340,82.130,83.710,80.980,172.99,37.71
finance/www.bloomberg.com/chkp.html,24.090,1.049,0.250,23.830,24.170,23.690,25.74,16.80
finance/www.bloomberg.com/cvx.html,72.670,1.071,0.770,71.190,72.750,70.690,100.90,55.50
finance/www.bloomberg.com/chl.html,52.980,-1.962,-1.060,52.670,53.030,52.260,71.70,34.33
finance/www.bloomberg.com/china.html,1.660,3.106,0.050,1.640,1.660,1.570,3.17,0.65
finance/www.bloomberg.com/cb.html,40.820,-1.018,-0.420,41.200,41.240,40.560,69.39,33.47
finance/www.bloomberg.com/ci.html,20.890,-0.048,-0.010,20.630,21.160,20.210,44.14,8.00
finance/www.bloomberg.com/cinf.html,23.840,-0.667,-0.160,23.860,24.150,23.695,35.00,13.68
finance/www.bloomberg.com/csco.html,19.910,-0.945,-0.190,19.930,20.000,19.630,26.70,13.61
finance/www.bloomberg.com/c.html,3.470,-0.287,-0.010,3.470,3.550,3.440,23.50,0.97
finance/www.bloomberg.com/ctxs.html,34.100,2.126,0.710,33.240,34.190,32.800,34.41,19.00
finance/www.bloomberg.com/ccu.html,35.690,4.326,1.480,33.910,35.990,33.850,36.16,22.54
finance/www.bloomberg.com/clx.html,56.390,5.107,2.740,54.600,56.490,54.360,65.00,45.67
finance/www.bloomberg.com/cms.html,12.300,2.075,0.250,11.990,12.370,11.900,15.89,8.33
finance/www.bloomberg.com/coke.html,56.350,-0.530,-0.300,56.720,56.720,55.670,57.11,31.41
finance/www.bloomberg.com/ko.html,48.890,0.638,0.310,48.680,49.040,48.480,57.10,37.44
finance/www.bloomberg.com/cce.html,17.180,-1.547,-0.270,17.320,17.400,17.070,19.60,7.25
finance/www.bloomberg.com/cl.html,71.380,1.594,1.120,69.960,72.000,69.790,80.49,54.36
finance/www.bloomberg.com/cmcsk.html,13.730,-1.081,-0.150,13.690,13.750,13.390,22.37,10.33
finance/www.bloomberg.com/cma.html,22.630,-0.789,-0.180,22.840,23.150,22.380,43.99,11.72
finance/www.bloomberg.com/ca.html,17.730,-0.617,-0.110,17.690,17.990,17.460,24.67,12.00
finance/www.bloomberg.com/csc.html,44.990,0.784,0.350,45.060,45.120,44.095,49.37,23.93
finance/www.bloomberg.com/cpwr.html,7.430,-1.065,-0.080,7.440,7.660,7.305,11.91,5.08
finance/www.bloomberg.com/cmvt.html,7.600,0.662,0.050,7.500,7.700,7.500,18.73,4.98
finance/www.bloomberg.com/cag.html,19.460,-0.815,-0.160,19.520,19.690,19.340,23.12,13.52
finance/www.bloomberg.com/ed.html,37.080,1.091,0.400,36.490,37.150,36.130,46.39,32.56
finance/www.bloomberg.com/ceg.html,27.230,1.001,0.270,26.900,27.470,26.700,86.72,13.00
finance/www.bloomberg.com/cal.html,9.090,-1.730,-0.160,9.250,9.460,9.050,21.83,5.91
finance/www.bloomberg.com/cvg.html,9.280,-1.382,-0.130,9.400,9.400,9.151,16.99,4.02
finance/www.bloomberg.com/cbe.html,34.130,-0.843,-0.290,34.240,34.260,33.670,49.64,18.86
finance/www.bloomberg.com/ctb.html,9.220,-7.430,-0.740,9.880,9.880,8.950,12.15,2.96
finance/www.bloomberg.com/glw.html,15.890,-0.439,-0.070,15.820,15.900,15.410,27.56,7.36
finance/www.bloomberg.com/cost.html,47.030,1.643,0.760,46.350,47.100,45.960,74.89,38.17
finance/www.bloomberg.com/cr.html,24.060,-2.473,-0.610,24.590,24.590,23.823,42.79,10.87
finance/www.bloomberg.com/cree.html,28.740,-2.112,-0.620,29.310,29.360,28.300,31.75,12.57
finance/www.bloomberg.com/cck.html,23.250,-1.774,-0.420,23.610,23.620,23.010,29.60,13.37
finance/www.bloomberg.com/csx.html,36.520,4.762,1.660,35.130,36.573,34.765,69.50,20.70
finance/www.bloomberg.com/crgn.html,1.380,-0.719,-0.010,1.370,1.390,1.350,1.48,0.41
finance/www.bloomberg.com/cvs.html,30.350,0.264,0.080,30.080,30.360,29.900,42.78,23.19
finance/www.bloomberg.com/dhr.html,62.770,-0.743,-0.470,63.030,63.030,62.000,85.00,47.20
finance/www.bloomberg.com/dri.html,33.800,2.517,0.830,32.840,33.830,32.670,41.21,13.21
finance/www.bloomberg.com/de.html,44.770,-0.688,-0.310,44.680,44.780,43.700,81.22,24.51
finance/www.bloomberg.com/dell.html,13.390,0.904,0.120,13.220,13.400,13.050,26.04,7.84
finance/www.bloomberg.com/dal.html,6.400,-4.192,-0.280,6.680,6.740,6.370,12.65,3.51
finance/www.bloomberg.com/del.html,38.570,2.037,0.770,37.600,38.850,37.090,75.08,26.94
finance/www.bloomberg.com/dlx.html,14.710,-2.712,-0.410,14.990,14.990,14.260,21.13,6.20
finance/www.bloomberg.com/dds.html,10.040,3.826,0.370,9.590,10.080,9.460,15.37,2.50
finance/www.bloomberg.com/dis.html,25.060,-0.674,-0.170,25.030,25.390,24.520,34.85,15.14
finance/www.bloomberg.com/dltr.html,43.290,-0.391,-0.170,43.360,43.700,42.560,46.74,30.17
finance/www.bloomberg.com/d.html,33.390,1.335,0.440,32.880,33.520,32.440,48.50,27.15
finance/www.bloomberg.com/dov.html,36.160,-0.110,-0.040,35.860,36.160,35.350,52.43,21.79
finance/www.bloomberg.com/dow.html,17.340,-0.516,-0.090,17.320,17.500,17.050,39.99,5.89
finance/www.bloomberg.com/dte.html,31.960,1.364,0.430,31.300,32.100,31.150,44.97,23.32
finance/www.bloomberg.com/duk.html,14.670,1.593,0.230,14.410,14.760,14.250,19.10,11.72
finance/www.bloomberg.com/dnb.html,83.550,-0.370,-0.310,83.460,83.700,82.550,98.90,64.00
finance/www.bloomberg.com/dd.html,27.000,-0.406,-0.110,27.040,27.240,26.610,48.22,16.05
finance/www.bloomberg.com/elnk.html,7.770,-1.271,-0.100,7.880,7.900,7.650,10.16,5.52
finance/www.bloomberg.com/emn.html,40.650,-2.237,-0.930,41.310,41.310,40.130,75.81,17.76
finance/www.bloomberg.com/ek.html,2.950,2.431,0.070,2.850,2.960,2.782,17.71,2.01
finance/www.bloomberg.com/etn.html,49.180,0.923,0.450,48.500,49.220,48.040,97.93,30.02
finance/www.bloomberg.com/ebay.html,17.800,-0.447,-0.080,17.940,17.950,17.450,29.33,9.91
finance/www.bloomberg.com/elon.html,8.060,2.806,0.220,7.770,8.090,7.660,15.74,4.92
finance/www.bloomberg.com/dish.html,15.330,-1.415,-0.220,15.500,15.710,14.990,34.10,8.34
finance/www.bloomberg.com/ecl.html,38.690,0.703,0.270,38.210,38.800,37.940,52.16,29.27
finance/www.bloomberg.com/eix.html,32.490,2.138,0.680,31.720,32.520,31.230,53.00,23.09
finance/www.bloomberg.com/erts.html,21.930,0.274,0.060,21.800,22.035,21.600,50.17,14.24
finance/www.bloomberg.com/emc.html,13.260,1.376,0.180,13.010,13.280,12.740,16.67,8.25
finance/www.bloomberg.com/emr.html,35.070,0.372,0.130,34.800,35.080,34.330,56.41,24.39
finance/www.bloomberg.com/ec.html,24.770,-0.482,-0.120,24.420,25.000,24.410,27.38,13.66
finance/www.bloomberg.com/etr.html,78.240,2.934,2.230,75.820,78.667,74.950,123.14,59.87
finance/www.bloomberg.com/enz.html,5.490,0.734,0.040,5.410,5.490,5.300,14.90,2.70
finance/www.bloomberg.com/efx.html,27.290,-0.037,-0.010,27.070,27.290,26.730,37.29,19.38
finance/www.bloomberg.com/xom.html,73.780,-0.365,-0.270,73.430,74.160,73.100,89.63,56.51
finance/www.bloomberg.com/fre.html,0.700,-1.408,-0.010,0.700,0.710,0.690,24.23,0.25
finance/www.bloomberg.com/fnm.html,0.660,-1.493,-0.010,0.662,0.670,0.650,25.99,0.30
finance/www.bloomberg.com/fdx.html,54.390,-3.152,-1.770,55.750,56.220,53.630,96.99,34.02
finance/www.bloomberg.com/fitb.html,8.030,3.346,0.260,7.750,8.030,7.740,21.00,1.01
finance/www.bloomberg.com/fe.html,40.480,3.556,1.390,39.010,40.600,38.560,84.00,35.26
finance/www.bloomberg.com/flex.html,4.400,-4.762,-0.220,4.580,4.600,4.350,10.99,1.23
finance/www.bloomberg.com/flr.html,53.850,0.056,0.030,53.220,53.850,52.800,101.36,28.60
finance/www.bloomberg.com/fmc.html,52.450,-1.539,-0.820,52.590,52.810,52.020,80.23,28.53
finance/www.bloomberg.com/f.html,6.110,2.174,0.130,6.010,6.150,5.920,6.75,1.01
finance/www.bloomberg.com/fo.html,37.030,-0.081,-0.030,36.890,37.130,36.260,66.72,17.68
finance/www.bloomberg.com/fosl.html,23.120,-2.241,-0.530,23.500,23.640,22.663,33.36,11.00
finance/www.bloomberg.com/fpl.html,57.390,1.539,0.870,56.330,57.900,55.720,68.76,33.81
finance/www.bloomberg.com/ben.html,75.990,-0.511,-0.390,76.600,76.890,74.640,133.37,37.11
finance/www.bloomberg.com/fcx.html,58.510,-3.161,-1.910,59.400,60.270,58.090,126.64,15.70
finance/www.bloomberg.com/fcel.html,4.590,-2.548,-0.120,4.630,4.770,4.500,8.83,1.98
finance/www.bloomberg.com/gci.html,4.220,-1.402,-0.060,4.250,4.270,4.150,26.10,1.85
finance/www.bloomberg.com/gps.html,16.370,0.863,0.140,16.520,16.610,15.900,20.80,9.41
finance/www.bloomberg.com/gd.html,59.760,0.793,0.470,59.170,60.030,58.630,94.41,35.28
finance/www.bloomberg.com/ge.html,13.510,0.371,0.050,13.450,13.520,13.290,30.39,5.73
finance/www.bloomberg.com/gis.html,54.920,0.384,0.210,54.630,55.110,54.210,72.01,46.37
finance/www.bloomberg.com/osci.html,0.270,-28.000,-0.105,0.251,0.315,0.251,1.80,0.06
finance/www.bloomberg.com/gpc.html,33.790,-0.207,-0.070,33.750,33.970,33.430,44.20,24.93
finance/www.bloomberg.com/g.html,11.260,-0.618,-0.070,11.150,11.260,10.870,15.70,6.30
finance/www.bloomberg.com/gr.html,53.360,3.171,1.640,51.720,53.360,51.540,55.34,25.11
finance/www.bloomberg.com/gt.html,12.410,-5.122,-0.670,12.970,13.050,12.170,23.14,3.17
finance/www.bloomberg.com/goog.html,424.840,-0.970,-4.160,426.860,427.700,421.210,579.10,247.30
finance/www.bloomberg.com/gra.html,13.480,-1.892,-0.260,13.580,13.700,13.280,28.09,2.95
finance/www.bloomberg.com/gww.html,83.810,-0.369,-0.310,83.840,83.960,82.910,93.99,58.86
finance/www.bloomberg.com/gap.html,4.980,3.106,0.150,4.790,5.000,4.760,25.39,3.01
finance/www.bloomberg.com/ges.html,26.560,1.529,0.400,26.230,26.670,25.350,43.13,10.26
finance/www.bloomberg.com/hal.html,23.990,-1.397,-0.340,23.750,24.130,23.600,55.38,12.80
finance/www.bloomberg.com/hig.html,12.950,-8.026,-1.130,13.500,13.600,12.800,73.89,3.33
finance/www.bloomberg.com/has.html,25.090,-3.611,-0.940,25.490,25.650,24.740,41.68,21.14
finance/www.bloomberg.com/hlth.html,11.920,0.931,0.110,11.680,12.010,11.620,12.70,6.80
finance/www.bloomberg.com/hnz.html,36.320,0.805,0.290,36.120,36.460,35.840,53.00,30.51
finance/www.bloomberg.com/hp.html,34.920,-2.020,-0.720,35.110,35.130,33.860,77.24,17.01
finance/www.bloomberg.com/hsy.html,35.390,0.511,0.180,35.010,35.450,34.900,44.32,30.27
finance/www.bloomberg.com/hd.html,24.150,-0.330,-0.080,24.190,24.240,23.830,30.74,17.05
finance/www.bloomberg.com/hmc.html,28.860,-1.569,-0.460,28.820,28.890,28.510,36.29,17.35
finance/www.bloomberg.com/hon.html,35.410,-1.062,-0.380,35.600,35.670,35.048,56.88,23.06
finance/www.bloomberg.com/hott.html,7.140,-2.192,-0.160,7.270,7.300,6.950,13.87,4.61
finance/www.bloomberg.com/hgsi.html,2.890,-9.404,-0.300,2.890,3.000,2.765,8.00,0.45
finance/www.bloomberg.com/hum.html,29.410,1.065,0.310,28.900,29.630,28.440,51.39,18.57
finance/www.bloomberg.com/hban.html,4.150,0.484,0.020,4.110,4.260,4.110,13.50,1.00
finance/www.bloomberg.com/itw.html,38.080,0.555,0.210,37.730,38.190,37.280,51.00,25.60
finance/www.bloomberg.com/rx.html,13.290,6.405,0.800,12.450,13.350,12.330,23.93,9.62
finance/www.bloomberg.com/n.html,11.840,5.714,0.640,11.250,11.910,11.150,22.25,5.43
finance/www.bloomberg.com/incy.html,3.330,0.301,0.010,3.350,3.440,3.230,10.42,1.85
finance/www.bloomberg.com/insp.html,7.210,1.122,0.080,7.100,7.280,7.000,11.94,5.07
finance/www.bloomberg.com/infy.html,37.120,-0.027,-0.010,36.550,37.130,36.300,47.41,21.10
finance/www.bloomberg.com/ir.html,23.060,0.831,0.190,22.740,23.060,22.440,41.14,11.46
finance/www.bloomberg.com/intc.html,16.310,-0.245,-0.040,16.240,16.310,16.020,24.75,12.05
finance/www.bloomberg.com/icge.html,6.070,0.165,0.010,6.010,6.130,5.970,9.84,3.04
finance/www.bloomberg.com/ipg.html,6.000,0.503,0.030,5.920,6.000,5.830,9.69,2.57
finance/www.bloomberg.com/isil.html,13.020,-2.399,-0.320,13.250,13.250,12.770,27.34,7.18
finance/www.bloomberg.com/ibm.html,108.210,-1.088,-1.190,108.400,109.280,107.750,130.93,69.50
finance/www.bloomberg.com/iff.html,32.960,-0.603,-0.200,33.000,33.150,32.550,45.21,24.72
finance/www.bloomberg.com/ip.html,15.810,1.737,0.270,15.410,15.850,15.005,31.07,3.93
finance/www.bloomberg.com/intu.html,28.640,0.774,0.220,28.340,28.640,28.010,32.00,20.18
finance/www.bloomberg.com/itt.html,46.660,1.149,0.530,45.950,46.730,45.550,69.73,31.94
finance/www.bloomberg.com/jbl.html,7.550,-0.788,-0.060,7.570,7.610,7.400,18.78,3.10
finance/www.bloomberg.com/jkhy.html,19.090,-0.417,-0.080,19.020,19.120,18.830,24.45,14.29
finance/www.bloomberg.com/jnj.html,56.060,0.018,0.010,55.880,56.540,55.720,72.76,46.25
finance/www.bloomberg.com/jci.html,21.570,-1.999,-0.440,21.900,21.910,21.090,36.00,8.35
finance/www.bloomberg.com/jnpr.html,23.870,-0.042,-0.010,23.580,23.930,23.430,27.65,12.43
finance/www.bloomberg.com/kbh.html,14.090,-2.491,-0.360,14.360,14.500,13.820,25.43,6.90
finance/www.bloomberg.com/kei.html,3.990,-12.882,-0.590,4.400,4.510,3.990,10.65,1.86
finance/www.bloomberg.com/k.html,44.550,1.365,0.600,43.850,44.610,43.500,58.51,35.64
finance/www.bloomberg.com/key.html,6.120,2.513,0.150,5.970,6.170,5.920,18.48,4.40
finance/www.bloomberg.com/keyn.html,8.730,3.314,0.280,8.410,8.881,8.200,14.31,6.34
finance/www.bloomberg.com/kmb.html,52.730,0.591,0.310,52.160,52.950,52.150,66.66,43.05
finance/www.bloomberg.com/klac.html,25.880,-1.895,-0.500,26.360,26.570,25.410,43.06,14.81
finance/www.bloomberg.com/kss.html,46.590,1.459,0.670,46.330,46.680,45.150,56.00,24.28
finance/www.bloomberg.com/kkd.html,3.440,0.880,0.030,3.380,3.450,3.310,5.65,1.01
finance/www.bloomberg.com/kr.html,21.720,-0.595,-0.130,21.850,21.898,21.490,30.99,19.39
finance/www.bloomberg.com/ksws.html,8.860,-0.784,-0.070,8.880,8.910,8.510,17.65,6.44
finance/www.bloomberg.com/kyo.html,76.940,-1.510,-1.180,77.150,77.290,76.450,100.78,45.41
finance/www.bloomberg.com/lrcx.html,25.640,-0.466,-0.120,25.740,26.020,24.810,40.42,14.72
finance/www.bloomberg.com/leg.html,15.500,-1.587,-0.250,15.690,15.760,15.215,24.60,10.03
finance/www.bloomberg.com/lxk.html,16.270,-0.732,-0.120,16.340,16.540,16.120,37.01,14.82
finance/www.bloomberg.com/lly.html,34.290,-0.262,-0.090,34.390,34.840,34.070,49.78,27.21
finance/www.bloomberg.com/lnc.html,17.750,-6.332,-1.200,18.700,18.770,17.200,59.99,4.76
finance/www.bloomberg.com/lltc.html,23.580,-0.590,-0.140,23.800,23.800,23.030,34.49,17.69
finance/www.bloomberg.com/liz.html,4.630,-8.858,-0.450,4.990,4.990,4.540,20.14,1.46
finance/www.bloomberg.com/lmt.html,82.770,0.669,0.550,81.690,82.880,81.610,120.30,57.41
finance/www.bloomberg.com/lpx.html,4.420,4.492,0.190,4.230,4.420,4.180,11.75,1.03
finance/www.bloomberg.com/low.html,19.850,-0.501,-0.100,19.860,19.930,19.540,28.49,13.00
finance/www.bloomberg.com/mar.html,24.010,-0.373,-0.090,23.890,24.200,23.630,30.27,11.88
finance/www.bloomberg.com/mmc.html,20.640,0.292,0.060,20.550,20.660,20.300,36.82,17.18
finance/www.bloomberg.com/mso.html,3.270,0.615,0.020,3.250,3.330,3.210,9.99,1.60
finance/www.bloomberg.com/mas.html,9.930,-0.799,-0.080,9.960,10.060,9.640,22.00,3.64
finance/www.bloomberg.com/mat.html,16.280,-1.453,-0.240,16.270,16.430,16.000,21.95,10.36
finance/www.bloomberg.com/mxim.html,16.510,-0.542,-0.090,16.490,16.620,16.260,22.80,10.72
finance/www.bloomberg.com/mbi.html,5.850,0.171,0.010,5.710,5.950,5.710,19.08,2.17
finance/www.bloomberg.com/mdr.html,23.280,-3.161,-0.760,23.600,23.828,23.062,64.82,5.98
finance/www.bloomberg.com/mcd.html,58.360,1.196,0.690,57.720,58.480,57.500,67.00,45.79
finance/www.bloomberg.com/mhp.html,31.990,0.251,0.080,31.720,31.990,31.320,47.13,17.15
finance/www.bloomberg.com/mck.html,42.980,-0.163,-0.070,42.930,43.160,42.240,60.45,28.27
finance/www.bloomberg.com/medx.html,7.280,-0.274,-0.020,7.210,7.390,7.210,10.12,3.40
finance/www.bloomberg.com/mdt.html,33.620,-0.356,-0.120,33.620,33.825,33.230,56.97,24.06
finance/www.bloomberg.com/mrk.html,26.080,-0.420,-0.110,26.120,27.070,25.680,38.90,20.05
finance/www.bloomberg.com/mdp.html,28.200,-1.399,-0.400,28.330,28.470,27.330,31.31,10.60
finance/www.bloomberg.com/met.html,31.080,-2.936,-0.940,31.950,32.090,30.500,65.50,11.37
finance/www.bloomberg.com/mgm.html,7.130,2.149,0.150,7.070,7.150,6.710,43.64,1.81
finance/www.bloomberg.com/mtg.html,4.800,-2.240,-0.110,4.760,4.940,4.680,12.50,0.70
finance/www.bloomberg.com/mgg.html,21.100,1.834,0.380,20.680,21.150,20.500,23.82,11.28
finance/www.bloomberg.com/mu.html,5.470,-2.147,-0.120,5.620,5.620,5.190,7.92,1.59
finance/www.bloomberg.com/msft.html,23.330,2.190,0.500,22.900,23.380,22.740,29.57,14.87
finance/www.bloomberg.com/mstr.html,48.800,-0.873,-0.430,49.010,49.040,48.160,75.89,30.55
finance/www.bloomberg.com/mil.html,67.480,-0.148,-0.100,67.250,67.620,66.790,76.92,43.36
finance/www.bloomberg.com/mmm.html,61.000,0.693,0.420,60.370,61.000,59.910,76.53,40.87
finance/www.bloomberg.com/molx.html,16.560,-1.838,-0.310,16.740,16.740,16.260,27.99,9.68
finance/www.bloomberg.com/jpm.html,35.130,0.544,0.190,34.860,35.440,34.800,50.63,14.96
finance/www.bloomberg.com/mot.html,6.730,-2.038,-0.140,6.730,6.810,6.550,10.50,2.98
finance/www.bloomberg.com/mygn.html,37.750,0.159,0.060,37.390,37.800,37.050,47.08,22.28
finance/www.bloomberg.com/nsm.html,13.590,-6.082,-0.880,14.200,14.320,13.200,24.21,9.02
finance/www.bloomberg.com/nav.html,45.890,0.197,0.090,45.730,46.150,45.000,76.00,15.24
finance/www.bloomberg.com/ncr.html,12.740,-1.087,-0.140,12.720,12.760,12.310,28.09,6.62
finance/www.bloomberg.com/ntap.html,20.140,1.104,0.220,19.590,20.160,19.320,26.78,10.39
finance/www.bloomberg.com/nyt.html,6.290,2.443,0.150,6.400,6.400,6.170,16.89,3.44
finance/www.bloomberg.com/nwl.html,10.800,-2.527,-0.280,11.030,11.070,10.380,21.38,4.51
finance/www.bloomberg.com/nem.html,42.710,-3.174,-1.400,43.200,43.360,42.150,53.77,21.17
finance/www.bloomberg.com/newp.html,6.750,1.657,0.110,6.600,6.750,6.430,13.34,2.93
finance/www.bloomberg.com/gas.html,35.220,0.629,0.220,34.800,35.360,34.420,51.99,27.50
finance/www.bloomberg.com/nke.html,56.610,-0.018,-0.010,56.420,56.990,55.645,69.72,38.24
finance/www.bloomberg.com/nok.html,15.680,-1.754,-0.280,15.690,15.690,15.350,28.34,8.47
finance/www.bloomberg.com/jwn.html,20.770,1.218,0.250,20.400,20.840,19.950,37.00,6.61
finance/www.bloomberg.com/nsc.html,41.230,1.928,0.780,40.390,41.400,40.030,75.53,26.69
finance/www.bloomberg.com/ntrs.html,55.190,-0.289,-0.160,55.090,55.490,54.440,88.92,33.88
finance/www.bloomberg.com/noc.html,48.720,1.142,0.550,47.850,49.020,47.800,72.87,33.81
finance/www.bloomberg.com/novl.html,4.150,0.242,0.010,4.070,4.180,4.070,6.62,2.49
finance/www.bloomberg.com/nvls.html,18.230,-0.978,-0.180,18.190,18.500,17.780,23.50,10.26
finance/www.bloomberg.com/nue.html,47.500,-3.002,-1.470,48.200,48.290,47.060,78.69,25.25
finance/www.bloomberg.com/nvda.html,11.510,-0.519,-0.060,11.400,11.550,11.140,21.66,5.75
finance/www.bloomberg.com/oxy.html,68.970,-2.350,-1.660,69.970,69.970,68.250,92.49,39.93
finance/www.bloomberg.com/odp.html,4.800,-2.637,-0.130,4.880,4.910,4.670,13.04,0.59
finance/www.bloomberg.com/omc.html,32.450,-0.277,-0.090,32.430,32.570,31.850,47.58,20.09
finance/www.bloomberg.com/oke.html,30.000,-1.121,-0.340,30.090,30.180,29.680,50.42,18.10
finance/www.bloomberg.com/onvi.html,5.380,-3.063,-0.170,5.310,6.150,5.260,6.15,2.68
finance/www.bloomberg.com/orcl.html,20.850,-0.430,-0.090,20.850,21.000,19.470,23.62,13.80
finance/www.bloomberg.com/osis.html,17.240,N.A.,N.A.,17.180,17.240,16.670,25.56,10.15
finance/www.bloomberg.com/oi.html,30.160,-0.033,-0.010,29.940,30.330,29.440,53.01,9.53
finance/www.bloomberg.com/pcar.html,33.270,-1.713,-0.580,33.540,33.940,32.810,47.93,20.38
finance/www.bloomberg.com/psun.html,3.570,-4.032,-0.150,3.740,3.760,3.540,10.05,0.72
finance/www.bloomberg.com/ptv.html,21.800,-1.978,-0.440,21.980,22.050,21.510,30.35,10.62
finance/www.bloomberg.com/pll.html,27.140,-1.524,-0.420,27.470,27.560,26.690,43.19,18.20
finance/www.bloomberg.com/pzza.html,25.100,0.803,0.200,24.780,25.170,24.410,30.68,12.78
finance/www.bloomberg.com/pmtc.html,12.300,2.757,0.330,11.920,12.300,11.890,21.54,7.18
finance/www.bloomberg.com/ph.html,46.190,-0.043,-0.020,45.920,46.200,45.310,79.96,27.69
finance/www.bloomberg.com/payx.html,27.570,-2.648,-0.750,27.880,27.970,26.950,35.53,20.31
finance/www.bloomberg.com/pss.html,13.850,0.217,0.030,13.950,13.950,13.100,21.00,3.85
finance/www.bloomberg.com/cra.html,7.940,-3.524,-0.290,8.190,8.380,7.810,17.56,5.03
finance/www.bloomberg.com/jcp.html,29.160,4.441,1.240,27.670,29.240,27.600,44.20,13.71
finance/www.bloomberg.com/psft.html,0.580,1.754,0.010,0.570,0.580,0.570,1.20,0.35
finance/www.bloomberg.com/pby.html,9.700,-1.921,-0.190,9.770,10.080,9.580,10.36,2.62
finance/www.bloomberg.com/pbg.html,33.570,1.944,0.640,32.890,33.750,32.800,34.83,15.78
finance/www.bloomberg.com/pep.html,53.650,1.284,0.680,52.850,53.850,52.600,75.25,45.39
finance/www.bloomberg.com/pki.html,17.320,N.A.,N.A.,16.960,17.420,16.960,29.95,10.88
finance/www.bloomberg.com/pfe.html,14.760,0.889,0.130,14.570,15.066,14.510,20.13,11.62
finance/www.bloomberg.com/pcg.html,38.040,0.742,0.280,37.680,38.260,37.310,42.98,26.67
finance/www.bloomberg.com/mo.html,16.640,-1.246,-0.210,16.800,16.890,16.520,21.86,14.34
finance/www.bloomberg.com/phg.html,19.210,-0.826,-0.160,19.080,19.260,18.930,37.21,13.91
finance/www.bloomberg.com/pnw.html,29.770,2.267,0.660,28.940,29.960,28.580,37.88,22.32
finance/www.bloomberg.com/pbi.html,22.060,-0.496,-0.110,22.100,22.190,21.790,37.95,17.62
finance/www.bloomberg.com/plug.html,1.050,-7.895,-0.090,1.130,1.130,1.020,2.95,0.64
finance/www.bloomberg.com/pmcs.html,7.760,-4.316,-0.350,8.060,8.080,7.670,9.95,2.82
finance/www.bloomberg.com/pnc.html,41.340,-2.569,-1.090,42.170,42.670,41.000,87.99,16.20
finance/www.bloomberg.com/rl.html,53.450,-1.963,-1.070,53.910,54.250,52.330,78.95,31.22
finance/www.bloomberg.com/pch.html,27.300,1.487,0.400,26.520,27.440,26.500,45.47,16.84
finance/www.bloomberg.com/pwav.html,1.620,0.621,0.010,1.590,1.650,1.560,5.30,0.22
finance/www.bloomberg.com/ppg.html,45.130,-0.704,-0.320,45.760,45.760,44.880,69.89,28.16
finance/www.bloomberg.com/ppl.html,33.300,0.392,0.130,33.080,33.510,32.660,54.00,24.25
finance/www.bloomberg.com/px.html,74.740,-1.541,-1.170,75.680,75.680,73.530,99.74,47.40
finance/www.bloomberg.com/pcln.html,115.310,-0.259,-0.300,115.290,115.990,113.190,134.50,45.15
finance/www.bloomberg.com/pg.html,52.550,1.038,0.540,51.880,52.770,51.730,73.57,43.93
finance/www.bloomberg.com/pgr.html,15.530,-2.755,-0.440,16.085,16.085,15.350,21.19,9.76
finance/www.bloomberg.com/pdli.html,7.910,1.933,0.150,7.780,7.950,7.740,9.03,5.20
finance/www.bloomberg.com/peg.html,32.540,-0.702,-0.230,32.650,32.960,31.970,47.33,22.09
finance/www.bloomberg.com/phm.html,8.820,-0.564,-0.050,8.870,8.940,8.630,17.32,6.49
finance/www.bloomberg.com/qlgc.html,13.740,-0.866,-0.120,13.770,13.870,13.380,20.21,8.69
finance/www.bloomberg.com/qlti.html,2.460,1.653,0.040,2.470,2.480,2.370,4.09,1.40
finance/www.bloomberg.com/qcom.html,46.050,0.152,0.070,46.140,46.390,45.080,56.88,28.16
finance/www.bloomberg.com/qsft.html,14.160,0.855,0.120,13.880,14.210,13.840,16.16,10.31
finance/www.bloomberg.com/zqk.html,2.370,-2.066,-0.050,2.450,2.450,2.320,10.34,0.80
finance/www.bloomberg.com/rsh.html,15.110,1.957,0.290,14.910,15.200,14.570,19.90,6.47
finance/www.bloomberg.com/rmbs.html,17.390,15.242,2.300,16.840,17.810,16.550,21.87,4.95
finance/www.bloomberg.com/rtn.html,45.310,-0.788,-0.360,45.570,45.690,44.930,62.09,33.20
finance/www.bloomberg.com/regn.html,16.360,1.805,0.290,15.930,16.420,15.680,25.00,11.81
finance/www.bloomberg.com/rimm.html,83.020,-2.832,-2.420,84.770,84.870,82.600,148.13,35.05
finance/www.bloomberg.com/rmd.html,40.110,1.931,0.760,39.260,40.130,39.010,50.58,28.90
finance/www.bloomberg.com/rfmd.html,3.570,4.082,0.140,3.480,3.590,3.330,3.98,0.70
finance/www.bloomberg.com/rok.html,33.440,0.300,0.100,32.990,33.440,32.610,56.12,17.50
finance/www.bloomberg.com/rdc.html,23.190,-1.904,-0.450,23.330,23.330,22.550,47.94,10.28
finance/www.bloomberg.com/r.html,30.390,-2.283,-0.710,30.840,31.180,29.530,75.09,19.00
finance/www.bloomberg.com/swy.html,21.260,1.335,0.280,20.800,21.280,20.800,31.15,17.19
finance/www.bloomberg.com/slab.html,37.860,-1.071,-0.410,37.990,37.990,36.985,39.24,17.05
finance/www.bloomberg.com/sndk.html,15.550,-0.955,-0.150,15.610,15.610,14.880,24.75,5.07
finance/www.bloomberg.com/sanm.html,0.670,1.500,0.010,0.660,0.679,0.650,2.66,0.18
finance/www.bloomberg.com/sape.html,5.640,0.178,0.010,5.560,5.710,5.500,9.97,3.25
finance/www.bloomberg.com/sle.html,9.010,-0.989,-0.090,9.070,9.130,8.950,15.07,6.80
finance/www.bloomberg.com/sgp.html,23.820,-0.460,-0.110,23.880,24.430,23.590,24.67,11.97
finance/www.bloomberg.com/slb.html,60.270,-3.072,-1.910,60.960,61.190,59.210,111.95,35.05
finance/www.bloomberg.com/see.html,19.120,-0.313,-0.060,19.090,19.220,18.800,25.32,10.38
finance/www.bloomberg.com/s.html,5.290,4.134,0.210,5.050,5.440,5.020,9.75,1.35
finance/www.bloomberg.com/sre.html,49.040,1.260,0.610,48.110,49.150,47.660,58.99,34.29
finance/www.bloomberg.com/shw.html,55.100,-0.253,-0.140,55.320,55.450,54.250,65.00,42.19
finance/www.bloomberg.com/sial.html,50.350,-0.944,-0.480,50.530,50.750,49.970,62.74,31.45
finance/www.bloomberg.com/skx.html,9.580,0.419,0.040,9.460,9.580,9.370,24.00,5.20
finance/www.bloomberg.com/slm.html,8.690,3.329,0.280,8.400,8.850,8.350,25.05,3.11
finance/www.bloomberg.com/sna.html,32.150,0.437,0.140,32.010,32.190,31.450,60.32,20.51
finance/www.bloomberg.com/sne.html,27.290,-0.474,-0.130,27.010,27.340,27.000,49.76,15.64
finance/www.bloomberg.com/so.html,30.550,2.140,0.640,29.940,30.800,29.610,40.00,26.48
finance/www.bloomberg.com/luv.html,6.610,-0.452,-0.030,6.630,6.730,6.530,16.77,4.95
finance/www.bloomberg.com/stj.html,37.850,-0.552,-0.210,38.000,38.500,37.650,48.49,24.98
finance/www.bloomberg.com/swk.html,37.210,0.432,0.160,36.680,37.260,36.330,49.58,22.61
finance/www.bloomberg.com/spls.html,21.130,2.872,0.590,20.460,21.160,20.260,26.57,13.57
finance/www.bloomberg.com/sbux.html,14.550,2.034,0.290,14.170,14.560,14.020,18.56,7.06
finance/www.bloomberg.com/stt.html,47.560,-0.021,-0.010,47.180,47.890,46.920,74.85,14.43
finance/www.bloomberg.com/sun.html,26.430,-2.292,-0.620,26.590,26.730,26.150,49.44,21.30
finance/www.bloomberg.com/sti.html,16.690,-0.536,-0.090,16.680,17.290,16.510,64.00,6.00
finance/www.bloomberg.com/svu.html,16.380,-1.740,-0.290,16.550,16.630,16.020,33.98,8.59
finance/www.bloomberg.com/snv.html,3.600,7.143,0.240,3.350,3.690,3.250,14.92,2.30
finance/www.bloomberg.com/syy.html,23.940,1.013,0.240,23.630,23.940,23.420,35.00,19.39
finance/www.bloomberg.com/trow.html,43.160,-0.530,-0.230,43.210,43.250,42.370,66.99,20.09
finance/www.bloomberg.com/tgt.html,40.380,2.099,0.830,39.640,40.460,39.010,59.55,25.00
finance/www.bloomberg.com/tlab.html,5.820,-0.852,-0.050,5.860,5.910,5.760,6.02,3.10
finance/www.bloomberg.com/tin.html,13.000,0.541,0.070,12.780,13.000,12.650,20.49,2.34
finance/www.bloomberg.com/thc.html,3.060,-12.321,-0.430,3.450,3.450,3.030,6.70,0.78
finance/www.bloomberg.com/ter.html,7.050,-2.083,-0.150,7.190,7.190,6.850,12.01,2.80
finance/www.bloomberg.com/txn.html,20.790,-0.240,-0.050,20.770,20.810,20.200,30.66,13.38
finance/www.bloomberg.com/txt.html,11.480,2.226,0.250,11.180,11.550,11.080,59.33,3.57
finance/www.bloomberg.com/ltd.html,12.810,4.316,0.530,12.320,12.830,12.000,22.16,5.98
finance/www.bloomberg.com/tmo.html,41.790,-0.191,-0.080,41.540,42.010,41.290,62.77,26.65
finance/www.bloomberg.com/tnb.html,31.980,-1.781,-0.580,32.200,32.200,30.900,48.19,15.79
finance/www.bloomberg.com/tibx.html,6.530,-1.805,-0.120,6.620,6.690,6.480,8.78,3.45
finance/www.bloomberg.com/tif.html,27.290,-1.835,-0.510,27.860,28.080,27.010,47.93,16.70
finance/www.bloomberg.com/tbl.html,14.430,-2.763,-0.410,14.710,14.710,13.940,19.41,7.19
finance/www.bloomberg.com/tkr.html,18.870,-1.821,-0.350,19.100,19.100,18.590,37.46,9.88
finance/www.bloomberg.com/tjx.html,30.730,2.604,0.780,29.780,30.860,29.360,37.52,17.80
finance/www.bloomberg.com/tmk.html,38.290,-2.620,-1.030,39.180,39.200,37.740,66.00,16.16
finance/www.bloomberg.com/tm.html,78.840,-0.303,-0.240,78.650,78.840,78.000,104.40,55.41
finance/www.bloomberg.com/rig.html,82.580,-2.445,-2.070,83.190,83.670,81.600,154.90,41.95
finance/www.bloomberg.com/yum.html,35.010,2.368,0.810,34.080,35.050,33.980,40.25,21.50
finance/www.bloomberg.com/tup.html,26.370,-0.715,-0.190,26.420,26.610,25.830,41.33,10.91
finance/www.bloomberg.com/tyc.html,27.470,-0.399,-0.110,27.270,27.620,27.150,46.26,15.17
finance/www.bloomberg.com/usb.html,18.580,1.198,0.220,18.260,18.630,18.260,42.23,8.06
finance/www.bloomberg.com/un.html,24.610,-2.303,-0.580,24.420,24.650,24.265,30.65,16.91
finance/www.bloomberg.com/unp.html,54.360,2.257,1.200,52.780,54.410,52.660,85.80,33.28
finance/www.bloomberg.com/uis.html,1.480,2.778,0.040,1.480,1.480,1.400,4.70,0.28
finance/www.bloomberg.com/ups.html,50.530,-2.414,-1.250,51.600,51.740,50.080,70.00,37.99
finance/www.bloomberg.com/usm.html,41.010,-0.654,-0.270,40.700,41.070,39.830,63.00,27.18
finance/www.bloomberg.com/utx.html,55.840,0.522,0.290,55.340,55.970,54.770,69.37,37.40
finance/www.bloomberg.com/unh.html,24.210,0.665,0.160,23.800,24.430,23.480,33.49,14.51
finance/www.bloomberg.com/uvv.html,36.890,-1.416,-0.530,37.360,37.470,36.530,56.00,25.35
finance/www.bloomberg.com/unm.html,16.860,-0.882,-0.150,16.960,16.960,16.470,29.86,7.61
finance/www.bloomberg.com/mro.html,32.420,-1.279,-0.420,32.180,32.520,31.930,53.98,19.34
finance/www.bloomberg.com/x.html,39.320,-6.000,-2.510,40.920,41.170,38.800,196.00,16.66
finance/www.bloomberg.com/utsi.html,1.930,-10.233,-0.220,2.010,2.090,1.900,5.94,0.63
finance/www.bloomberg.com/vrsn.html,19.240,N.A.,N.A.,19.240,19.400,18.920,41.03,16.23
finance/www.bloomberg.com/vz.html,29.920,0.571,0.170,29.690,30.060,29.610,37.38,23.07
finance/www.bloomberg.com/vrts.html,15.670,1.227,0.190,15.800,15.800,15.300,16.70,3.78
finance/www.bloomberg.com/vfc.html,58.400,-1.534,-0.910,59.190,59.330,58.150,84.60,38.22
finance/www.bloomberg.com/via.html,25.000,-0.239,-0.060,24.770,25.020,24.330,33.87,13.00
finance/www.bloomberg.com/vod.html,19.000,0.317,0.060,18.880,19.050,18.720,31.21,15.30
finance/www.bloomberg.com/vmc.html,47.200,10.539,4.500,42.930,47.210,42.930,87.88,34.30
finance/www.bloomberg.com/wag.html,31.180,0.808,0.250,30.840,31.180,30.580,37.85,21.28
finance/www.bloomberg.com/wmt.html,49.840,1.054,0.520,49.350,49.860,49.210,63.85,46.25
finance/www.bloomberg.com/wmi.html,28.600,0.140,0.040,28.480,28.670,28.190,39.25,22.10
finance/www.bloomberg.com/wpi.html,29.910,0.201,0.060,29.770,30.010,29.350,32.95,20.17
finance/www.bloomberg.com/wlp.html,46.720,2.479,1.130,45.460,47.700,45.150,57.86,27.50
finance/www.bloomberg.com/wfc.html,25.480,1.839,0.460,24.920,25.500,24.780,44.68,7.80
finance/www.bloomberg.com/wen.html,3.980,0.252,0.010,3.950,4.130,3.830,7.34,2.63
finance/www.bloomberg.com/wy.html,34.180,-1.042,-0.360,34.160,34.300,33.510,65.50,18.67
finance/www.bloomberg.com/whr.html,43.730,2.030,0.870,42.370,43.730,41.970,91.87,19.19
finance/www.bloomberg.com/wmb.html,17.310,-1.871,-0.330,17.470,17.570,17.200,40.75,9.52
finance/www.bloomberg.com/wor.html,14.850,-2.174,-0.330,15.040,15.230,14.310,26.14,6.99
finance/www.bloomberg.com/wwe.html,13.590,0.518,0.070,13.460,13.590,13.140,17.13,8.76
finance/www.bloomberg.com/xrx.html,6.980,-0.286,-0.020,6.970,7.140,6.800,14.62,4.12
finance/www.bloomberg.com/xlnx.html,20.910,-2.427,-0.520,21.280,21.390,20.440,28.20,14.28
finance/www.bloomberg.com/yhoo.html,16.400,1.297,0.210,16.170,16.470,16.100,24.80,8.94
finance/www.bloomberg.com/zigo.html,5.440,-4.561,-0.260,5.670,5.720,5.330,13.79,3.06
