url,NUMBER : value,NUMBER : var %,NUMBER : high,NUMBER : low,NUMBER : volume,NUMBER : 52wk high,NUMBER : 52wk low
finance/www.marketocracy.com/COMS.html,$5.03,-0.98%,$5.11,$4.83,"4,348,828",$5.22,$1.43
finance/www.marketocracy.com/KDE.html,$1.92,-2.04%,$1.96,$1.90,"7,121",$25.30,$1.01
finance/www.marketocracy.com/ABT.html,$45.42,1.93%,$46.00,$44.47,"10,284,431",$60.78,$41.27
finance/www.marketocracy.com/ANF.html,$27.58,3.68%,$27.65,$26.07,"3,522,094",$71.24,$13.66
finance/www.marketocracy.com/ADPT.html,$2.63,3.95%,$2.63,$2.52,"427,365",$4.24,$2.20
finance/www.marketocracy.com/ADBE.html,$30.15,-0.82%,$30.67,$29.61,"5,478,513",$46.44,$15.70
finance/www.marketocracy.com/ADIC.html,$12.24,0.00%,,,,$0.00,$0.00
finance/www.marketocracy.com/AMD.html,$4.47,-4.89%,$4.79,$4.33,"39,939,436",$7.94,$1.62
finance/www.marketocracy.com/ADVS.html,$31.23,0.64%,$31.50,$30.62,"144,114",$49.32,$17.51
finance/www.marketocracy.com/AES.html,$10.69,2.59%,$10.79,$10.21,"7,467,654",$20.80,$4.80
finance/www.marketocracy.com/AET.html,$22.97,-1.42%,$23.70,$22.47,"6,426,512",$45.40,$14.21
finance/www.marketocracy.com/AFFX.html,$6.64,-2.79%,$6.79,$6.35,"862,088",$12.05,$1.78
finance/www.marketocracy.com/AFL.html,$32.81,-2.96%,$33.72,$32.51,"3,767,843",$68.00,$10.83
finance/www.marketocracy.com/A.html,$19.36,-1.83%,$19.67,$18.94,"2,627,609",$38.00,$12.02
finance/www.marketocracy.com/APD.html,$67.99,-0.92%,$68.32,$67.12,"1,548,455",$104.75,$41.46
finance/www.marketocracy.com/AKAM.html,$22.86,-0.13%,$22.88,$22.34,"2,592,432",$37.15,$9.25
finance/www.marketocracy.com/ACV.html,$24.41,0.25%,$24.46,$24.09,"309,915",$29.40,$19.32
finance/www.marketocracy.com/AL.html,$100.93,0.00%,,,,$0.00,$0.00
finance/www.marketocracy.com/AA.html,$11.99,-1.88%,$12.14,$11.80,"35,796,554",$40.28,$4.97
finance/www.marketocracy.com/ATI.html,$41.88,-3.19%,$42.66,$41.36,"1,810,562",$67.15,$15.00
finance/www.marketocracy.com/AGN.html,$46.28,4.02%,$46.28,$44.30,"2,338,599",$61.72,$28.95
finance/www.marketocracy.com/AW.html,$10.10,0.00%,,,,$15.46,$0.00
finance/www.marketocracy.com/ALL.html,$24.85,-0.08%,$25.01,$24.60,"3,914,272",$50.47,$13.77
finance/www.marketocracy.com/AT.html,$71.20,0.00%,,,,$0.00,$0.00
finance/www.marketocracy.com/ALTR.html,$16.75,-3.62%,$17.25,$16.55,"11,648,814",$24.19,$12.99
finance/www.marketocracy.com/AMZN.html,$84.08,-1.88%,$85.20,$82.01,"6,223,054",$91.75,$34.68
finance/www.marketocracy.com/AEP.html,$28.00,1.97%,$28.16,$27.03,"4,370,711",$43.37,$24.00
finance/www.marketocracy.com/AM.html,$7.45,-0.27%,$7.50,$7.08,"248,593",$18.57,$3.24
finance/www.marketocracy.com/AIG.html,$1.61,0.00%,$1.62,$1.55,"32,807,608",$34.79,$0.33
finance/www.marketocracy.com/APCC.html,$0.01,0.00%,,,,$0.00,$0.00
finance/www.marketocracy.com/AHC.html,$1.17,2.63%,$1.20,$1.10,"37,124",$8.19,$0.59
finance/www.marketocracy.com/AEE.html,$24.41,0.78%,$24.61,$23.89,"1,382,995",$43.83,$19.51
finance/www.marketocracy.com/AEOS.html,$14.56,1.61%,$14.60,$13.98,"3,594,219",$18.00,$6.98
finance/www.marketocracy.com/AXP.html,$25.16,-1.83%,$25.69,$24.83,"14,797,428",$45.82,$9.71
finance/www.marketocracy.com/AMTD.html,$17.54,-2.28%,$17.86,$17.32,"3,959,090",$23.49,$9.34
finance/www.marketocracy.com/AMGN.html,$50.40,1.04%,$50.70,$49.34,"6,803,490",$66.51,$27.00
finance/www.marketocracy.com/AMR.html,$4.55,-0.87%,$4.69,$4.50,"5,066,781",$13.41,$2.40
finance/www.marketocracy.com/ASO.html,$21.27,0.91%,$21.27,$21.03,400,$26.02,$0.00
finance/www.marketocracy.com/APC.html,$50.57,-0.59%,$50.63,$49.38,"4,804,500",$81.02,$24.57
finance/www.marketocracy.com/ADI.html,$25.40,-1.32%,$25.82,$25.20,"4,751,635",$34.59,$15.29
finance/www.marketocracy.com/ANDW.html,$15.04,0.00%,,,,$0.00,$0.00
finance/www.marketocracy.com/ADRX.html,$25.00,0.00%,,,,$0.00,$0.00
finance/www.marketocracy.com/BUD.html,$68.58,0.00%,,,,$69.26,$0.00
finance/www.marketocracy.com/TWX.html,$26.00,-0.65%,$26.13,$25.53,"6,452,605",$50.70,$17.81
finance/www.marketocracy.com/AOC.html,$36.99,0.35%,$37.07,$36.41,"2,114,287",$50.00,$32.83
finance/www.marketocracy.com/APA.html,$84.20,-1.34%,$84.92,$83.43,"2,649,488",$145.00,$51.03
finance/www.marketocracy.com/AAPL.html,$136.97,-2.13%,$139.10,$136.04,"20,110,176",$182.60,$78.20
finance/www.marketocracy.com/AMAT.html,$11.23,0.72%,$11.24,$10.97,"17,011,098",$20.90,$7.17
finance/www.marketocracy.com/AMCC.html,$7.75,-4.79%,$8.14,$7.65,"631,579",$9.70,$3.01
finance/www.marketocracy.com/ADM.html,$28.71,-0.90%,$28.85,$28.44,"3,115,122",$36.60,$13.53
finance/www.marketocracy.com/ARIA.html,$1.86,-1.06%,$1.93,$1.84,"385,766",$3.55,$0.72
finance/www.marketocracy.com/ARBA.html,$10.60,0.76%,$10.65,$10.44,"414,494",$18.58,$6.00
finance/www.marketocracy.com/ARW.html,$22.38,-4.20%,$23.14,$21.94,"1,296,537",$36.00,$11.74
finance/www.marketocracy.com/ASH.html,$27.36,-2.77%,$28.02,$26.68,"1,495,080",$54.90,$5.35
finance/www.marketocracy.com/T.html,$25.01,0.89%,$25.05,$24.59,"27,041,071",$36.80,$20.90
finance/www.marketocracy.com/AWE.html,$14.92,0.00%,,,,$0.00,$0.00
finance/www.marketocracy.com/ADSK.html,$22.24,-0.71%,$22.33,$21.82,"2,090,230",$39.89,$11.70
finance/www.marketocracy.com/ADP.html,$37.29,-0.32%,$37.48,$36.60,"2,370,223",$45.97,$30.83
finance/www.marketocracy.com/AZO.html,$155.50,0.94%,$155.98,$151.59,"774,146",$169.99,$84.66
finance/www.marketocracy.com/AVY.html,$27.94,0.00%,$28.01,$27.36,"568,803",$50.14,$17.02
finance/www.marketocracy.com/AVA.html,$16.45,2.11%,$16.49,$15.92,"370,616",$23.58,$12.67
finance/www.marketocracy.com/AVP.html,$26.61,-0.63%,$26.82,$26.34,"2,415,917",$45.34,$14.40
finance/www.marketocracy.com/BHI.html,$41.72,-1.44%,$41.88,$41.17,"3,882,310",$90.48,$24.40
finance/www.marketocracy.com/BLL.html,$43.00,-1.83%,$43.13,$42.00,"1,455,491",$53.44,$27.37
finance/www.marketocracy.com/BAC.html,$13.72,5.78%,$13.93,$13.23,"448,295,799",$39.50,$2.53
finance/www.marketocracy.com/BK.html,$29.02,0.21%,$29.02,$28.48,"6,086,762","$3,288.11",$15.44
finance/www.marketocracy.com/BCR.html,$74.05,0.08%,$74.96,$73.25,"619,986",$101.61,$68.94
finance/www.marketocracy.com/BKS.html,$23.32,1.39%,$23.42,$22.53,"756,543",$33.64,$10.77
finance/www.marketocracy.com/ABX.html,$33.99,-1.93%,$34.23,$33.35,"8,841,186",$52.48,$17.27
finance/www.marketocracy.com/BAX.html,$49.53,3.47%,$50.48,$47.08,"10,086,604",$71.53,$45.46
finance/www.marketocracy.com/BBT.html,$23.14,2.57%,$23.19,$22.45,"6,552,050",$45.31,$12.90
finance/www.marketocracy.com/BCE.html,$21.59,-2.53%,$21.94,$21.49,"1,200,802",$39.13,$16.85
finance/www.marketocracy.com/BEAS.html,$19.01,0.00%,,,,$0.00,$0.00
finance/www.marketocracy.com/BSC.html,$8.74,1.76%,$9.44,$8.34,"1,300",$0.00,$0.00
finance/www.marketocracy.com/BDX.html,$68.35,0.10%,$68.87,$67.72,"1,323,767",$89.24,$58.14
finance/www.marketocracy.com/BBBY.html,$28.36,1.54%,$28.41,$27.23,"5,167,841",$34.00,$16.23
finance/www.marketocracy.com/BLS.html,$47.11,0.00%,,,,$0.00,$0.00
finance/www.marketocracy.com/BMS.html,$25.00,-1.73%,$25.39,$24.82,"590,137",$29.70,$16.85
finance/www.marketocracy.com/BBY.html,$38.55,3.55%,$38.69,$36.90,"7,140,872",$100.66,$16.42
finance/www.marketocracy.com/BBH.html,$91.50,0.49%,$92.27,$90.69,"54,400",$205.67,$84.55
finance/www.marketocracy.com/BDK.html,$30.95,-0.48%,$31.06,$30.23,"763,251",$69.50,$20.10
finance/www.marketocracy.com/HRB.html,$15.69,-0.13%,$15.80,$15.35,"1,540,981",$27.97,$13.73
finance/www.marketocracy.com/BBI.html,$0.87,-1.14%,$0.91,$0.86,"1,258,709",$3.19,$0.13
finance/www.marketocracy.com/BMC.html,$35.39,0.97%,$35.48,$34.71,"1,466,804",$38.84,$20.58
finance/www.marketocracy.com/BA.html,$51.44,1.54%,$51.56,$50.11,"5,476,628",$77.80,$29.05
finance/www.marketocracy.com/BCC.html,$7.60,-3.30%,$7.86,$7.53,"1,400,215",$18.74,$1.86
finance/www.marketocracy.com/BSX.html,$9.37,0.21%,$9.50,$9.17,"7,202,153",$14.20,$0.01
finance/www.marketocracy.com/BP.html,$51.20,-1.93%,$51.24,$50.58,"4,970,474",$70.09,$33.70
finance/www.marketocracy.com/BGG.html,$15.88,-1.18%,$16.00,$15.59,"228,683",$21.51,$11.13
finance/www.marketocracy.com/BMY.html,$19.81,-0.95%,$20.00,$19.67,"10,685,361",$23.98,$16.00
finance/www.marketocracy.com/BSY.html,$29.20,-1.52%,$29.20,$28.85,"23,021",$42.00,$19.90
finance/www.marketocracy.com/BTY.html,$15.92,3.65%,$15.94,$15.74,"224,941",$43.07,$9.71
finance/www.marketocracy.com/BRCM.html,$26.30,-2.41%,$26.67,$25.66,"9,430,048",$29.91,$12.98
finance/www.marketocracy.com/BRCD.html,$7.80,1.69%,$7.92,$7.59,"19,337,172",$9.09,$2.05
finance/www.marketocracy.com/BC.html,$4.32,0.47%,$4.37,$4.19,"449,912",$16.64,$1.82
finance/www.marketocracy.com/BNI.html,$77.36,2.90%,$77.70,$75.13,"2,700,887",$110.04,$50.86
finance/www.marketocracy.com/BR.html,$17.18,-0.46%,$17.22,$16.93,"604,471",$23.00,$9.21
finance/www.marketocracy.com/CPN.html,$11.82,0.77%,$11.87,$11.35,"2,921,785",$23.08,$4.76
finance/www.marketocracy.com/CPB.html,$29.10,0.17%,$29.30,$28.80,"1,863,922",$40.85,$24.63
finance/www.marketocracy.com/COF.html,$23.94,-2.64%,$24.50,$23.72,"8,252,934",$61.46,$7.80
finance/www.marketocracy.com/CAH.html,$30.96,0.39%,$31.43,$30.67,"3,244,338",$56.45,$27.75
finance/www.marketocracy.com/CCL.html,$24.17,1.85%,$24.20,$23.58,"5,108,393",$42.39,$14.85
finance/www.marketocracy.com/CAT.html,$37.73,0.32%,$37.77,$37.02,"8,567,660",$82.35,$21.71
finance/www.marketocracy.com/CRA.html,$7.94,-3.40%,$8.38,$7.81,"593,460",$17.56,$5.03
finance/www.marketocracy.com/CELG.html,$43.23,0.35%,$43.64,$42.68,"3,608,868",$77.39,$36.90
finance/www.marketocracy.com/CD.html,$5.08,5.39%,$5.10,$4.55,"1,912,529",$12.91,$0.34
finance/www.marketocracy.com/CTX.html,$8.48,-0.47%,$8.55,$8.26,"3,757,867",$18.71,$4.91
finance/www.marketocracy.com/CTL.html,$32.06,-1.36%,$32.38,$31.40,"2,082,026",$40.35,$20.45
finance/www.marketocracy.com/CEN.html,$35.94,0.00%,,,,$0.00,$0.00
finance/www.marketocracy.com/CF.html,$82.50,-0.42%,$83.71,$80.98,"1,108,534",$172.99,$37.71
finance/www.marketocracy.com/CHKP.html,$24.09,1.05%,$24.17,$23.69,"2,498,838",$25.74,$16.80
finance/www.marketocracy.com/CVX.html,$72.67,1.14%,$72.75,$70.69,"13,931,638",$100.90,$29.33
finance/www.marketocracy.com/CHL.html,$52.98,-1.96%,$53.03,$52.26,"1,614,648",$71.70,$34.33
finance/www.marketocracy.com/CHINA.html,$1.66,3.11%,$1.66,$1.57,"674,378",$3.17,$0.65
finance/www.marketocracy.com/CHIR.html,$47.98,0.00%,,,,$0.00,$0.00
finance/www.marketocracy.com/CB.html,$40.82,-1.04%,$41.24,$40.56,"1,571,125",$69.39,$33.47
finance/www.marketocracy.com/CI.html,$20.89,-0.05%,$21.16,$20.21,"4,074,970",$44.14,$8.00
finance/www.marketocracy.com/CINF.html,$23.84,-0.67%,$24.15,$23.70,"709,727",$35.00,$13.68
finance/www.marketocracy.com/CIN.html,$45.41,0.00%,,,,$0.00,$0.00
finance/www.marketocracy.com/CC.html,$0.02,-2.99%,$0.02,$0.02,"577,905",$4.49,$0.00
finance/www.marketocracy.com/CSCO.html,$19.91,-0.80%,$20.00,$19.63,"41,372,311",$26.70,$11.78
finance/www.marketocracy.com/C.html,$3.47,-0.29%,$3.55,$3.44,"139,079,006",$23.50,$0.97
finance/www.marketocracy.com/CTXS.html,$34.10,2.13%,$34.19,$32.80,"4,170,314",$34.41,$19.00
finance/www.marketocracy.com/CCU.html,$35.69,4.33%,$35.99,$33.85,"81,372",$36.16,$22.54
finance/www.marketocracy.com/CLX.html,$56.39,5.11%,$56.49,$54.36,"3,982,400",$65.00,$45.67
finance/www.marketocracy.com/CMGI.html,$6.57,12.31%,$6.70,$5.75,"640,754",$12.72,$1.62
finance/www.marketocracy.com/CMS.html,$12.30,1.99%,$12.37,$11.90,"5,084,916",$15.89,$8.33
finance/www.marketocracy.com/CNET.html,$11.49,0.00%,,,,$11.67,$0.00
finance/www.marketocracy.com/COKE.html,$56.35,-0.79%,$56.72,$55.67,"9,355",$57.11,$31.41
finance/www.marketocracy.com/KO.html,$48.89,0.64%,$49.04,$48.48,"8,620,310",$57.59,$37.44
finance/www.marketocracy.com/CCE.html,$17.18,-1.55%,$17.40,$17.07,"2,736,160",$19.60,$7.25
finance/www.marketocracy.com/CL.html,$71.38,1.59%,$72.00,$69.79,"3,068,588",$80.49,$54.36
finance/www.marketocracy.com/CMCSK.html,$13.73,-1.15%,$13.75,$13.39,"4,576,784",$22.37,$10.33
finance/www.marketocracy.com/CMA.html,$22.63,-0.79%,$23.15,$22.38,"1,960,754",$54.00,$11.72
finance/www.marketocracy.com/CMRC.html,$0.05,0.00%,$0.05,$0.05,"1,600",$0.19,$0.04
finance/www.marketocracy.com/CA.html,$17.73,-0.62%,$17.99,$17.46,"3,595,606",$24.67,$12.00
finance/www.marketocracy.com/CSC.html,$44.99,0.78%,$45.12,$44.10,"1,133,822",$49.37,$23.93
finance/www.marketocracy.com/CPWR.html,$7.43,-1.07%,$7.66,$7.31,"2,904,081",$11.91,$5.08
finance/www.marketocracy.com/CMVT.html,$7.60,0.66%,$7.70,$7.50,"165,015",$18.94,$4.98
finance/www.marketocracy.com/CAG.html,$19.46,-0.87%,$19.69,$19.34,"4,408,301",$23.51,$13.52
finance/www.marketocracy.com/ED.html,$37.08,1.09%,$37.15,$36.13,"1,755,160",$46.39,$32.56
finance/www.marketocracy.com/CEG.html,$27.23,1.00%,$27.47,$26.70,"3,096,042",$87.04,$13.00
finance/www.marketocracy.com/CAL.html,$9.09,-1.73%,$9.46,$9.05,"4,564,492",$21.83,$5.91
finance/www.marketocracy.com/CVG.html,$9.28,-1.28%,$9.40,$9.15,"555,634",$16.99,$4.02
finance/www.marketocracy.com/CBE.html,$34.13,-0.84%,$34.26,$33.67,"2,088,234",$49.64,$18.86
finance/www.marketocracy.com/CTB.html,$9.22,-7.43%,$9.88,$8.95,"1,237,578",$12.15,$2.96
finance/www.marketocracy.com/GLW.html,$15.89,-0.44%,$15.90,$15.41,"10,949,120",$27.56,$7.36
finance/www.marketocracy.com/COST.html,$47.03,1.64%,$47.10,$45.96,"4,735,611",$74.89,$30.70
finance/www.marketocracy.com/COX.html,$34.72,0.00%,,,,$0.00,$0.00
finance/www.marketocracy.com/CR.html,$24.06,-2.47%,$24.59,$23.82,"365,530",$42.94,$10.87
finance/www.marketocracy.com/CREE.html,$28.74,-2.13%,$29.36,$28.30,"1,424,633",$31.75,$12.57
finance/www.marketocracy.com/CCK.html,$23.25,-1.77%,$23.62,$23.01,"1,741,720",$29.60,$13.37
finance/www.marketocracy.com/CSX.html,$36.52,4.76%,$36.57,$34.77,"8,478,100",$69.50,$20.70
finance/www.marketocracy.com/CRGN.html,$1.38,-0.72%,$1.39,$1.35,"545,924",$1.48,$0.41
finance/www.marketocracy.com/CVS.html,$30.35,0.26%,$30.36,$29.90,"7,274,355",$42.78,$23.19
finance/www.marketocracy.com/CYTO.html,$0.61,0.00%,,,,$0.61,$0.00
finance/www.marketocracy.com/DCX.html,$39.09,0.28%,$39.41,$38.78,"323,517",$70.85,$21.53
finance/www.marketocracy.com/DCN.html,$0.00,0.00%,,,,$0.00,$0.00
finance/www.marketocracy.com/DHR.html,$62.77,-0.74%,$63.03,$62.00,"1,456,590",$85.00,$47.20
finance/www.marketocracy.com/DRI.html,$33.80,2.52%,$33.83,$32.67,"2,024,967",$41.21,$13.21
finance/www.marketocracy.com/DE.html,$44.77,-0.69%,$44.78,$43.70,"3,587,279",$81.22,$24.51
finance/www.marketocracy.com/DELL.html,$13.39,0.90%,$13.40,$13.05,"25,270,320",$26.04,$7.84
finance/www.marketocracy.com/DAL.html,$6.40,-4.19%,$6.74,$6.37,"11,727,463",$12.65,$3.51
finance/www.marketocracy.com/DEL.html,$38.57,2.04%,$38.85,$37.09,"40,765",$75.08,$26.94
finance/www.marketocracy.com/DLX.html,$14.71,-2.71%,$14.99,$14.26,"222,798",$21.13,$6.20
finance/www.marketocracy.com/DIA.html,$88.29,0.49%,$88.33,$87.37,"12,743,832",$123.43,$64.78
finance/www.marketocracy.com/DDS.html,$10.04,3.83%,$10.08,$9.46,"755,492",$15.37,$2.50
finance/www.marketocracy.com/DIS.html,$25.06,-0.67%,$25.39,$24.52,"7,332,339",$34.85,$15.14
finance/www.marketocracy.com/DVSA.html,$0.79,-3.66%,$0.84,$0.77,"943,482",$3.88,$0.23
finance/www.marketocracy.com/DLTR.html,$43.29,-0.39%,$43.70,$42.56,"1,171,711",$46.74,$27.61
finance/www.marketocracy.com/D.html,$33.39,1.34%,$33.52,$32.44,"3,535,508",$48.50,$27.15
finance/www.marketocracy.com/DOV.html,$36.16,-0.11%,$36.16,$35.35,"1,419,848",$52.43,$21.79
finance/www.marketocracy.com/DOW.html,$17.34,-0.52%,$17.50,$17.05,"9,925,352",$39.99,$5.89
finance/www.marketocracy.com/DJ.html,$59.97,0.00%,,,,$0.00,$0.00
finance/www.marketocracy.com/DTE.html,$31.96,1.36%,$32.10,$31.15,"908,450",$44.97,$23.32
finance/www.marketocracy.com/DUK.html,$14.67,1.59%,$14.76,$14.25,"14,473,344",$19.10,$11.72
finance/www.marketocracy.com/DNB.html,$83.55,-0.37%,$83.70,$82.55,"229,914",$98.90,$64.00
finance/www.marketocracy.com/DD.html,$27.00,-0.41%,$27.24,$26.61,"7,121,153",$48.22,$16.05
finance/www.marketocracy.com/ELNK.html,$7.77,-1.40%,$7.90,$7.65,"726,400",$10.16,$5.52
finance/www.marketocracy.com/EMN.html,$40.65,-2.24%,$41.31,$40.13,"742,733",$75.81,$17.76
finance/www.marketocracy.com/EK.html,$2.95,2.43%,$2.96,$2.78,"2,773,119",$17.71,$2.01
finance/www.marketocracy.com/ETN.html,$49.18,0.92%,$49.22,$48.04,"1,024,801",$97.93,$30.02
finance/www.marketocracy.com/EBAY.html,$17.80,-0.50%,$17.95,$17.45,"10,883,867",$29.33,$9.91
finance/www.marketocracy.com/ELON.html,$8.06,2.55%,$8.09,$7.66,"158,998",$15.74,$4.92
finance/www.marketocracy.com/DISH.html,$15.33,-1.41%,$15.71,$14.99,"3,887,215",$34.34,$8.34
finance/www.marketocracy.com/ECL.html,$38.69,1.07%,$38.80,$37.94,"1,602,171",$52.16,$29.27
finance/www.marketocracy.com/EIX.html,$32.49,2.14%,$32.52,$31.23,"3,656,784",$53.07,$23.09
finance/www.marketocracy.com/ERTS.html,$21.93,0.27%,$22.04,$21.60,"5,139,125",$50.17,$14.24
finance/www.marketocracy.com/EDS.html,$24.96,0.00%,,,,$24.96,$0.00
finance/www.marketocracy.com/EMC.html,$13.26,1.38%,$13.28,$12.74,"21,410,091",$16.67,$8.25
finance/www.marketocracy.com/EMR.html,$35.07,0.37%,$35.08,$34.33,"3,594,187",$56.41,$24.39
finance/www.marketocracy.com/EC.html,$24.77,-0.48%,$25.00,$24.41,"19,271",$25.00,$0.00
finance/www.marketocracy.com/ETR.html,$78.24,2.93%,$78.67,$74.95,"1,600,896",$123.14,$59.87
finance/www.marketocracy.com/ENZ.html,$5.49,0.73%,$5.49,$5.30,"81,914",$14.90,$2.70
finance/www.marketocracy.com/EFX.html,$27.29,-0.04%,$27.29,$26.73,"1,170,331",$37.29,$19.38
finance/www.marketocracy.com/XOM.html,$73.78,-0.36%,$74.16,$73.10,"21,698,405",$117.20,$56.51
finance/www.marketocracy.com/FRE.html,$0.70,-1.41%,$0.71,$0.69,"4,772,987",$24.23,$0.25
finance/www.marketocracy.com/FNM.html,$0.66,-1.49%,$0.67,$0.65,"10,702,263",$25.99,$0.30
finance/www.marketocracy.com/FDX.html,$54.39,-3.15%,$56.22,$53.63,"3,844,319",$96.99,$34.02
finance/www.marketocracy.com/FITB.html,$8.03,3.35%,$8.03,$7.74,"22,625,444",$21.00,$1.01
finance/www.marketocracy.com/FDC.html,$33.83,0.00%,,,,$0.00,$0.00
finance/www.marketocracy.com/FE.html,$40.48,3.50%,$40.60,$38.56,"4,120,716",$84.00,$35.26
finance/www.marketocracy.com/FLEX.html,$4.40,-4.55%,$4.60,$4.35,"4,894,772",$10.99,$1.23
finance/www.marketocracy.com/FLR.html,$53.85,0.06%,$53.85,$52.80,"2,637,308",$101.37,$28.60
finance/www.marketocracy.com/FMC.html,$52.45,-1.54%,$52.81,$52.02,"841,536",$80.23,$28.53
finance/www.marketocracy.com/F.html,$6.11,2.17%,$6.15,$5.92,"54,584,184",$6.75,$1.01
finance/www.marketocracy.com/FO.html,$37.03,-0.11%,$37.13,$36.26,"857,798",$66.72,$17.68
finance/www.marketocracy.com/FOSL.html,$23.12,-2.33%,$23.64,$22.66,"478,718",$33.36,$11.00
finance/www.marketocracy.com/FDRY.html,$16.66,0.00%,,,,$18.49,$0.00
finance/www.marketocracy.com/FPL.html,$57.39,1.52%,$57.90,$55.72,"1,827,107",$68.76,$33.81
finance/www.marketocracy.com/BEN.html,$75.99,-0.51%,$76.89,$74.64,"1,060,548",$168.00,$37.11
finance/www.marketocracy.com/FCX.html,$58.51,-3.16%,$60.27,$58.09,"17,173,569",$126.64,$15.70
finance/www.marketocracy.com/FCEL.html,$4.59,-2.34%,$4.77,$4.50,"659,644",$8.83,$1.98
finance/www.marketocracy.com/GCI.html,$4.22,-1.40%,$4.27,$4.15,"2,597,449",$26.42,$1.85
finance/www.marketocracy.com/GPS.html,$16.37,0.86%,$16.61,$15.90,"8,544,065",$20.80,$9.41
finance/www.marketocracy.com/GTW.html,$1.91,0.00%,,,,$0.00,$0.00
finance/www.marketocracy.com/DNA.html,$94.97,0.00%,,,,$99.14,$0.00
finance/www.marketocracy.com/GM.html,$1.17,-9.30%,$1.23,$1.05,"68,931,535",$16.76,$0.27
finance/www.marketocracy.com/GD.html,$59.76,0.79%,$60.03,$58.63,"1,535,783",$94.41,$35.28
finance/www.marketocracy.com/GE.html,$13.51,0.37%,$13.52,$13.29,"57,438,407",$30.39,$5.73
finance/www.marketocracy.com/GIS.html,$54.92,0.38%,$55.11,$54.21,"1,818,304",$72.01,$46.37
finance/www.marketocracy.com/OSCI.html,$0.27,-28.08%,$0.32,$0.25,"32,202,381",$1.80,$0.06
finance/www.marketocracy.com/GPC.html,$33.79,-0.21%,$33.97,$33.43,"717,800",$44.20,$24.93
finance/www.marketocracy.com/GP.html,$47.98,0.00%,,,,$0.00,$0.00
finance/www.marketocracy.com/G.html,$11.26,-0.62%,$11.26,$10.87,"193,096",$15.70,$6.30
finance/www.marketocracy.com/GR.html,$53.36,3.17%,$53.36,$51.54,"1,440,325",$55.34,$25.11
finance/www.marketocracy.com/GT.html,$12.41,-5.12%,$13.05,$12.17,"5,454,284",$23.14,$3.17
finance/www.marketocracy.com/GOOG.html,$424.84,-0.97%,$427.70,$421.21,"2,918,429",$579.10,$247.30
finance/www.marketocracy.com/GRA.html,$13.48,-1.97%,$13.70,$13.28,"230,234",$28.09,$2.95
finance/www.marketocracy.com/GWW.html,$83.81,-0.37%,$83.96,$82.91,"836,313",$93.99,$58.86
finance/www.marketocracy.com/GAP.html,$4.98,3.11%,$5.00,$4.76,"586,795",$25.39,$3.01
finance/www.marketocracy.com/GLK.html,$12.12,0.00%,,,,$12.12,$0.00
finance/www.marketocracy.com/GES.html,$26.56,1.53%,$26.67,$25.35,"2,319,573",$43.13,$10.26
finance/www.marketocracy.com/GDT.html,$80.10,0.00%,,,,$0.00,$0.00
finance/www.marketocracy.com/HAL.html,$23.99,-1.40%,$24.13,$23.60,"15,072,420",$55.38,$12.80
finance/www.marketocracy.com/HET.html,$89.22,0.00%,,,,$0.00,$0.00
finance/www.marketocracy.com/HIG.html,$12.95,-8.03%,$13.60,$12.80,"20,403,412",$73.89,$3.33
finance/www.marketocracy.com/HAS.html,$25.09,-3.61%,$25.65,$24.74,"3,273,163",$41.68,$21.14
finance/www.marketocracy.com/HLTH.html,$11.92,0.93%,$12.01,$11.62,"556,532",$12.70,$6.80
finance/www.marketocracy.com/HNZ.html,$36.32,0.80%,$36.46,$35.84,"2,037,039",$53.00,$30.51
finance/www.marketocracy.com/HELX.html,$12.12,-2.26%,$12.39,$11.78,"1,020,315",$41.81,$2.21
finance/www.marketocracy.com/HP.html,$34.92,-1.99%,$35.13,$33.86,"1,424,822",$77.24,$17.01
finance/www.marketocracy.com/HPC.html,$19.17,0.00%,,,,$21.95,$0.00
finance/www.marketocracy.com/HSY.html,$35.39,0.51%,$35.45,$34.90,"580,972",$43.91,$30.27
finance/www.marketocracy.com/HLT.html,$47.48,0.00%,,,,$0.00,$0.00
finance/www.marketocracy.com/HD.html,$24.15,-0.33%,$24.24,$23.83,"18,283,987",$30.74,$2.70
finance/www.marketocracy.com/HMC.html,$28.86,-1.57%,$28.89,$28.51,"656,521",$36.29,$17.35
finance/www.marketocracy.com/HON.html,$35.41,-1.06%,$35.67,$35.05,"4,422,483",$56.88,$23.06
finance/www.marketocracy.com/HOTT.html,$7.14,-2.19%,$7.30,$6.95,"1,741,202",$13.87,$4.61
finance/www.marketocracy.com/HGSI.html,$2.89,-10.34%,$3.00,$2.77,"9,788,301",$8.00,$0.45
finance/www.marketocracy.com/HUM.html,$29.41,1.07%,$29.63,$28.44,"1,926,098",$51.39,$18.57
finance/www.marketocracy.com/HBAN.html,$4.15,0.48%,$4.26,$4.11,"24,840,740",$13.50,$1.00
finance/www.marketocracy.com/ITW.html,$38.08,0.50%,$38.19,$37.28,"3,334,496",$51.00,$25.60
finance/www.marketocracy.com/RX.html,$13.29,6.41%,$13.35,$12.33,"3,759,504",$23.93,$9.63
finance/www.marketocracy.com/N.html,$11.84,5.71%,$11.91,$11.15,"167,786",$22.25,$5.43
finance/www.marketocracy.com/INCY.html,$3.33,0.00%,$3.44,$3.23,"1,079,243",$10.42,$1.85
finance/www.marketocracy.com/INSP.html,$7.21,1.12%,$7.28,$7.00,"99,360",$11.94,$5.07
finance/www.marketocracy.com/INFY.html,$37.12,-0.03%,$37.13,$36.30,"1,814,687",$47.41,$21.10
finance/www.marketocracy.com/IR.html,$23.06,0.83%,$23.06,$22.44,"4,848,617",$41.14,$11.46
finance/www.marketocracy.com/INTC.html,$16.31,-0.24%,$16.31,$16.02,"47,625,571",$24.75,$12.05
finance/www.marketocracy.com/ICGE.html,$6.07,0.00%,$6.13,$5.97,"145,743",$9.84,$3.04
finance/www.marketocracy.com/IPG.html,$6.00,0.50%,$6.00,$5.83,"2,966,249",$9.69,$2.57
finance/www.marketocracy.com/ISIL.html,$13.02,-2.32%,$13.25,$12.77,"2,250,109",$27.34,$7.18
finance/www.marketocracy.com/IBM.html,$108.21,-1.09%,$109.28,$107.75,"7,250,917",$130.93,$69.50
finance/www.marketocracy.com/IFF.html,$32.96,-0.60%,$33.15,$32.55,"625,251",$45.21,$24.72
finance/www.marketocracy.com/IP.html,$15.81,1.74%,$15.85,$15.01,"5,700,002",$31.07,$3.93
finance/www.marketocracy.com/INTU.html,$28.64,0.77%,$28.64,$28.01,"2,289,884",$32.00,$20.18
finance/www.marketocracy.com/ITT.html,$46.66,1.15%,$46.73,$45.55,"1,300,741",$69.73,$31.94
finance/www.marketocracy.com/JBL.html,$7.55,-0.79%,$7.61,$7.40,"2,254,353",$18.78,$3.10
finance/www.marketocracy.com/JKHY.html,$19.09,-0.42%,$19.12,$18.83,"388,395",$24.45,$14.29
finance/www.marketocracy.com/JBX.html,$24.63,-0.69%,$24.79,$24.14,"659,460",$30.35,$11.82
finance/www.marketocracy.com/JNJ.html,$56.06,0.02%,$56.54,$55.72,"11,882,289",$72.76,$46.25
finance/www.marketocracy.com/JCI.html,$21.57,-2.00%,$21.91,$21.09,"5,372,819",$36.00,$8.35
finance/www.marketocracy.com/JNPR.html,$23.87,-0.04%,$23.93,$23.43,"6,592,309",$27.65,$12.43
finance/www.marketocracy.com/KBH.html,$14.09,-2.70%,$14.50,$13.82,"3,030,621",$25.43,$6.90
finance/www.marketocracy.com/KEI.html,$3.99,-12.61%,$4.51,$3.99,"46,380",$10.65,$1.86
finance/www.marketocracy.com/K.html,$44.55,1.37%,$44.61,$43.50,"1,921,859",$58.51,$35.64
finance/www.marketocracy.com/KMG.html,$70.47,0.00%,,,,$0.00,$0.00
finance/www.marketocracy.com/KEY.html,$6.12,2.51%,$6.17,$5.92,"24,963,592",$18.48,$4.40
finance/www.marketocracy.com/KEYN.html,$8.73,3.91%,$8.88,$8.20,"27,648",$14.31,$6.34
finance/www.marketocracy.com/KMB.html,$52.73,0.59%,$52.95,$52.15,"1,480,322",$66.66,$43.05
finance/www.marketocracy.com/KLAC.html,$25.88,-1.90%,$26.57,$25.41,"5,033,448",$43.06,$14.81
finance/www.marketocracy.com/KSS.html,$46.59,1.46%,$46.68,$45.15,"3,469,365",$56.00,$24.28
finance/www.marketocracy.com/KKD.html,$3.44,0.88%,$3.45,$3.31,"335,303",$5.65,$1.01
finance/www.marketocracy.com/KR.html,$21.72,-0.59%,$21.90,$21.49,"6,422,818",$30.99,$19.39
finance/www.marketocracy.com/KSWS.html,$8.86,-0.90%,$8.91,$8.51,"69,328",$20.76,$6.44
finance/www.marketocracy.com/KYO.html,$76.94,-1.51%,$77.29,$76.45,"160,836",$100.78,$45.41
finance/www.marketocracy.com/LRCX.html,$25.64,-0.47%,$26.02,$24.81,"1,990,920",$40.42,$14.72
finance/www.marketocracy.com/LEG.html,$15.50,-1.59%,$15.76,$15.22,"1,531,566",$24.60,$10.03
finance/www.marketocracy.com/LEH.html,$0.05,-1.96%,$0.05,$0.05,"2,248,292",$28.21,$0.01
finance/www.marketocracy.com/LXK.html,$16.27,-0.73%,$16.54,$16.12,"1,431,131",$37.01,$14.82
finance/www.marketocracy.com/LLY.html,$34.29,-0.26%,$34.84,$34.07,"5,266,112",$49.78,$27.21
finance/www.marketocracy.com/LNC.html,$17.75,-6.33%,$18.77,$17.20,"8,809,006",$59.99,$4.76
finance/www.marketocracy.com/LLTC.html,$23.58,-0.59%,$23.80,$23.03,"3,893,778",$34.49,$17.69
finance/www.marketocracy.com/LIZ.html,$4.63,-8.86%,$4.99,$4.54,"1,680,533",$20.14,$1.46
finance/www.marketocracy.com/LMT.html,$82.77,0.67%,$82.88,$81.61,"2,313,572",$120.30,$57.41
finance/www.marketocracy.com/LTR.html,$28.13,-0.25%,$28.20,$27.70,"1,604,855",$58.57,$17.40
finance/www.marketocracy.com/LDG.html,$71.51,0.00%,,,,$77.00,$0.00
finance/www.marketocracy.com/LPX.html,$4.42,4.49%,$4.42,$4.18,"1,445,798",$11.75,$1.03
finance/www.marketocracy.com/LOW.html,$19.85,-0.50%,$19.93,$19.54,"11,532,373",$60.55,$13.00
finance/www.marketocracy.com/MAR.html,$24.01,-0.37%,$24.20,$23.63,"3,268,928",$30.27,$11.88
finance/www.marketocracy.com/MMC.html,$20.64,0.29%,$20.66,$20.30,"2,734,397",$36.82,$17.18
finance/www.marketocracy.com/MSO.html,$3.27,0.62%,$3.33,$3.21,"117,394",$9.99,$1.60
finance/www.marketocracy.com/MAS.html,$9.93,-0.80%,$10.06,$9.64,"3,661,376",$22.00,$3.64
finance/www.marketocracy.com/MAT.html,$16.28,-1.45%,$16.43,$16.00,"1,720,513",$21.95,$10.36
finance/www.marketocracy.com/MXIM.html,$16.51,-0.54%,$16.62,$16.26,"4,515,517",$22.80,$10.72
finance/www.marketocracy.com/MAY.html,$6.51,-2.11%,$6.59,$6.51,"4,980",$12.05,$4.44
finance/www.marketocracy.com/MYG.html,$21.33,0.00%,,,,$0.00,$0.00
finance/www.marketocracy.com/MBI.html,$5.85,0.00%,$5.95,$5.71,"2,975,241",$19.08,$2.17
finance/www.marketocracy.com/KRB.html,$27.15,0.00%,,,,$0.00,$0.00
finance/www.marketocracy.com/MDR.html,$23.28,-3.16%,$23.83,$23.06,"2,842,631",$64.82,$5.98
finance/www.marketocracy.com/MCD.html,$58.36,1.20%,$58.48,$57.50,"7,063,106",$67.00,$45.79
finance/www.marketocracy.com/MHP.html,$31.99,0.25%,$31.99,$31.32,"1,314,991",$47.13,$17.15
finance/www.marketocracy.com/MCK.html,$42.98,-0.16%,$43.16,$42.24,"2,482,313",$60.45,$28.27
finance/www.marketocracy.com/MEDX.html,$7.28,0.00%,$7.39,$7.21,"1,305,007",$10.12,$3.40
finance/www.marketocracy.com/MDT.html,$33.62,-0.36%,$33.83,$33.23,"6,295,951",$56.97,$24.06
finance/www.marketocracy.com/MRK.html,$26.08,-0.38%,$27.07,$25.68,"29,773,101",$38.90,$20.05
finance/www.marketocracy.com/MERQ.html,$51.97,0.00%,,,,$0.00,$0.00
finance/www.marketocracy.com/MDP.html,$28.20,-1.40%,$28.47,$27.33,"307,894",$31.31,$10.60
finance/www.marketocracy.com/MER.html,$11.64,0.00%,,,,$39.95,$0.00
finance/www.marketocracy.com/MET.html,$31.08,-2.94%,$32.09,$30.50,"6,122,305",$65.50,$11.37
finance/www.marketocracy.com/MGM.html,$7.13,2.15%,$7.15,$6.71,"18,007,860",$43.64,$1.81
finance/www.marketocracy.com/MTG.html,$4.80,-2.24%,$4.94,$4.68,"1,528,315",$12.50,$0.70
finance/www.marketocracy.com/MGG.html,$21.10,1.83%,$21.15,$20.50,"164,853",$23.82,$11.28
finance/www.marketocracy.com/MU.html,$5.47,-1.97%,$5.62,$5.19,"18,814,634",$7.92,$1.59
finance/www.marketocracy.com/MSFT.html,$23.33,2.19%,$23.38,$22.74,"50,963,461",$29.57,$14.87
finance/www.marketocracy.com/MSTR.html,$48.80,-1.04%,$49.04,$48.16,"33,154",$75.89,$30.55
finance/www.marketocracy.com/MLNM.html,$24.97,0.00%,,,,$0.00,$0.00
finance/www.marketocracy.com/MIL.html,$67.48,-0.15%,$67.62,$66.79,"383,483",$76.92,$43.36
finance/www.marketocracy.com/MMM.html,$61.00,0.69%,$61.00,$59.91,"3,228,967",$76.53,$40.87
finance/www.marketocracy.com/MOLX.html,$16.56,-1.90%,$16.74,$16.26,"928,289",$27.99,$9.68
finance/www.marketocracy.com/JPM.html,$35.13,0.54%,$35.44,$34.80,"41,164,088",$50.63,$14.96
finance/www.marketocracy.com/MOT.html,$6.73,-2.04%,$6.81,$6.55,"14,059,230",$10.50,$2.98
finance/www.marketocracy.com/MYGN.html,$37.75,0.13%,$37.80,$37.05,"1,055,716",$47.08,$22.28
finance/www.marketocracy.com/QQQ.html,"$3,665.00",-0.46%,"$3,671.90","$3,620.00","109,452,462",$49.06,$25.05
finance/www.marketocracy.com/NCC.html,$1.81,0.00%,,,,$6.88,$0.00
finance/www.marketocracy.com/NSM.html,$13.59,-6.08%,$14.32,$13.20,"14,956,504",$24.21,$9.02
finance/www.marketocracy.com/NAV.html,$45.89,0.20%,$46.15,$45.00,"820,488",$76.00,$15.24
finance/www.marketocracy.com/NCR.html,$12.74,-1.09%,$12.76,$12.31,"1,724,897",$28.09,$6.62
finance/www.marketocracy.com/NTAP.html,$20.14,1.10%,$20.16,$19.32,"8,988,414",$26.78,$10.39
finance/www.marketocracy.com/NYT.html,$6.29,2.44%,$6.40,$6.17,"513,614",$16.97,$3.44
finance/www.marketocracy.com/NWL.html,$10.80,-2.53%,$11.07,$10.38,"4,274,529",$21.38,$4.51
finance/www.marketocracy.com/NEM.html,$42.71,-3.15%,$43.36,$42.15,"6,272,090",$53.77,$21.17
finance/www.marketocracy.com/NEWP.html,$6.75,1.66%,$6.75,$6.43,"91,824",$13.34,$2.93
finance/www.marketocracy.com/NXTL.html,$33.32,0.00%,,,,$0.00,$0.00
finance/www.marketocracy.com/NXTP.html,$28.48,0.00%,,,,$0.00,$0.00
finance/www.marketocracy.com/GAS.html,$35.22,0.63%,$35.36,$34.42,"420,085",$51.99,$27.50
finance/www.marketocracy.com/NKE.html,$56.61,-0.02%,$56.99,$55.65,"3,871,692",$69.72,$38.24
finance/www.marketocracy.com/NIKU.html,$20.97,0.00%,,,,$0.00,$0.00
finance/www.marketocracy.com/NOK.html,$15.68,-1.75%,$15.69,$15.35,"15,665,729",$28.34,$8.47
finance/www.marketocracy.com/JWN.html,$20.77,1.22%,$20.84,$19.95,"3,978,207",$37.00,$6.61
finance/www.marketocracy.com/NSC.html,$41.23,1.93%,$41.40,$40.03,"3,589,288",$75.53,$26.69
finance/www.marketocracy.com/NTRS.html,$55.19,-0.29%,$55.49,$54.44,"1,522,102",$88.92,$33.88
finance/www.marketocracy.com/NOC.html,$48.72,1.14%,$49.02,$47.80,"1,989,989",$73.06,$33.81
finance/www.marketocracy.com/NOVL.html,$4.15,0.24%,$4.18,$4.07,"3,615,168",$6.62,$2.49
finance/www.marketocracy.com/NVLS.html,$18.23,-0.98%,$18.50,$17.78,"2,569,543",$23.50,$10.26
finance/www.marketocracy.com/NUE.html,$47.50,-3.00%,$48.29,$47.06,"4,133,900",$79.24,$25.25
finance/www.marketocracy.com/NVDA.html,$11.51,-0.52%,$11.55,$11.14,"14,874,959",$22.15,$5.75
finance/www.marketocracy.com/OXY.html,$68.97,-2.35%,$69.97,$68.25,"5,535,343",$92.49,$39.93
finance/www.marketocracy.com/ODP.html,$4.80,-2.64%,$4.91,$4.67,"6,745,725",$13.04,$0.59
finance/www.marketocracy.com/OMC.html,$32.45,-0.28%,$32.57,$31.85,"1,426,295",$47.58,$20.09
finance/www.marketocracy.com/OKE.html,$30.00,-1.12%,$30.18,$29.68,"633,361",$50.42,$18.10
finance/www.marketocracy.com/ONVI.html,$5.38,-3.06%,$6.15,$5.26,"11,124",$6.15,$2.68
finance/www.marketocracy.com/ORCL.html,$20.85,-0.43%,$21.00,$19.47,"23,154,762",$23.62,$13.80
finance/www.marketocracy.com/OSIS.html,$17.24,0.00%,$17.24,$16.67,"88,048",$25.56,$10.15
finance/www.marketocracy.com/OI.html,$30.16,0.03%,$30.33,$29.44,"2,867,553",$53.01,$9.53
finance/www.marketocracy.com/PCAR.html,$33.27,-1.71%,$33.94,$32.81,"3,841,357",$48.10,$20.38
finance/www.marketocracy.com/PSUN.html,$3.57,-4.03%,$3.76,$3.54,"837,686",$10.29,$0.72
finance/www.marketocracy.com/PTV.html,$21.80,-2.02%,$22.05,$21.51,"1,362,551",$65.20,$10.62
finance/www.marketocracy.com/PLL.html,$27.14,-1.52%,$27.56,$26.69,"1,671,035",$43.19,$18.20
finance/www.marketocracy.com/PZZA.html,$25.10,0.80%,$25.17,$24.41,"135,626",$30.63,$12.78
finance/www.marketocracy.com/PMTC.html,$12.30,2.76%,$12.30,$11.89,"1,593,077",$21.54,$7.18
finance/www.marketocracy.com/PH.html,$46.19,-0.04%,$46.20,$45.31,"1,042,535",$79.96,$27.69
finance/www.marketocracy.com/PAYX.html,$27.57,-2.68%,$27.97,$26.95,"5,551,602",$35.53,$20.31
finance/www.marketocracy.com/PSS.html,$13.85,0.22%,$13.95,$13.10,"1,825,815",$21.00,$3.85
finance/www.marketocracy.com/CRA.html,$7.94,-3.40%,$8.38,$7.81,"593,460",$17.56,$5.03
finance/www.marketocracy.com/JCP.html,$29.16,4.44%,$29.24,$27.60,"5,961,187",$44.20,$13.71
finance/www.marketocracy.com/PSFT.html,$0.58,0.00%,$0.58,$0.57,"28,000",$79.56,$0.55
finance/www.marketocracy.com/PBY.html,$9.70,-2.02%,$10.08,$9.58,"2,223,253",$10.36,$2.62
finance/www.marketocracy.com/PBG.html,$33.57,1.94%,$33.75,$32.80,"2,358,499",$34.83,$15.78
finance/www.marketocracy.com/PEP.html,$53.65,1.28%,$53.85,$52.60,"5,958,398",$75.25,$43.78
finance/www.marketocracy.com/PKI.html,$17.32,0.00%,$17.42,$16.96,"766,069",$29.95,$10.88
finance/www.marketocracy.com/PFE.html,$14.76,0.89%,$15.07,$14.51,"74,231,441",$20.13,$11.62
finance/www.marketocracy.com/PCG.html,$38.04,0.74%,$38.26,$37.31,"2,799,173",$42.98,$26.67
finance/www.marketocracy.com/PD.html,$129.47,0.00%,,,,$0.00,$0.00
finance/www.marketocracy.com/MO.html,$16.64,-1.25%,$16.89,$16.52,"19,467,798",$21.86,$14.34
finance/www.marketocracy.com/PHG.html,$19.21,-0.83%,$19.26,$18.93,"551,559",$37.21,$13.91
finance/www.marketocracy.com/PNW.html,$29.77,2.27%,$29.96,$28.58,"1,443,583",$37.88,$22.32
finance/www.marketocracy.com/PBI.html,$22.06,-0.50%,$22.19,$21.79,"1,245,892",$39.98,$17.62
finance/www.marketocracy.com/PLUG.html,$1.05,-8.78%,$1.13,$1.02,"619,582",$2.95,$0.64
finance/www.marketocracy.com/PMCS.html,$7.76,-4.32%,$8.08,$7.67,"4,396,019",$9.95,$2.82
finance/www.marketocracy.com/PNC.html,$41.34,-2.57%,$42.67,$41.00,"6,179,401",$87.99,$16.20
finance/www.marketocracy.com/RL.html,$53.45,-1.96%,$54.25,$52.33,"1,468,523",$82.02,$31.22
finance/www.marketocracy.com/PCH.html,$27.30,1.49%,$27.44,$26.50,"643,754",$54.79,$18.00
finance/www.marketocracy.com/PWAV.html,$1.62,0.00%,$1.65,$1.56,"979,791",$5.30,$0.22
finance/www.marketocracy.com/PPG.html,$45.13,-0.70%,$45.76,$44.88,"2,123,742",$69.89,$28.16
finance/www.marketocracy.com/PPL.html,$33.30,0.39%,$33.51,$32.66,"2,087,775",$54.00,$24.25
finance/www.marketocracy.com/PX.html,$74.74,-1.54%,$75.68,$73.53,"1,644,456",$99.74,$47.40
finance/www.marketocracy.com/PCLN.html,$115.31,-0.26%,$115.99,$113.19,"661,651",$134.50,$45.15
finance/www.marketocracy.com/PG.html,$52.55,1.04%,$52.77,$51.73,"10,352,651",$73.57,$1.00
finance/www.marketocracy.com/PGR.html,$15.53,-2.76%,$16.09,$15.35,"6,138,160",$21.31,$9.76
finance/www.marketocracy.com/PDLI.html,$7.91,1.93%,$7.95,$7.74,"1,492,645",$12.70,$5.20
finance/www.marketocracy.com/PEG.html,$32.54,-0.70%,$32.96,$31.97,"3,378,106",$47.33,$22.09
finance/www.marketocracy.com/PHM.html,$8.82,-0.68%,$8.94,$8.63,"6,035,841",$23.24,$6.49
finance/www.marketocracy.com/QLGC.html,$13.74,-0.94%,$13.87,$13.38,"1,720,843",$20.21,$8.69
finance/www.marketocracy.com/QLTI.html,$2.46,1.65%,$2.48,$2.37,"215,773",$4.09,$1.40
finance/www.marketocracy.com/QCOM.html,$46.05,0.15%,$46.39,$45.08,"13,902,761",$56.88,$28.16
finance/www.marketocracy.com/QSFT.html,$14.16,0.85%,$14.21,$13.84,"557,366",$16.23,$10.31
finance/www.marketocracy.com/ZQK.html,$2.37,-2.07%,$2.45,$2.32,"1,371,656",$10.34,$0.07
finance/www.marketocracy.com/RSH.html,$15.11,1.96%,$15.20,$14.57,"4,992,141",$19.90,$6.47
finance/www.marketocracy.com/RMBS.html,$17.39,15.24%,$17.81,$16.55,"9,248,994",$21.87,$4.95
finance/www.marketocracy.com/RTN.html,$45.31,-0.79%,$45.69,$44.93,"3,442,712",$64.00,$33.20
finance/www.marketocracy.com/REGN.html,$16.36,1.62%,$16.42,$15.68,"332,393",$25.00,$11.81
finance/www.marketocracy.com/RIMM.html,$83.02,-2.83%,$84.87,$82.60,"15,230,400",$148.13,$35.05
finance/www.marketocracy.com/RMD.html,$40.11,1.93%,$40.13,$39.01,"645,935",$50.58,$28.90
finance/www.marketocracy.com/RFMD.html,$3.57,3.79%,$3.59,$3.33,"9,018,950",$3.98,$0.70
finance/www.marketocracy.com/ROK.html,$33.44,0.30%,$33.44,$32.61,"791,742",$56.12,$17.50
finance/www.marketocracy.com/ROH.html,$78.94,0.00%,,,,"$6,478.23",$0.00
finance/www.marketocracy.com/RDC.html,$23.19,-1.90%,$23.33,$22.55,"2,978,351",$47.94,$10.28
finance/www.marketocracy.com/RML.html,$17.98,0.00%,,,,$0.00,$0.00
finance/www.marketocracy.com/R.html,$30.36,-2.38%,$31.18,$29.53,"1,011,723",$131.99,$19.00
finance/www.marketocracy.com/SAFC.html,$68.12,0.00%,,,,$68.21,$0.00
finance/www.marketocracy.com/SWY.html,$21.26,1.33%,$21.28,$20.80,"3,925,092",$31.39,$17.19
finance/www.marketocracy.com/SLAB.html,$37.86,-1.07%,$37.99,$36.99,"652,113",$39.24,$17.05
finance/www.marketocracy.com/SNDK.html,$15.55,-0.96%,$15.61,$14.88,"6,995,196",$24.97,$5.07
finance/www.marketocracy.com/SANM.html,$0.67,1.50%,$0.68,$0.65,"1,122,889",$2.66,$0.18
finance/www.marketocracy.com/SAPE.html,$5.64,0.18%,$5.71,$5.50,"485,840",$9.97,$3.25
finance/www.marketocracy.com/SLE.html,$9.01,-1.10%,$9.13,$8.95,"5,668,991",$15.07,$6.80
finance/www.marketocracy.com/SBC.html,$25.01,0.89%,$25.05,$24.59,"27,041,071",$36.80,$20.90
finance/www.marketocracy.com/SGP.html,$23.82,-0.46%,$24.43,$23.59,"13,073,423",$24.67,$11.97
finance/www.marketocracy.com/SLB.html,$60.27,-3.07%,$61.19,$59.21,"11,039,292",$111.95,$35.05
finance/www.marketocracy.com/SCH.html,$18.08,1.80%,$18.09,$17.31,"9,758,599",$28.75,$10.75
finance/www.marketocracy.com/SFA.html,$7.97,0.25%,$7.98,$7.96,"3,321",$0.00,$0.00
finance/www.marketocracy.com/SEE.html,$19.12,-0.31%,$19.22,$18.80,"762,709",$25.32,$10.38
finance/www.marketocracy.com/S.html,$5.29,4.13%,$5.44,$5.02,"63,681,470",$9.75,$1.35
finance/www.marketocracy.com/SRE.html,$49.04,1.26%,$49.15,$47.66,"1,073,506",$58.99,$34.29
finance/www.marketocracy.com/SC.html,$55.65,0.00%,,,,$0.00,$0.00
finance/www.marketocracy.com/SHW.html,$55.10,-0.25%,$55.45,$54.25,"1,024,100",$65.00,$42.19
finance/www.marketocracy.com/SEBL.html,$10.61,0.00%,,,,$0.00,$0.00
finance/www.marketocracy.com/SIAL.html,$50.35,-0.94%,$50.75,$49.97,"852,846",$62.74,$31.45
finance/www.marketocracy.com/SILI.html,$37.79,0.00%,,,,$0.00,$0.00
finance/www.marketocracy.com/SKX.html,$9.58,0.42%,$9.58,$9.37,"261,667",$24.00,$5.20
finance/www.marketocracy.com/SLM.html,$8.69,3.33%,$8.85,$8.35,"9,280,216",$25.05,$3.11
finance/www.marketocracy.com/SNA.html,$32.15,0.44%,$32.19,$31.45,"442,359",$60.32,$20.51
finance/www.marketocracy.com/SNE.html,$27.29,-0.47%,$27.34,$27.00,"384,385",$49.91,$15.64
finance/www.marketocracy.com/SO.html,$30.55,2.14%,$30.80,$29.61,"5,345,735",$40.00,$26.48
finance/www.marketocracy.com/SOTR.html,$0.20,0.00%,,,,$2.20,$0.02
finance/www.marketocracy.com/LUV.html,$6.61,-0.45%,$6.73,$6.53,"8,957,884",$16.77,$4.95
finance/www.marketocracy.com/STJ.html,$37.85,-0.55%,$38.50,$37.65,"4,314,297",$48.49,$24.98
finance/www.marketocracy.com/SWK.html,$37.21,0.40%,$37.26,$36.33,"561,483",$49.58,$22.61
finance/www.marketocracy.com/SPLS.html,$21.13,2.87%,$21.16,$20.26,"11,851,058",$26.57,$13.57
finance/www.marketocracy.com/SBUX.html,$14.55,2.03%,$14.56,$14.02,"10,849,644",$18.56,$7.06
finance/www.marketocracy.com/STT.html,$47.56,-0.02%,$47.89,$46.92,"4,130,792",$74.85,$14.43
finance/www.marketocracy.com/SUN.html,$26.43,-2.29%,$26.73,$26.15,"3,219,857",$49.44,$21.30
finance/www.marketocracy.com/STI.html,$16.69,-0.54%,$17.29,$16.51,"7,441,752",$64.00,$6.00
finance/www.marketocracy.com/SVU.html,$16.38,-1.74%,$16.63,$16.02,"2,749,203",$33.98,$8.59
finance/www.marketocracy.com/SBL.html,$11.59,-0.35%,$11.59,$11.59,"7,000",$0.00,$0.00
finance/www.marketocracy.com/SNV.html,$3.60,7.14%,$3.69,$3.25,"6,058,951",$23.70,$2.30
finance/www.marketocracy.com/SYY.html,$23.94,1.01%,$23.94,$23.42,"2,736,934",$35.00,$19.39
finance/www.marketocracy.com/TROW.html,$43.16,-0.53%,$43.25,$42.37,"1,900,905",$70.20,$20.09
finance/www.marketocracy.com/TGT.html,$40.38,2.10%,$40.46,$39.01,"6,898,273",$59.55,$25.00
finance/www.marketocracy.com/TEK.html,$38.00,0.00%,,,,$0.00,$0.00
finance/www.marketocracy.com/TLAB.html,$5.82,-0.85%,$5.91,$5.76,"4,698,654",$6.02,$3.10
finance/www.marketocracy.com/TIN.html,$13.00,0.54%,$13.00,$12.65,"1,840,750",$20.49,$2.34
finance/www.marketocracy.com/THC.html,$3.06,-12.32%,$3.45,$3.03,"17,566,214",$6.70,$0.78
finance/www.marketocracy.com/TER.html,$7.05,-2.08%,$7.19,$6.85,"4,803,462",$12.01,$2.80
finance/www.marketocracy.com/TXN.html,$20.79,-0.24%,$20.81,$20.20,"15,724,454",$30.66,$13.38
finance/www.marketocracy.com/TXT.html,$11.48,2.23%,$11.55,$11.08,"3,680,815",$59.33,$3.57
finance/www.marketocracy.com/LTD.html,$12.81,4.40%,$12.83,$12.00,"5,233,435",$22.16,$5.98
finance/www.marketocracy.com/TMO.html,$41.79,-0.19%,$42.01,$41.29,"3,079,945",$62.77,$26.65
finance/www.marketocracy.com/TNB.html,$31.98,-1.78%,$32.20,$30.90,"378,084",$48.19,$15.79
finance/www.marketocracy.com/TIBX.html,$6.53,-1.80%,$6.69,$6.48,"1,336,878",$8.78,$3.45
finance/www.marketocracy.com/TIF.html,$27.29,-1.83%,$28.08,$27.01,"3,963,512",$47.93,$16.70
finance/www.marketocracy.com/TBL.html,$14.43,-2.76%,$14.71,$13.94,"321,009",$19.41,$7.19
finance/www.marketocracy.com/TKR.html,$18.87,-1.82%,$19.10,$18.59,"409,722",$37.46,$9.88
finance/www.marketocracy.com/TTN.html,$23.09,0.00%,,,,$0.00,$0.00
finance/www.marketocracy.com/TJX.html,$30.73,2.60%,$30.86,$29.36,"4,603,298",$37.52,$17.80
finance/www.marketocracy.com/TMK.html,$38.29,-2.62%,$39.20,$37.74,"919,050",$66.00,$16.16
finance/www.marketocracy.com/TM.html,$78.84,-0.30%,$78.84,$78.00,"232,484",$104.40,$55.41
finance/www.marketocracy.com/RIG.html,$82.58,-2.45%,$83.67,$81.60,"4,270,806",$154.90,$41.95
finance/www.marketocracy.com/TRB.html,$33.07,0.00%,,,,$0.00,$0.00
finance/www.marketocracy.com/YUM.html,$35.01,2.37%,$35.05,$33.98,"3,777,249",$40.25,$21.50
finance/www.marketocracy.com/TUP.html,$26.37,-0.72%,$26.61,$25.83,"452,093",$41.33,$10.91
finance/www.marketocracy.com/TXU.html,$69.16,0.00%,,,,$0.00,$0.00
finance/www.marketocracy.com/TYC.html,$27.47,-0.36%,$27.62,$27.15,"2,550,875",$46.26,$15.17
finance/www.marketocracy.com/USB.html,$18.58,1.20%,$18.63,$18.26,"16,879,942",$42.23,$8.06
finance/www.marketocracy.com/UN.html,$24.61,-2.30%,$24.65,$24.27,"2,944,492",$31.17,$16.91
finance/www.marketocracy.com/UNP.html,$54.36,2.26%,$54.41,$52.66,"3,951,803",$85.80,$33.28
finance/www.marketocracy.com/UIS.html,$1.48,2.78%,$1.48,$1.40,"1,575,014",$4.70,$0.28
finance/www.marketocracy.com/UPS.html,$50.53,-2.41%,$51.74,$50.08,"5,606,421",$70.00,$37.99
finance/www.marketocracy.com/USM.html,$41.01,-0.65%,$41.07,$39.83,"122,103",$63.00,$27.18
finance/www.marketocracy.com/UTX.html,$55.84,0.52%,$55.97,$54.77,"3,611,648",$69.37,$37.40
finance/www.marketocracy.com/UNH.html,$24.21,0.67%,$24.43,$23.48,"15,141,376",$33.49,$14.51
finance/www.marketocracy.com/UVV.html,$36.89,-1.42%,$37.47,$36.53,"170,532",$56.00,$25.35
finance/www.marketocracy.com/UVN.html,$36.23,0.00%,,,,$0.00,$0.00
finance/www.marketocracy.com/UCL.html,$66.10,0.00%,,,,$0.00,$0.00
finance/www.marketocracy.com/UNM.html,$16.86,-0.88%,$16.96,$16.47,"2,619,778",$49.18,$7.61
finance/www.marketocracy.com/UST.html,$69.46,0.00%,,,,$69.48,$0.00
finance/www.marketocracy.com/MRO.html,$32.42,-1.28%,$32.52,$31.93,"5,648,860",$53.98,$19.34
finance/www.marketocracy.com/X.html,$39.32,-6.00%,$41.17,$38.80,"26,734,964",$196.00,$16.66
finance/www.marketocracy.com/UTSI.html,$1.93,-10.23%,$2.09,$1.90,"782,965",$5.94,$0.63
finance/www.marketocracy.com/VANS.html,$20.55,0.00%,,,,$0.00,$0.00
finance/www.marketocracy.com/VRSN.html,$19.24,0.00%,$19.40,$18.92,"4,018,186",$41.03,$16.23
finance/www.marketocracy.com/VZ.html,$29.92,0.57%,$30.06,$29.61,"22,900,955",$37.56,$23.07
finance/www.marketocracy.com/VRTS.html,$15.67,0.32%,$15.80,$15.30,"6,036",$16.70,$0.00
finance/www.marketocracy.com/VFC.html,$58.40,-1.53%,$59.33,$58.15,"1,223,938",$84.60,$38.22
finance/www.marketocracy.com/VIA.html,$24.93,-0.52%,$25.02,$24.33,"59,543",$33.87,$13.00
finance/www.marketocracy.com/VC.html,$0.17,-12.82%,$0.20,$0.16,"9,987,679",$3.88,$0.02
finance/www.marketocracy.com/VOD.html,$19.00,0.37%,$19.05,$18.72,"1,811,177",$31.21,$15.30
finance/www.marketocracy.com/VMC.html,$47.20,10.54%,$47.21,$42.93,"13,891,676",$100.25,$34.30
finance/www.marketocracy.com/WB.html,$5.54,0.00%,,,,$24.00,$0.00
finance/www.marketocracy.com/WAG.html,$31.18,0.81%,$31.18,$30.58,"4,511,648",$37.85,$21.28
finance/www.marketocracy.com/WMT.html,$49.84,1.05%,$49.86,$49.21,"15,339,150",$63.85,$46.25
finance/www.marketocracy.com/WM.html,$0.10,2.04%,$0.10,$0.10,"5,641,893",$6.99,$0.01
finance/www.marketocracy.com/WMI.html,$28.60,0.14%,$28.67,$28.19,"2,111,465",$39.25,$22.10
finance/www.marketocracy.com/WPI.html,$29.91,0.17%,$30.01,$29.35,"830,396",$32.95,$20.17
finance/www.marketocracy.com/WLP.html,$46.72,2.48%,$47.70,$45.15,"4,596,562",$57.86,$27.50
finance/www.marketocracy.com/WFC.html,$25.48,1.84%,$25.50,$24.78,"49,009,859",$44.69,$7.80
finance/www.marketocracy.com/WEN.html,$3.98,0.25%,$4.13,$3.83,"18,741,001",$7.34,$2.63
finance/www.marketocracy.com/WY.html,$34.18,-1.04%,$34.30,$33.51,"1,369,282",$65.50,$18.67
finance/www.marketocracy.com/WHR.html,$43.73,2.03%,$43.73,$41.97,"1,579,721",$91.87,$19.19
finance/www.marketocracy.com/WMB.html,$17.31,-1.87%,$17.57,$17.20,"5,026,146",$40.75,$9.52
finance/www.marketocracy.com/WOR.html,$14.85,-2.17%,$15.23,$14.31,"580,540",$26.14,$6.99
finance/www.marketocracy.com/WWY.html,$79.77,0.00%,,,,$79.88,$0.00
finance/www.marketocracy.com/WWE.html,$13.59,0.52%,$13.59,$13.14,"121,354",$17.13,$8.76
finance/www.marketocracy.com/XRX.html,$6.98,-0.29%,$7.14,$6.80,"5,265,678",$14.62,$4.12
finance/www.marketocracy.com/XLNX.html,$20.91,-2.43%,$21.39,$20.44,"9,045,731",$28.20,$14.28
finance/www.marketocracy.com/YHOO.html,$16.40,1.24%,$16.47,$16.10,"16,971,672",$26.33,$8.94
finance/www.marketocracy.com/ZIGO.html,$5.44,-4.56%,$5.72,$5.33,"24,620",$13.79,$3.06
