url,NUMBER : value,NUMBER : var %,NUMBER : var $,NUMBER : open,NUMBER : high,NUMBER : low,NUMBER : volume,NUMBER : 52wk high,NUMBER : 52wk low
finance/www.quote.com/coms.html,5.03,-0.98,-0.05,5.08,5.11,4.83,"4,348,828",5.22,1.43
finance/www.quote.com/kde.html,1.92,-2.04,-0.04,1.90,1.96,1.90,"7,121",9.59,1.01
finance/www.quote.com/abt.html,45.42,1.93,0.86,44.47,46.00,44.47,"10,284,431",60.78,41.27
finance/www.quote.com/anf.html,27.58,3.68,0.98,26.47,27.65,26.07,"3,522,094",71.24,13.66
finance/www.quote.com/adpt.html,2.63,3.95,0.10,2.57,2.63,2.52,"427,365",4.24,2.20
finance/www.quote.com/adbe.html,30.15,-0.82,-0.25,30.60,30.6699,29.61,"5,478,513",46.44,15.70
finance/www.quote.com/amd.html,4.47,-4.89,-0.23,4.75,4.79,4.33,"39,939,436",7.94,1.62
finance/www.quote.com/advs.html,31.23,0.68,0.21,30.94,31.50,30.62,"144,114",49.32,17.51
finance/www.quote.com/aes.html,10.69,2.59,0.27,10.36,10.79,10.21,"7,467,654",20.80,4.80
finance/www.quote.com/aet.html,22.97,-1.42,-0.33,23.25,23.70,22.47,"6,426,512",45.40,14.2101
finance/www.quote.com/affx.html,6.64,-2.64,-0.18,6.70,6.79,6.35,"862,088",12.05,1.78
finance/www.quote.com/afl.html,32.81,-2.96,-1.00,33.54,33.72,32.51,"3,767,843",68.00,10.83
finance/www.quote.com/a.html,19.36,-1.83,-0.36,19.67,19.67,18.94,"2,627,609",38.00,12.02
finance/www.quote.com/apd.html,67.99,-0.92,-0.63,68.04,68.32,67.12,"1,548,455",104.75,41.46
finance/www.quote.com/akam.html,22.86,-0.13,-0.03,22.85,22.88,22.3399,"2,592,432",37.15,9.25
finance/www.quote.com/acv.html,24.41,0.25,0.06,24.23,24.46,24.09,"309,915",29.40,19.32
finance/www.quote.com/al.html,0.44,-2.22,-0.01,0.46,0.46,0.44,0,,
finance/www.quote.com/ati.html,41.88,-3.19,-1.38,42.55,42.66,41.36,"1,810,562",67.15,15.00
finance/www.quote.com/agn.html,46.28,4.02,1.79,44.37,46.28,44.30,"2,338,599",61.72,28.95
finance/www.quote.com/aw.html,10.10,1.30,0.13,9.73,10.20,9.50,0,,
finance/www.quote.com/all.html,24.85,-0.08,-0.02,24.87,25.01,24.60,"3,914,272",50.47,13.77
finance/www.quote.com/altr.html,16.75,-3.62,-0.63,17.23,17.25,16.55,"11,648,814",24.19,12.99
finance/www.quote.com/amzn.html,84.08,-1.88,-1.61,85.03,85.20,82.01,"6,223,054",91.75,34.68
finance/www.quote.com/aep.html,28.00,2.00,0.55,27.28,28.16,27.03,"4,370,711",43.37,24.00
finance/www.quote.com/am.html,7.45,-0.27,-0.02,7.43,7.50,7.08,"248,593",18.57,3.24
finance/www.quote.com/aig.html,1.61,0.00,0.00,1.61,1.62,1.55,"32,807,608",34.79,0.33
finance/www.quote.com/apcc.html,0.01,-95.00,-0.19,0.01,0.01,0.01,166,1.50,0.01
finance/www.quote.com/ahc.html,1.17,2.63,0.03,1.12,1.20,1.10,"37,124",8.19,0.5926
finance/www.quote.com/aee.html,24.41,0.78,0.19,24.09,24.61,23.89,"1,382,995",43.825,19.51
finance/www.quote.com/axp.html,25.16,-1.83,-0.47,25.39,25.69,24.83,"14,797,428",45.82,9.71
finance/www.quote.com/amtd.html,17.54,-2.34,-0.42,17.67,17.86,17.32,"3,959,090",23.4857,9.34
finance/www.quote.com/amgn.html,50.40,1.04,0.52,49.6066,50.70,49.34,"6,803,490",66.51,42.95
finance/www.quote.com/amr.html,4.55,-0.87,-0.04,4.55,4.69,4.50,"5,066,781",13.41,2.40
finance/www.quote.com/aso.html,21.27,0.91,0.1926,21.0301,21.27,21.03,0,28.40,12.17
finance/www.quote.com/apc.html,50.57,-0.59,-0.30,50.12,50.63,49.38,"4,804,500",81.02,24.57
finance/www.quote.com/adi.html,25.40,-1.32,-0.34,25.77,25.82,25.20,"4,751,635",34.59,15.29
finance/www.quote.com/bud.html,68.58,0.00,0.00,68.90,68.90,68.54,0,69.26,54.35
finance/www.quote.com/twx.html,26.00,-0.65,-0.17,26.05,26.13,25.53,"6,452,605",50.70,17.81
finance/www.quote.com/aoc.html,36.99,0.35,0.13,36.81,37.07,36.41,"2,114,287",50.00,32.83
finance/www.quote.com/apa.html,84.20,-1.34,-1.14,84.33,84.92,83.43,"2,649,488",145.00,51.03
finance/www.quote.com/aapl.html,136.97,-2.13,-2.98,138.81,139.10,136.04,"20,110,176",182.60,78.20
finance/www.quote.com/amat.html,11.23,0.72,0.08,11.19,11.24,10.97,"17,011,098",20.90,7.80
finance/www.quote.com/amcc.html,7.75,-4.79,-0.39,8.14,8.14,7.65,"631,579",9.70,3.0101
finance/www.quote.com/adm.html,28.71,-0.90,-0.26,28.84,28.85,28.44,"3,115,122",36.60,13.53
finance/www.quote.com/aria.html,1.86,-1.06,-0.02,1.92,1.9292,1.84,"385,766",3.55,0.72
finance/www.quote.com/arba.html,10.60,0.76,0.08,10.48,10.65,10.44,"414,494",18.58,6.00
finance/www.quote.com/arw.html,22.38,-4.20,-0.98,22.95,23.14,21.94,"1,296,537",36.00,11.74
finance/www.quote.com/ash.html,27.36,-2.81,-0.79,27.90,28.02,26.6827,"1,495,080",54.90,5.35
finance/www.quote.com/t.html,25.01,0.89,0.22,24.65,25.05,24.59,"27,041,071",36.80,20.90
finance/www.quote.com/adsk.html,22.24,-0.71,-0.16,22.12,22.33,21.82,"2,090,230",39.89,11.70
finance/www.quote.com/adp.html,37.29,-0.32,-0.12,37.27,37.48,36.60,"2,370,223",45.97,30.83
finance/www.quote.com/azo.html,155.50,0.94,1.45,153.55,155.98,151.59,"774,146",169.9899,84.66
finance/www.quote.com/avy.html,27.94,0.00,0.00,27.51,28.01,27.36,"568,803",55.00,17.02
finance/www.quote.com/ava.html,16.45,2.17,0.35,16.11,16.49,15.92,"370,616",23.58,12.67
finance/www.quote.com/avp.html,26.61,-0.63,-0.17,26.43,26.82,26.34,"2,415,917",45.34,14.40
finance/www.quote.com/bhi.html,41.72,-1.44,-0.61,41.75,41.88,41.17,"3,882,310",90.48,24.40
finance/www.quote.com/bll.html,43.00,-1.83,-0.80,42.99,43.13,42.00,"1,455,491",53.44,27.37
finance/www.quote.com/bac.html,13.72,5.78,0.75,13.30,13.93,13.23,"448,295,800",39.50,2.53
finance/www.quote.com/bk.html,29.02,0.21,0.06,28.94,29.02,28.48,"6,086,762",43.00,15.44
finance/www.quote.com/bcr.html,74.05,0.08,0.06,73.85,74.955,73.25,"619,986",101.61,68.94
finance/www.quote.com/bks.html,23.32,1.39,0.32,22.90,23.42,22.53,"756,543",33.64,10.77
finance/www.quote.com/abx.html,33.99,-1.93,-0.67,33.61,34.23,33.35,"8,841,186",52.48,17.27
finance/www.quote.com/bax.html,49.53,3.47,1.66,47.76,50.48,47.08,"10,086,604",71.53,45.46
finance/www.quote.com/bbt.html,23.14,2.57,0.58,22.50,23.19,22.45,"6,552,050",45.31,12.90
finance/www.quote.com/bce.html,21.59,-2.53,-0.56,21.91,21.94,21.49,"1,200,802",39.13,16.85
finance/www.quote.com/bsc.html,8.744,1.79,0.154,8.92,9.44,8.34,0,12.83,3.06
finance/www.quote.com/bdx.html,68.35,0.10,0.07,67.72,68.87,67.72,"1,323,767",89.24,58.14
finance/www.quote.com/bbby.html,28.36,1.54,0.43,27.68,28.41,27.23,"5,167,841",34.00,16.2336
finance/www.quote.com/bms.html,25.00,-1.73,-0.44,25.30,25.39,24.82,"590,137",29.70,16.85
finance/www.quote.com/bby.html,38.55,3.55,1.32,37.13,38.69,36.90,"7,140,872",48.75,16.42
finance/www.quote.com/bbh.html,91.68,0.69,0.63,90.91,92.27,90.69,"54,400",102.835,71.805
finance/www.quote.com/bdk.html,30.95,-0.45,-0.14,31.04,31.06,30.23,"763,251",69.50,20.10
finance/www.quote.com/hrb.html,15.69,-0.13,-0.02,15.66,15.80,15.35,"1,540,981",27.97,13.73
finance/www.quote.com/bbi.html,0.87,-1.14,-0.01,0.9089,0.9089,0.86,"1,258,709",3.19,0.13
finance/www.quote.com/bmc.html,35.39,0.97,0.34,34.88,35.48,34.71,"1,466,804",38.84,20.58
finance/www.quote.com/ba.html,51.44,1.54,0.78,50.76,51.56,50.11,"5,476,628",77.80,29.05
finance/www.quote.com/bsx.html,9.37,0.21,0.02,9.45,9.50,9.17,"7,202,153",14.20,5.41
finance/www.quote.com/bgg.html,15.88,-1.18,-0.19,15.92,16.00,15.59,"228,683",21.51,11.13
finance/www.quote.com/bmy.html,19.81,-0.95,-0.19,19.90,20.00,19.67,"10,685,361",23.98,16.00
finance/www.quote.com/bsy.html,29.19,-1.55,-0.46,29.12,29.20,28.85,"23,021",42.00,19.90
finance/www.quote.com/brcm.html,26.30,-2.30,-0.62,26.67,26.67,25.66,"9,430,048",29.91,12.98
finance/www.quote.com/brcd.html,7.80,1.69,0.13,7.76,7.92,7.59,"19,337,172",9.09,2.05
finance/www.quote.com/bc.html,4.32,0.47,0.02,4.33,4.37,4.19,"449,912",16.64,1.82
finance/www.quote.com/bni.html,77.36,2.90,2.18,75.34,77.70,75.13,"2,700,887",110.04,50.86
finance/www.quote.com/cpn.html,11.82,0.77,0.09,11.79,11.8675,11.35,"2,921,785",23.08,4.76
finance/www.quote.com/cpb.html,29.10,0.17,0.05,29.00,29.30,28.80,"1,863,922",40.85,24.63
finance/www.quote.com/cof.html,23.94,-2.64,-0.65,24.50,24.50,23.72,"8,252,934",63.50,7.80
finance/www.quote.com/cah.html,30.96,0.39,0.12,30.86,31.43,30.67,"3,244,338",56.45,27.75
finance/www.quote.com/ccl.html,24.17,1.85,0.44,24.11,24.20,23.58,"5,108,393",42.39,14.85
finance/www.quote.com/cat.html,37.73,0.32,0.12,37.47,37.77,37.02,"8,567,660",82.35,21.71
finance/www.quote.com/cra.html,7.94,-3.52,-0.29,8.19,8.38,7.81,"593,460",17.56,5.03
finance/www.quote.com/celg.html,43.23,-0.21,-0.09,43.64,43.64,42.68,"3,608,868",77.39,36.90
finance/www.quote.com/cd.html,0.8941,-1.87,-0.017,0.8913,0.8951,0.8899,,,
finance/www.quote.com/ctx.html,8.48,-0.47,-0.04,8.54,8.55,8.26,"3,757,867",18.71,4.91
finance/www.quote.com/ctl.html,32.06,-1.38,-0.45,32.38,32.38,31.40,"2,082,026",40.35,20.45
finance/www.quote.com/cf.html,82.50,-0.41,-0.34,82.13,83.71,80.98,"1,108,534",172.99,37.71
finance/www.quote.com/chkp.html,24.09,1.05,0.25,23.83,24.17,23.69,"2,498,838",25.74,16.80
finance/www.quote.com/cvx.html,72.67,1.07,0.77,71.19,72.75,70.69,"13,931,638",100.90,55.50
finance/www.quote.com/chl.html,52.98,-1.96,-1.06,52.67,53.03,52.26,"1,614,648",71.70,34.33
finance/www.quote.com/china.html,1.66,3.11,0.05,1.64,1.66,1.57,"674,378",3.17,0.65
finance/www.quote.com/cb.html,40.82,-1.02,-0.42,41.20,41.24,40.56,"1,571,125",69.39,33.47
finance/www.quote.com/cinf.html,23.84,-0.67,-0.16,23.86,24.15,23.695,"709,727",35.00,13.68
finance/www.quote.com/cc.html,0.02,-92.00,-0.23,0.1199,0.12,0.07,0,8.24,0.085
finance/www.quote.com/csco.html,19.91,-0.95,-0.19,19.93,20.00,19.63,"41,372,311",26.695,13.61
finance/www.quote.com/c.html,3.47,-0.29,-0.01,3.47,3.55,3.44,"139,079,006",23.50,0.97
finance/www.quote.com/ctxs.html,34.10,2.13,0.71,33.24,34.19,32.80,"4,170,314",34.41,19.00
finance/www.quote.com/ccu.html,35.69,4.33,1.48,33.91,35.99,33.85,"81,372",36.16,22.54
finance/www.quote.com/clx.html,56.39,5.11,2.74,54.60,56.49,54.36,"3,982,400",65.00,45.67
finance/www.quote.com/cmgi.html,8.89,-14.19,-1.47,10.32,10.32,8.89,0,,
finance/www.quote.com/cms.html,12.30,2.07,0.25,11.99,12.37,11.90,"5,084,916",15.89,8.33
finance/www.quote.com/cnet.html,11.49,0.26,0.03,11.48,11.51,11.48,0,,
finance/www.quote.com/coke.html,56.35,-0.53,-0.30,56.72,56.72,55.67,"9,355",57.11,31.41
finance/www.quote.com/ko.html,48.89,0.64,0.31,48.68,49.04,48.48,"8,620,310",57.59,37.44
finance/www.quote.com/cce.html,17.18,-1.55,-0.27,17.32,17.40,17.07,"2,736,160",19.60,7.25
finance/www.quote.com/cl.html,71.38,1.59,1.12,69.96,72.00,69.79,"3,068,588",80.49,54.36
finance/www.quote.com/cmcsk.html,13.73,-1.08,-0.15,13.69,13.75,13.39,"4,576,784",22.37,10.33
finance/www.quote.com/cma.html,22.63,-0.79,-0.18,22.84,23.15,22.38,"1,960,754",54.00,11.72
finance/www.quote.com/ca.html,17.73,-0.62,-0.11,17.69,17.99,17.46,"3,595,606",24.67,12.00
finance/www.quote.com/csc.html,44.99,0.78,0.35,45.06,45.12,44.095,"1,133,822",49.37,23.93
finance/www.quote.com/cpwr.html,7.43,-1.07,-0.08,7.44,7.66,7.305,"2,904,081",11.91,5.08
finance/www.quote.com/cmvt.html,7.60,0.66,0.05,7.50,7.70,7.50,"165,015",18.94,4.98
finance/www.quote.com/cag.html,19.46,-0.82,-0.16,19.52,19.69,19.34,"4,408,301",23.505,13.52
finance/www.quote.com/ed.html,37.08,1.09,0.40,36.49,37.15,36.1301,"1,755,160",46.39,32.56
finance/www.quote.com/ceg.html,27.23,1.00,0.27,26.90,27.47,26.70,"3,096,042",87.04,13.00
finance/www.quote.com/cal.html,9.09,-1.73,-0.16,9.25,9.46,9.05,"4,564,492",21.83,5.91
finance/www.quote.com/cvg.html,9.28,-1.38,-0.13,9.40,9.40,9.1508,"555,634",16.99,4.02
finance/www.quote.com/cbe.html,34.13,-0.84,-0.29,34.24,34.26,33.67,"2,088,234",49.64,18.86
finance/www.quote.com/ctb.html,9.22,-7.43,-0.74,9.88,9.88,8.95,"1,237,578",12.15,2.96
finance/www.quote.com/glw.html,15.89,-0.44,-0.07,15.82,15.90,15.41,"10,949,120",27.56,7.36
finance/www.quote.com/cost.html,47.03,1.64,0.76,46.35,47.10,45.96,"4,735,611",74.89,38.1701
finance/www.quote.com/cree.html,28.74,-2.11,-0.62,29.31,29.36,28.30,"1,424,633",31.75,12.57
finance/www.quote.com/cck.html,23.25,-1.77,-0.42,23.61,23.62,23.01,"1,741,720",29.60,13.37
finance/www.quote.com/crgn.html,1.38,-0.72,-0.01,1.37,1.39,1.35,"545,924",1.48,0.41
finance/www.quote.com/cvs.html,30.35,0.26,0.08,30.08,30.36,29.90,"7,274,355",42.78,23.19
finance/www.quote.com/dcx.html,7.88,1.68,0.13,7.98,7.98,7.88,0,9.61,5.43
finance/www.quote.com/dhr.html,62.77,-0.74,-0.47,63.03,63.03,62.00,"1,456,590",85.00,47.20
finance/www.quote.com/dri.html,33.80,2.52,0.83,32.84,33.83,32.67,"2,024,967",41.21,13.21
finance/www.quote.com/de.html,44.77,-0.69,-0.31,44.68,44.78,43.70,"3,587,279",81.22,24.51
finance/www.quote.com/dell.html,13.39,0.90,0.12,13.22,13.40,13.05,"25,270,320",26.04,7.84
finance/www.quote.com/dal.html,6.40,-4.19,-0.28,6.68,6.74,6.37,"11,727,463",12.65,3.51
finance/www.quote.com/del.html,38.57,2.04,0.77,37.60,38.85,37.09,"40,765",75.08,26.9375
finance/www.quote.com/dlx.html,14.71,-2.71,-0.41,14.99,14.99,14.26,"222,798",21.13,6.20
finance/www.quote.com/dia.html,88.31,0.51,0.45,87.60,88.33,87.37,"12,743,832",123.43,64.78
finance/www.quote.com/dds.html,10.04,3.83,0.37,9.59,10.08,9.46,"755,492",15.37,2.50
finance/www.quote.com/dis.html,25.06,-0.67,-0.17,25.03,25.39,24.52,"7,332,339",34.85,15.14
finance/www.quote.com/dltr.html,43.29,-0.39,-0.17,43.36,43.70,42.56,"1,171,711",46.735,27.6111
finance/www.quote.com/d.html,33.39,1.34,0.44,32.88,33.52,32.44,"3,535,508",48.50,27.149
finance/www.quote.com/dov.html,36.16,-0.11,-0.04,35.86,36.16,35.35,"1,419,848",52.43,21.79
finance/www.quote.com/dow.html,17.34,-0.52,-0.09,17.32,17.50,17.05,"9,925,352",39.99,5.89
finance/www.quote.com/dte.html,31.96,1.36,0.43,31.30,32.10,31.15,"908,450",44.97,23.32
finance/www.quote.com/duk.html,14.67,1.59,0.23,14.41,14.76,14.25,"14,473,344",19.10,11.72
finance/www.quote.com/dnb.html,83.55,-0.37,-0.31,83.46,83.70,82.55,"229,914",98.90,64.00
finance/www.quote.com/dd.html,27.00,-0.41,-0.11,27.04,27.24,26.61,"7,121,153",48.22,16.05
finance/www.quote.com/elnk.html,7.77,-1.27,-0.10,7.88,7.90,7.65,"726,400",10.16,5.52
finance/www.quote.com/emn.html,40.65,-2.24,-0.93,41.31,41.31,40.13,"742,733",75.81,17.76
finance/www.quote.com/ek.html,2.95,2.43,0.07,2.85,2.96,2.782,"2,773,119",17.71,2.01
finance/www.quote.com/etn.html,49.18,0.92,0.45,48.50,49.22,48.04,"1,024,801",97.93,30.02
finance/www.quote.com/ebay.html,17.80,-0.45,-0.08,17.94,17.95,17.45,"10,883,867",29.33,9.91
finance/www.quote.com/elon.html,8.06,2.81,0.22,7.77,8.0895,7.66,"158,998",15.74,4.92
finance/www.quote.com/dish.html,15.33,-1.41,-0.22,15.50,15.71,14.99,"3,887,215",34.34,8.34
finance/www.quote.com/ecl.html,38.69,1.07,0.41,38.21,38.80,37.94,"1,602,171",52.16,29.27
finance/www.quote.com/eix.html,32.49,2.14,0.68,31.72,32.52,31.23,"3,656,784",53.065,23.09
finance/www.quote.com/erts.html,21.93,0.27,0.06,21.80,22.035,21.60,"5,139,125",50.17,14.24
finance/www.quote.com/eds.html,24.96,0.00,0.00,24.94,24.96,24.94,0,24.96,24.39
finance/www.quote.com/emc.html,13.26,1.38,0.18,13.01,13.28,12.74,"21,410,091",16.67,8.25
finance/www.quote.com/emr.html,35.07,0.37,0.13,34.80,35.08,34.33,"3,594,187",56.41,24.39
finance/www.quote.com/etr.html,78.24,2.93,2.23,75.82,78.667,74.95,"1,600,896",123.14,59.87
finance/www.quote.com/enz.html,5.49,0.73,0.04,5.41,5.49,5.30,"81,914",14.90,2.70
finance/www.quote.com/efx.html,27.29,-0.04,-0.01,27.07,27.29,26.73,"1,170,331",37.29,19.38
finance/www.quote.com/xom.html,73.78,-0.36,-0.27,73.43,74.16,73.10,"21,698,405",89.63,56.51
finance/www.quote.com/fre.html,0.70,-1.41,-0.01,0.7005,0.71,0.69,"4,772,987",24.23,0.25
finance/www.quote.com/fnm.html,0.66,-1.49,-0.01,0.6617,0.67,0.65,"10,702,263",25.99,0.30
finance/www.quote.com/fdx.html,54.39,-3.15,-1.77,55.75,56.22,53.63,"3,844,319",96.99,34.02
finance/www.quote.com/fitb.html,8.03,3.35,0.26,7.75,8.03,7.74,"22,625,444",21.00,1.01
finance/www.quote.com/fe.html,40.48,3.56,1.39,39.01,40.60,38.56,"4,120,716",84.00,35.26
finance/www.quote.com/flex.html,4.40,-4.76,-0.22,4.58,4.60,4.35,"4,894,772",10.99,1.23
finance/www.quote.com/flr.html,53.85,0.06,0.03,53.22,53.85,52.80,"2,637,308",101.365,28.60
finance/www.quote.com/fmc.html,52.45,-1.54,-0.82,52.59,52.81,52.02,"841,536",80.23,28.53
finance/www.quote.com/f.html,6.11,2.17,0.13,6.01,6.15,5.92,"54,584,184",6.75,1.01
finance/www.quote.com/fo.html,37.03,-0.08,-0.03,36.89,37.13,36.26,"857,798",66.72,17.675
finance/www.quote.com/fosl.html,23.12,-2.24,-0.53,23.50,23.64,22.663,"478,718",33.36,11.00
finance/www.quote.com/fdry.html,16.66,0.24,0.04,16.67,16.69,16.65,0,,
finance/www.quote.com/fpl.html,57.39,1.54,0.87,56.33,57.90,55.72,"1,827,107",68.76,33.81
finance/www.quote.com/ben.html,75.99,-0.51,-0.39,76.60,76.89,74.64,"1,060,548",109.00,37.11
finance/www.quote.com/fcx.html,58.51,-3.16,-1.91,59.40,60.27,58.09,"17,173,569",126.64,15.70
finance/www.quote.com/fcel.html,4.59,-2.55,-0.12,4.63,4.77,4.50,"659,644",8.83,1.98
finance/www.quote.com/gci.html,4.22,-1.40,-0.06,4.25,4.27,4.1499,"2,597,449",26.42,1.85
finance/www.quote.com/gps.html,16.37,0.86,0.14,16.52,16.61,15.90,"8,544,065",20.80,9.41
finance/www.quote.com/dna.html,94.97,0.23,0.22,95.00,95.00,94.97,0,,
finance/www.quote.com/gm.html,0.75,13.64,0.09,0.51,1.01,0.48,0,,
finance/www.quote.com/gd.html,59.76,0.79,0.47,59.17,60.03,58.63,"1,535,783",94.41,35.28
finance/www.quote.com/ge.html,13.51,0.37,0.05,13.45,13.52,13.29,"57,438,407",30.39,5.7279
finance/www.quote.com/gis.html,54.92,0.38,0.21,54.63,55.11,54.21,"1,818,304",72.01,46.37
finance/www.quote.com/osci.html,0.27,-28.00,-0.105,0.251,0.315,0.2508,"32,202,381",1.80,0.061
finance/www.quote.com/gpc.html,33.79,-0.21,-0.07,33.75,33.97,33.43,"717,800",44.20,24.93
finance/www.quote.com/gp.html,"1,263.87",-2.41,-31.22,"1,282.71","1,282.74","1,259.36",,,
finance/www.quote.com/g.html,11.26,-0.62,-0.07,11.15,11.26,10.87,"193,096",15.70,6.30
finance/www.quote.com/gr.html,53.36,3.17,1.64,51.72,53.36,51.54,"1,440,325",55.34,25.11
finance/www.quote.com/goog.html,424.84,-0.97,-4.16,426.86,427.70,421.21,"2,918,429",579.10,247.30
finance/www.quote.com/gra.html,13.48,-1.89,-0.26,13.58,13.70,13.28,"230,234",28.094,2.95
finance/www.quote.com/gww.html,83.81,-0.37,-0.31,83.84,83.96,82.91,"836,313",93.99,58.86
finance/www.quote.com/gap.html,4.98,3.11,0.15,4.79,5.00,4.76,"586,795",25.39,3.01
finance/www.quote.com/ges.html,26.56,1.53,0.40,26.23,26.67,25.35,"2,319,573",43.126,10.26
finance/www.quote.com/hal.html,23.99,-1.40,-0.34,23.75,24.13,23.60,"15,072,420",55.38,12.80
finance/www.quote.com/hig.html,12.95,-8.03,-1.13,13.50,13.60,12.80,"20,403,412",73.89,3.33
finance/www.quote.com/has.html,25.09,-3.61,-0.94,25.49,25.65,24.74,"3,273,163",41.68,21.14
finance/www.quote.com/hlth.html,11.92,0.93,0.11,11.68,12.01,11.62,"556,532",12.70,6.80
finance/www.quote.com/hnz.html,36.32,0.80,0.29,36.12,36.46,35.84,"2,037,039",53.00,30.51
finance/www.quote.com/hp.html,34.92,-2.02,-0.72,35.11,35.13,33.86,"1,424,822",77.24,17.01
finance/www.quote.com/hpc.html,19.17,-0.21,-0.04,19.44,19.89,18.87,0,,
finance/www.quote.com/hsy.html,35.39,0.51,0.18,35.01,35.45,34.90,"580,972",44.32,30.27
finance/www.quote.com/hd.html,24.15,-0.33,-0.08,24.19,24.24,23.8298,"18,283,987",30.74,17.05
finance/www.quote.com/hmc.html,28.86,-1.57,-0.46,28.82,28.89,28.51,"656,521",36.29,17.35
finance/www.quote.com/hon.html,35.41,-1.06,-0.38,35.60,35.67,35.0475,"4,422,483",56.88,23.06
finance/www.quote.com/hott.html,7.14,-2.19,-0.16,7.27,7.30,6.95,"1,741,202",13.87,4.61
finance/www.quote.com/hgsi.html,2.89,-9.40,-0.30,2.89,3.00,2.765,"9,788,301",8.00,0.45
finance/www.quote.com/hum.html,29.41,1.07,0.31,28.90,29.63,28.44,"1,926,098",51.39,18.57
finance/www.quote.com/hban.html,4.15,0.48,0.02,4.11,4.26,4.11,"24,840,740",13.50,1.00
finance/www.quote.com/itw.html,38.08,0.55,0.21,37.73,38.1903,37.28,"3,334,496",51.00,25.60
finance/www.quote.com/rx.html,13.29,6.41,0.80,12.45,13.35,12.33,"3,759,504",23.93,9.625
finance/www.quote.com/n.html,11.84,5.71,0.64,11.25,11.91,11.15,"167,786",22.25,5.43
finance/www.quote.com/incy.html,3.33,0.30,0.01,3.35,3.44,3.23,"1,079,243",10.42,1.85
finance/www.quote.com/insp.html,7.21,1.12,0.08,7.10,7.28,7.00,"99,360",11.94,5.07
finance/www.quote.com/infy.html,37.12,-0.03,-0.01,36.55,37.13,36.30,"1,814,687",47.41,21.10
finance/www.quote.com/ir.html,23.06,0.83,0.19,22.74,23.06,22.44,"4,848,617",41.14,11.46
finance/www.quote.com/intc.html,16.31,-0.24,-0.04,16.24,16.31,16.02,"47,625,571",24.75,12.05
finance/www.quote.com/icge.html,6.07,0.17,0.01,6.01,6.13,5.97,"145,743",9.84,3.04
finance/www.quote.com/ipg.html,6.00,0.50,0.03,5.92,6.00,5.83,"2,966,249",9.69,2.57
finance/www.quote.com/isil.html,13.02,-2.40,-0.32,13.25,13.25,12.77,"2,250,109",27.34,7.18
finance/www.quote.com/ibm.html,108.21,-1.09,-1.19,108.40,109.28,107.75,"7,250,917",130.93,69.50
finance/www.quote.com/iff.html,32.96,-0.60,-0.20,33.00,33.15,32.55,"625,251",45.21,24.72
finance/www.quote.com/intu.html,28.64,0.77,0.22,28.34,28.64,28.01,"2,289,884",32.00,20.183
finance/www.quote.com/itt.html,46.66,1.15,0.53,45.95,46.73,45.55,"1,300,741",69.73,31.94
finance/www.quote.com/jbl.html,7.55,-0.79,-0.06,7.57,7.61,7.40,"2,254,353",18.78,3.10
finance/www.quote.com/jkhy.html,19.09,-0.42,-0.08,19.02,19.12,18.83,"388,395",24.45,14.29
finance/www.quote.com/jbx.html,20.04,5.70,1.08,18.08,20.22,18.08,0,,
finance/www.quote.com/jnj.html,56.06,0.02,0.01,55.88,56.54,55.72,"11,882,289",72.76,46.25
finance/www.quote.com/jci.html,21.57,-2.00,-0.44,21.90,21.91,21.09,"5,372,819",36.00,8.35
finance/www.quote.com/jnpr.html,23.87,-0.04,-0.01,23.58,23.93,23.43,"6,592,309",27.65,12.43
finance/www.quote.com/kbh.html,14.09,-2.49,-0.36,14.36,14.50,13.82,"3,030,621",25.43,6.90
finance/www.quote.com/kei.html,3.99,-12.65,-0.578,4.40,4.51,3.99,"46,380",10.65,1.86
finance/www.quote.com/k.html,44.55,1.37,0.60,43.85,44.61,43.50,"1,921,859",58.51,35.64
finance/www.quote.com/key.html,6.12,2.51,0.15,5.97,6.17,5.92,"24,963,592",18.48,4.40
finance/www.quote.com/keyn.html,8.73,3.31,0.28,8.41,8.881,8.20,"27,648",14.31,6.34
finance/www.quote.com/kmb.html,52.73,0.59,0.31,52.16,52.95,52.15,"1,480,322",66.66,43.05
finance/www.quote.com/klac.html,25.88,-1.90,-0.50,26.36,26.57,25.41,"5,033,448",43.06,14.81
finance/www.quote.com/kss.html,46.59,1.46,0.67,46.33,46.68,45.15,"3,469,365",56.00,24.28
finance/www.quote.com/kkd.html,3.44,0.88,0.03,3.38,3.45,3.31,"335,303",5.65,1.01
finance/www.quote.com/kr.html,21.72,-0.59,-0.13,21.85,21.898,21.49,"6,422,818",30.99,19.39
finance/www.quote.com/ksws.html,8.86,-0.78,-0.07,8.88,8.91,8.51,"69,328",20.76,6.44
finance/www.quote.com/kyo.html,76.94,-1.51,-1.18,77.15,77.29,76.45,"160,836",100.78,45.41
finance/www.quote.com/lrcx.html,25.64,-0.47,-0.12,25.74,26.02,24.81,"1,990,920",40.42,14.72
finance/www.quote.com/leg.html,15.50,-1.59,-0.25,15.69,15.76,15.215,"1,531,566",24.595,10.03
finance/www.quote.com/leh.html,0.13,-56.67,-0.17,0.22,0.23,0.10,0,,
finance/www.quote.com/lxk.html,16.27,-0.73,-0.12,16.34,16.54,16.12,"1,431,131",37.01,14.815
finance/www.quote.com/lly.html,34.29,-0.26,-0.09,34.39,34.84,34.07,"5,266,112",49.78,27.21
finance/www.quote.com/lnc.html,17.75,-6.33,-1.20,18.70,18.77,17.20,"8,809,006",59.99,4.76
finance/www.quote.com/lltc.html,23.58,-0.59,-0.14,23.80,23.80,23.03,"3,893,778",34.49,17.69
finance/www.quote.com/liz.html,4.63,-8.86,-0.45,4.99,4.99,4.54,"1,680,533",20.14,1.46
finance/www.quote.com/lmt.html,82.77,0.67,0.55,81.69,82.88,81.61,"2,313,572",120.30,57.41
finance/www.quote.com/ltr.html,49.49,-1.32,-0.66,49.86,50.30,49.49,0,,
finance/www.quote.com/ldg.html,71.51,0.00,0.00,71.54,71.54,71.48,0,,
finance/www.quote.com/lpx.html,4.42,4.49,0.19,4.23,4.42,4.18,"1,445,798",11.75,1.03
finance/www.quote.com/low.html,19.85,-0.50,-0.10,19.86,19.93,19.54,"11,532,373",28.49,13.00
finance/www.quote.com/mar.html,24.01,-0.37,-0.09,23.89,24.20,23.63,"3,268,928",30.27,11.8816
finance/www.quote.com/mmc.html,20.64,0.29,0.06,20.55,20.66,20.30,"2,734,397",36.82,17.18
finance/www.quote.com/mso.html,3.27,0.62,0.02,3.25,3.33,3.21,"117,394",9.99,1.60
finance/www.quote.com/mas.html,9.93,-0.80,-0.08,9.96,10.06,9.64,"3,661,376",22.00,3.64
finance/www.quote.com/mat.html,16.28,-1.45,-0.24,16.27,16.43,16.00,"1,720,513",21.95,10.36
finance/www.quote.com/mxim.html,16.51,-0.54,-0.09,16.49,16.62,16.26,"4,515,517",22.80,10.72
finance/www.quote.com/may.html,6.51,-2.11,-0.14,6.59,6.59,6.51,"4,980",12.05,4.44
finance/www.quote.com/myg.html,24.21,3.35,0.785,24.21,24.21,24.21,0,,
finance/www.quote.com/mbi.html,5.85,0.17,0.01,5.71,5.95,5.71,"2,975,241",19.08,2.17
finance/www.quote.com/mdr.html,23.28,-3.16,-0.76,23.60,23.828,23.0619,"2,842,631",64.82,5.98
finance/www.quote.com/mcd.html,58.36,1.20,0.69,57.72,58.48,57.50,"7,063,106",67.00,45.79
finance/www.quote.com/mhp.html,31.99,0.25,0.08,31.72,31.99,31.32,"1,314,991",47.13,17.15
finance/www.quote.com/mck.html,42.98,-0.16,-0.07,42.93,43.16,42.24,"2,482,313",60.45,28.27
finance/www.quote.com/medx.html,7.28,-0.27,-0.02,7.21,7.39,7.21,"1,305,007",10.12,3.40
finance/www.quote.com/mdt.html,33.62,-0.36,-0.12,33.62,33.825,33.23,"6,295,951",56.97,24.06
finance/www.quote.com/mrk.html,26.08,-0.42,-0.11,26.12,27.07,25.68,"29,773,101",38.90,20.05
finance/www.quote.com/mdp.html,28.20,-1.40,-0.40,28.33,28.47,27.33,"307,894",31.31,10.60
finance/www.quote.com/mer.html,11.64,3.28,0.37,11.24,12.08,11.14,0,40.314,7.08
finance/www.quote.com/met.html,31.08,-2.94,-0.94,31.95,32.09,30.50,"6,122,305",65.50,11.37
finance/www.quote.com/mgm.html,7.13,2.15,0.15,7.07,7.15,6.71,"18,007,860",43.64,1.81
finance/www.quote.com/mtg.html,4.80,-2.24,-0.11,4.76,4.94,4.68,"1,528,315",12.50,0.6999
finance/www.quote.com/mgg.html,21.10,1.83,0.38,20.68,21.15,20.50,"164,853",23.82,11.28
finance/www.quote.com/mu.html,5.47,-2.15,-0.12,5.62,5.62,5.19,"18,814,634",7.92,1.59
finance/www.quote.com/msft.html,23.33,2.19,0.50,22.90,23.38,22.74,"50,963,461",29.57,14.87
finance/www.quote.com/mstr.html,48.80,-0.87,-0.43,49.01,49.04,48.16,"33,154",75.89,30.55
finance/www.quote.com/mil.html,67.48,-0.15,-0.10,67.25,67.62,66.79,"383,483",76.92,43.36
finance/www.quote.com/mmm.html,61.00,0.69,0.42,60.37,61.00,59.91,"3,228,967",76.53,40.87
finance/www.quote.com/molx.html,16.56,-1.84,-0.31,16.74,16.74,16.26,"928,289",27.99,9.68
finance/www.quote.com/jpm.html,35.13,0.54,0.19,34.86,35.44,34.80,"41,164,088",50.63,14.96
finance/www.quote.com/mot.html,6.73,-2.04,-0.14,6.73,6.81,6.55,"14,059,230",10.50,2.98
finance/www.quote.com/mygn.html,37.75,0.16,0.06,37.39,37.80,37.05,"1,055,716",47.08,22.275
finance/www.quote.com/ncc.html,1.81,0.00,0.00,1.79,1.94,1.77,0,6.88,1.25
finance/www.quote.com/nsm.html,13.59,-6.08,-0.88,14.20,14.32,13.20,"14,956,504",24.21,9.02
finance/www.quote.com/nav.html,45.89,0.20,0.09,45.73,46.15,45.00,"820,488",76.00,15.24
finance/www.quote.com/ncr.html,12.74,-1.09,-0.14,12.72,12.76,12.31,"1,724,897",28.09,6.62
finance/www.quote.com/ntap.html,20.14,1.10,0.22,19.59,20.16,19.32,"8,988,414",26.78,10.39
finance/www.quote.com/nyt.html,6.29,2.44,0.15,6.40,6.40,6.17,"513,614",16.97,3.44
finance/www.quote.com/nwl.html,10.80,-2.53,-0.28,11.03,11.07,10.38,"4,274,529",21.38,4.51
finance/www.quote.com/nem.html,42.71,-3.17,-1.40,43.20,43.36,42.15,"6,272,090",53.77,21.17
finance/www.quote.com/newp.html,6.75,1.66,0.11,6.60,6.75,6.43,"91,824",13.34,2.93
finance/www.quote.com/gas.html,35.22,0.63,0.22,34.80,35.36,34.42,"420,085",51.99,27.50
finance/www.quote.com/nke.html,56.61,-0.02,-0.01,56.42,56.99,55.645,"3,871,692",69.72,38.24
finance/www.quote.com/nok.html,15.68,-1.75,-0.28,15.69,15.69,15.35,"15,665,729",28.34,8.47
finance/www.quote.com/jwn.html,20.77,1.22,0.25,20.40,20.84,19.95,"3,978,207",37.00,6.61
finance/www.quote.com/nsc.html,41.23,1.93,0.78,40.39,41.40,40.03,"3,589,288",75.53,26.69
finance/www.quote.com/ntrs.html,55.19,-0.29,-0.16,55.09,55.49,54.44,"1,522,102",88.92,33.88
finance/www.quote.com/noc.html,48.72,1.14,0.55,47.85,49.02,47.80,"1,989,989",73.06,33.81
finance/www.quote.com/novl.html,4.15,0.24,0.01,4.07,4.18,4.07,"3,615,168",6.62,2.97
finance/www.quote.com/nvls.html,18.23,-0.98,-0.18,18.19,18.50,17.78,"2,569,543",23.50,10.26
finance/www.quote.com/nue.html,47.50,-3.00,-1.47,48.20,48.29,47.06,"4,133,900",79.24,25.25
finance/www.quote.com/nvda.html,11.51,-0.52,-0.06,11.40,11.55,11.14,"14,874,959",22.15,5.75
finance/www.quote.com/oxy.html,68.97,-2.35,-1.66,69.97,69.97,68.25,"5,535,343",92.49,39.93
finance/www.quote.com/odp.html,4.80,-2.64,-0.13,4.88,4.91,4.67,"6,745,725",13.04,0.59
finance/www.quote.com/omc.html,32.45,-0.28,-0.09,32.43,32.57,31.85,"1,426,295",47.58,20.09
finance/www.quote.com/oke.html,30.00,-1.12,-0.34,30.09,30.18,29.68,"633,361",50.42,18.10
finance/www.quote.com/onvi.html,5.38,-3.06,-0.17,5.31,6.15,5.26,"11,124",5.55,2.68
finance/www.quote.com/orcl.html,20.85,-0.43,-0.09,20.85,21.00,19.47,"23,154,762",23.62,13.80
finance/www.quote.com/osis.html,17.24,0.00,0.00,17.18,17.24,16.67,"88,048",25.56,10.15
finance/www.quote.com/oi.html,30.16,-0.03,-0.01,29.94,30.33,29.44,"2,867,553",53.01,9.53
finance/www.quote.com/pcar.html,33.27,-1.71,-0.58,33.54,33.94,32.81,"3,841,357",48.10,20.38
finance/www.quote.com/psun.html,3.57,-4.03,-0.15,3.74,3.76,3.54,"837,686",10.29,0.72
finance/www.quote.com/ptv.html,21.80,-1.98,-0.44,21.98,22.05,21.51,"1,362,551",28.49,10.62
finance/www.quote.com/pll.html,27.14,-1.52,-0.42,27.47,27.56,26.69,"1,671,035",43.19,18.20
finance/www.quote.com/pzza.html,25.10,0.80,0.20,24.78,25.17,24.41,"135,626",30.68,12.78
finance/www.quote.com/pmtc.html,12.30,2.76,0.33,11.92,12.30,11.89,"1,593,077",21.54,7.18
finance/www.quote.com/ph.html,46.19,-0.04,-0.02,45.92,46.20,45.31,"1,042,535",79.96,27.69
finance/www.quote.com/payx.html,27.57,-2.65,-0.75,27.88,27.97,26.95,"5,551,602",35.53,20.31
finance/www.quote.com/pss.html,13.85,0.22,0.03,13.95,13.95,13.10,"1,825,815",21.00,3.85
finance/www.quote.com/cra.html,7.94,-3.52,-0.29,8.19,8.38,7.81,"593,460",17.56,5.03
finance/www.quote.com/jcp.html,29.16,4.44,1.24,27.67,29.24,27.60,"5,961,187",44.20,13.71
finance/www.quote.com/psft.html,0.58,1.75,0.01,0.57,0.58,0.57,"28,000",1.20,0.35
finance/www.quote.com/pby.html,9.70,-1.92,-0.19,9.77,10.08,9.58,"2,223,253",10.36,2.62
finance/www.quote.com/pbg.html,33.57,1.94,0.64,32.89,33.75,32.80,"2,358,499",34.83,15.78
finance/www.quote.com/pep.html,53.65,1.28,0.68,52.85,53.85,52.60,"5,958,398",75.25,45.39
finance/www.quote.com/pki.html,17.32,0.00,0.00,16.96,17.42,16.96,"766,069",29.95,10.88
finance/www.quote.com/pfe.html,14.76,0.89,0.13,14.57,15.066,14.51,"74,231,441",20.13,11.62
finance/www.quote.com/pcg.html,38.04,0.74,0.28,37.68,38.26,37.31,"2,799,173",42.98,26.67
finance/www.quote.com/mo.html,16.64,-1.25,-0.21,16.80,16.89,16.52,"19,467,798",21.86,14.34
finance/www.quote.com/phg.html,19.21,-0.83,-0.16,19.08,19.26,18.93,"551,559",37.21,13.91
finance/www.quote.com/pnw.html,29.77,2.27,0.66,28.94,29.96,28.58,"1,443,583",37.88,22.32
finance/www.quote.com/pbi.html,22.06,-0.50,-0.11,22.10,22.19,21.79,"1,245,892",39.98,17.62
finance/www.quote.com/plug.html,1.05,-7.89,-0.09,1.13,1.1301,1.02,"619,582",2.95,0.64
finance/www.quote.com/pmcs.html,7.76,-4.32,-0.35,8.06,8.08,7.67,"4,396,019",9.95,2.82
finance/www.quote.com/pnc.html,41.34,-2.57,-1.09,42.17,42.67,41.00,"6,179,401",87.99,16.20
finance/www.quote.com/rl.html,53.45,-1.96,-1.07,53.91,54.25,52.33,"1,468,523",82.02,31.22
finance/www.quote.com/pch.html,27.30,1.49,0.40,26.52,27.44,26.50,"643,754",54.79,18.00
finance/www.quote.com/pwav.html,1.62,0.62,0.01,1.59,1.65,1.5603,"979,791",5.30,0.22
finance/www.quote.com/ppg.html,45.13,-0.70,-0.32,45.76,45.76,44.88,"2,123,742",69.89,28.16
finance/www.quote.com/ppl.html,33.30,0.39,0.13,33.08,33.51,32.66,"2,087,775",54.00,24.25
finance/www.quote.com/px.html,74.74,-1.54,-1.17,75.68,75.68,73.53,"1,644,456",99.74,47.40
finance/www.quote.com/pcln.html,115.31,-0.26,-0.30,115.29,115.99,113.19,"661,651",134.50,45.15
finance/www.quote.com/pg.html,52.55,1.04,0.54,51.88,52.77,51.73,"10,352,651",73.57,43.93
finance/www.quote.com/pgr.html,15.53,-2.76,-0.44,16.085,16.085,15.35,"6,138,160",21.31,9.76
finance/www.quote.com/pdli.html,7.91,1.93,0.15,7.78,7.95,7.74,"1,492,645",12.70,5.20
finance/www.quote.com/peg.html,32.54,-0.70,-0.23,32.65,32.96,31.97,"3,378,106",47.33,22.09
finance/www.quote.com/phm.html,8.82,-0.56,-0.05,8.87,8.94,8.63,"6,035,841",20.13,6.49
finance/www.quote.com/qlgc.html,13.74,-0.87,-0.12,13.77,13.87,13.38,"1,720,843",20.21,8.69
finance/www.quote.com/qlti.html,2.46,1.65,0.04,2.47,2.48,2.37,"215,773",4.09,1.40
finance/www.quote.com/qcom.html,46.05,0.15,0.07,46.14,46.39,45.08,"13,902,761",56.88,28.16
finance/www.quote.com/qsft.html,14.16,0.85,0.12,13.88,14.21,13.84,"557,366",16.23,10.31
finance/www.quote.com/zqk.html,2.37,-2.07,-0.05,2.45,2.45,2.32,"1,371,656",10.34,0.80
finance/www.quote.com/rsh.html,15.11,1.96,0.29,14.91,15.20,14.57,"4,992,141",19.90,6.47
finance/www.quote.com/rmbs.html,17.39,15.24,2.30,16.84,17.81,16.55,"9,248,994",21.87,4.95
finance/www.quote.com/rtn.html,45.31,-0.79,-0.36,45.57,45.69,44.93,"3,442,712",64.00,33.20
finance/www.quote.com/regn.html,16.36,1.80,0.29,15.93,16.42,15.68,"332,393",25.00,11.81
finance/www.quote.com/rimm.html,83.02,-2.83,-2.42,84.77,84.87,82.60,"15,230,400",148.13,35.05
finance/www.quote.com/rmd.html,40.11,1.93,0.76,39.26,40.13,39.01,"645,935",50.58,28.90
finance/www.quote.com/rfmd.html,3.57,4.08,0.14,3.48,3.59,3.33,"9,018,950",3.98,0.6999
finance/www.quote.com/rok.html,33.44,0.30,0.10,32.99,33.44,32.61,"791,742",56.12,17.50
finance/www.quote.com/roh.html,78.94,0.13,0.10,78.86,78.96,78.81,0,,
finance/www.quote.com/rdc.html,23.19,-1.90,-0.45,23.33,23.33,22.55,"2,978,351",47.94,10.28
finance/www.quote.com/swy.html,21.26,1.33,0.28,20.80,21.28,20.80,"3,925,092",31.3925,17.19
finance/www.quote.com/slab.html,37.86,-1.07,-0.41,37.99,37.99,36.985,"652,113",39.235,17.05
finance/www.quote.com/sndk.html,15.55,-0.96,-0.15,15.61,15.61,14.88,"6,995,196",24.97,5.07
finance/www.quote.com/sanm.html,0.6699,1.50,0.0099,0.66,0.679,0.6501,"1,122,889",2.66,0.18
finance/www.quote.com/sape.html,5.64,0.18,0.01,5.56,5.71,5.50,"485,840",9.97,3.25
finance/www.quote.com/sle.html,9.01,-0.99,-0.09,9.07,9.13,8.95,"5,668,991",15.07,6.80
finance/www.quote.com/slb.html,60.27,-3.07,-1.91,60.96,61.19,59.21,"11,039,292",111.951,35.05
finance/www.quote.com/sch.html,367.34,-0.37,-1.36,367.81,367.81,367.19,,,
finance/www.quote.com/sfa.html,7.97,0.25,0.02,7.98,7.98,7.96,"3,321",9.38,5.12
finance/www.quote.com/see.html,19.12,-0.31,-0.06,19.09,19.22,18.80,"762,709",25.32,10.38
finance/www.quote.com/sre.html,49.04,1.26,0.61,48.11,49.15,47.66,"1,073,506",58.99,34.29
finance/www.quote.com/shw.html,55.10,-0.25,-0.14,55.32,55.45,54.25,"1,024,100",65.00,42.19
finance/www.quote.com/sial.html,50.35,-0.94,-0.48,50.53,50.75,49.97,"852,846",62.74,31.4518
finance/www.quote.com/skx.html,9.58,0.42,0.04,9.46,9.58,9.37,"261,667",24.00,5.20
finance/www.quote.com/slm.html,8.69,3.33,0.28,8.40,8.85,8.35,"9,280,216",25.05,3.11
finance/www.quote.com/sna.html,32.15,0.44,0.14,32.01,32.19,31.45,"442,359",60.32,20.51
finance/www.quote.com/sne.html,27.29,-0.47,-0.13,27.01,27.34,27.00,"384,385",49.91,15.64
finance/www.quote.com/so.html,30.55,2.14,0.64,29.94,30.80,29.61,"5,345,735",40.00,26.48
finance/www.quote.com/luv.html,6.61,-0.45,-0.03,6.63,6.73,6.53,"8,957,884",16.77,4.95
finance/www.quote.com/stj.html,37.85,-0.55,-0.21,38.00,38.50,37.65,"4,314,297",48.49,24.98
finance/www.quote.com/swk.html,37.21,0.43,0.16,36.68,37.26,36.33,"561,483",49.58,22.61
finance/www.quote.com/spls.html,21.13,2.87,0.59,20.46,21.16,20.26,"11,851,058",26.57,13.57
finance/www.quote.com/sbux.html,14.55,2.03,0.29,14.17,14.56,14.02,"10,849,644",18.56,7.06
finance/www.quote.com/stt.html,47.56,-0.02,-0.01,47.18,47.89,46.92,"4,130,792",74.85,14.43
finance/www.quote.com/sun.html,26.43,-2.29,-0.62,26.59,26.73,26.15,"3,219,857",49.44,21.30
finance/www.quote.com/sti.html,16.69,-0.54,-0.09,16.68,17.29,16.51,"7,441,752",64.00,6.00
finance/www.quote.com/svu.html,16.38,-1.74,-0.29,16.55,16.63,16.02,"2,749,203",33.98,8.59
finance/www.quote.com/sbl.html,11.59,0.09,0.01,11.59,11.59,11.59,"7,000",11.68,9.74
finance/www.quote.com/snv.html,3.60,7.14,0.24,3.35,3.69,3.25,"6,058,951",23.70,2.30
finance/www.quote.com/syy.html,23.94,1.01,0.24,23.63,23.94,23.42,"2,736,934",35.00,19.39
finance/www.quote.com/trow.html,43.16,-0.53,-0.23,43.21,43.25,42.37,"1,900,905",70.20,20.09
finance/www.quote.com/tgt.html,40.38,2.10,0.83,39.64,40.46,39.01,"6,898,273",59.55,25.00
finance/www.quote.com/tlab.html,5.82,-0.85,-0.05,5.86,5.91,5.76,"4,698,654",6.02,3.10
finance/www.quote.com/tin.html,13.00,0.54,0.07,12.78,13.00,12.65,"1,840,750",20.49,2.34
finance/www.quote.com/thc.html,3.06,-12.32,-0.43,3.45,3.45,3.03,"17,566,214",6.70,0.78
finance/www.quote.com/ter.html,7.05,-2.08,-0.15,7.19,7.19,6.85,"4,803,462",12.01,2.80
finance/www.quote.com/txn.html,20.79,-0.24,-0.05,20.77,20.8105,20.20,"15,724,454",30.66,13.38
finance/www.quote.com/txt.html,11.48,2.23,0.25,11.18,11.55,11.08,"3,680,815",59.33,3.57
finance/www.quote.com/ltd.html,12.81,4.32,0.53,12.32,12.83,12.00,"5,233,435",22.16,5.98
finance/www.quote.com/tmo.html,41.79,-0.19,-0.08,41.54,42.01,41.29,"3,079,945",62.77,26.65
finance/www.quote.com/tnb.html,31.98,-1.78,-0.58,32.20,32.20,30.90,"378,084",48.19,15.79
finance/www.quote.com/tibx.html,6.53,-1.80,-0.12,6.62,6.69,6.48,"1,336,878",8.78,3.45
finance/www.quote.com/tbl.html,14.43,-2.76,-0.41,14.71,14.71,13.94,"321,009",19.41,7.19
finance/www.quote.com/tkr.html,18.87,-1.82,-0.35,19.10,19.10,18.59,"409,722",37.46,9.88
finance/www.quote.com/tjx.html,30.73,2.60,0.78,29.78,30.86,29.36,"4,603,298",37.52,17.80
finance/www.quote.com/tmk.html,38.29,-2.62,-1.03,39.18,39.20,37.74,"919,050",66.00,16.16
finance/www.quote.com/tm.html,78.84,-0.30,-0.24,78.65,78.84,78.00,"232,484",104.40,55.41
finance/www.quote.com/rig.html,82.58,-2.45,-2.07,83.19,83.67,81.60,"4,270,806",154.90,41.95
finance/www.quote.com/yum.html,35.01,2.37,0.81,34.08,35.05,33.98,"3,777,249",40.25,21.50
finance/www.quote.com/tup.html,26.37,-0.72,-0.19,26.42,26.61,25.8305,"452,093",41.33,10.91
finance/www.quote.com/tyc.html,27.47,-0.40,-0.11,27.27,27.62,27.15,"2,550,875",46.26,15.17
finance/www.quote.com/usb.html,18.58,1.20,0.22,18.26,18.63,18.26,"16,879,942",42.23,8.06
finance/www.quote.com/un.html,24.61,-2.30,-0.58,24.42,24.65,24.265,"2,944,492",31.17,16.91
finance/www.quote.com/unp.html,54.36,2.26,1.20,52.78,54.41,52.66,"3,951,803",85.80,33.28
finance/www.quote.com/uis.html,1.48,2.78,0.04,1.48,1.48,1.40,"1,575,014",4.70,0.28
finance/www.quote.com/ups.html,50.53,-2.41,-1.25,51.60,51.74,50.08,"5,606,421",70.00,37.99
finance/www.quote.com/usm.html,41.01,-0.65,-0.27,40.70,41.07,39.83,"122,103",63.00,27.18
finance/www.quote.com/utx.html,55.84,0.52,0.29,55.34,55.97,54.77,"3,611,648",69.37,37.40
finance/www.quote.com/unh.html,24.21,0.67,0.16,23.80,24.43,23.48,"15,141,376",33.49,14.51
finance/www.quote.com/uvv.html,36.89,-1.42,-0.53,37.36,37.47,36.53,"170,532",56.00,25.35
finance/www.quote.com/unm.html,16.86,-0.88,-0.15,16.96,16.96,16.47,"2,619,778",28.05,7.61
finance/www.quote.com/ust.html,69.46,0.00,0.00,69.44,69.48,69.43,0,69.48,49.28
finance/www.quote.com/mro.html,32.42,-1.28,-0.42,32.18,32.52,31.93,"5,648,860",53.98,19.34
finance/www.quote.com/x.html,39.32,-6.00,-2.51,40.92,41.17,38.80,"26,734,964",196.00,16.66
finance/www.quote.com/utsi.html,1.93,-10.23,-0.22,2.01,2.09,1.90,"782,965",5.94,0.63
finance/www.quote.com/vrsn.html,19.24,0.00,0.00,19.24,19.40,18.92,"4,018,186",41.03,16.23
finance/www.quote.com/vz.html,29.92,0.57,0.17,29.69,30.06,29.61,"22,900,955",37.56,23.07
finance/www.quote.com/vrts.html,15.67,1.23,0.19,15.80,15.80,15.30,"6,036",16.70,3.78
finance/www.quote.com/vfc.html,58.40,-1.53,-0.91,59.19,59.33,58.15,"1,223,938",84.60,38.22
finance/www.quote.com/via.html,25.00,-0.24,-0.06,24.77,25.02,24.33,"59,543",33.87,13.00
finance/www.quote.com/vc.html,0.02,-71.43,-0.05,0.0603,0.08,0.02,0,,
finance/www.quote.com/vod.html,19.00,0.32,0.06,18.88,19.05,18.72,"1,811,177",31.21,15.30
finance/www.quote.com/vmc.html,47.20,10.54,4.50,42.93,47.21,42.93,"13,891,676",100.25,34.30
finance/www.quote.com/wb.html,5.54,-3.32,-0.19,5.66,5.98,5.54,0,24.00,0.75
finance/www.quote.com/wag.html,31.18,0.81,0.25,30.84,31.18,30.58,"4,511,648",37.85,21.28
finance/www.quote.com/wmt.html,49.84,1.05,0.52,49.35,49.86,49.21,"15,339,150",63.85,46.25
finance/www.quote.com/wm.html,0.1604,-90.51,-1.5296,0.18,2.40,0.148,0,36.47,0.148
finance/www.quote.com/wmi.html,28.60,0.14,0.04,28.48,28.67,28.19,"2,111,465",39.25,22.10
finance/www.quote.com/wpi.html,29.91,0.20,0.06,29.77,30.01,29.35,"830,396",32.95,20.17
finance/www.quote.com/wlp.html,46.72,2.48,1.13,45.46,47.70,45.15,"4,596,562",57.86,27.50
finance/www.quote.com/wfc.html,25.48,1.84,0.46,24.92,25.50,24.78,"49,009,859",44.69,7.80
finance/www.quote.com/wen.html,3.98,0.25,0.01,3.95,4.13,3.83,"18,741,001",7.34,2.63
finance/www.quote.com/wy.html,34.18,-1.04,-0.36,34.16,34.3001,33.51,"1,369,282",65.50,18.67
finance/www.quote.com/whr.html,43.73,2.03,0.87,42.37,43.73,41.97,"1,579,721",91.87,19.19
finance/www.quote.com/wmb.html,17.31,-1.87,-0.33,17.47,17.57,17.20,"5,026,146",40.75,9.52
finance/www.quote.com/wor.html,14.85,-2.17,-0.33,15.04,15.23,14.31,"580,540",26.14,6.99
finance/www.quote.com/wwy.html,79.97,0.25,0.20,79.76,79.99,79.64,0,,
finance/www.quote.com/wwe.html,13.59,0.52,0.07,13.46,13.59,13.14,"121,354",17.13,8.76
finance/www.quote.com/xrx.html,6.98,-0.29,-0.02,6.97,7.14,6.80,"5,265,678",14.62,4.12
finance/www.quote.com/xlnx.html,20.91,-2.43,-0.52,21.28,21.39,20.44,"9,045,731",28.20,14.28
finance/www.quote.com/yhoo.html,16.40,1.30,0.21,16.17,16.47,16.10,"16,971,672",26.33,8.94
finance/www.quote.com/zigo.html,5.44,-4.56,-0.26,5.67,5.72,5.33,"24,620",13.79,3.06
