url,STRING : TITLE,STRING : AUTHOR,STRING : PUBLISHER,STRING : BINDING
book/www.bookfinder4u.com/0001049852.html,Apocalypse Watch,Robert Ludlum,,Format: Audio Cassette
book/www.bookfinder4u.com/0001050125.html,A Demon in My View,,,Format: Audio Cassette
book/www.bookfinder4u.com/0001050133.html,The Tree of Hands,,,Format: Audio Cassette
book/www.bookfinder4u.com/0001050486.html,John Bull's Other Island,,,Format: Audio Cassette
book/www.bookfinder4u.com/0001052217.html,A Needle for the Devil and Other Stories,,,Format: Audio Cassette
book/www.bookfinder4u.com/0002201119.html,Good News Bible (Bible Gnb),,Publisher: Collins - 1997-06-30,Format: Hardcover
book/www.bookfinder4u.com/0002201127.html,Bible: Good News Bible with Concordance (Bible Gnb),,Publisher: Collins - 1997-06-30,Format: Hardcover
book/www.bookfinder4u.com/0002201046.html,Sharks and Rays (Nature Company Guides),Leighton. Taylor,Publisher: Collins - 1997-09-01,Format: Hardcover
book/www.bookfinder4u.com/0004140281.html,Foods for Mind and Body: A Complete Guide to Positive Foods and How to Choose and Use Them,Michael van Straten,Publisher: Collins - 1997-09-12,Format: Hardcover
book/www.bookfinder4u.com/0002200082.html,WILD ANIMALS (COLLINS WILD GUIDE S.),JOHN A. BURTON,Publisher: COLLINS - 1998,Format: Paperback
book/www.bookfinder4u.com/0002201089.html,Nature Journeys (Nature Company Guides),Dwight Holing(Editor),Publisher: Collins - 1998-01,Format: Hardcover
book/www.bookfinder4u.com/0004140427.html,Collins Easy Gardening,Richard Jackson,Publisher: Collins - 1998-03-02,Format: Paperback
book/www.bookfinder4u.com/0002200112.html,Birds of Britain and Europe (Collins Wildlife Trust Guides),John Gooders,Publisher: Collins - 1998-07-06,Format: Paperback
book/www.bookfinder4u.com/0002200635.html,"Pests, Diseases and Disorders of Garden Plants (Collins Photoguide)",Keith M. Harris,Publisher: Collins - 1998-07-06,Format: Hardcover
book/www.bookfinder4u.com/0002201097.html,Birds of North America (Collins Pocket Guide),Jack Griggs,Publisher: Collins - 1998-11-02,Format: Paperback
book/www.bookfinder4u.com/0002201321.html,Birds of Australia (Collins Field Guide),Graham Pizzey,Publisher: Collins - 1998-11-02,Format: Paperback
book/www.bookfinder4u.com/0002201348.html,COLLINS WILD GUIDE - INSECTS OF BRITAIN AND NORTHERN EUROPE,BOB GIBBONS,Publisher: COLLINS - 1999-04-06,Format: Paperback
book/www.bookfinder4u.com/0002201607.html,Bible: Good News Bible - Newcomer Bible (Bible Gnb),,Publisher: Collins - 1999-06-11,Format: Hardcover
book/www.bookfinder4u.com/0002201658.html,Bible: Good News Bible for Scotland (Bible Gnb),,Publisher: Collins - 1999-10-04,Format: Hardcover
book/www.bookfinder4u.com/0002201399.html,Wild Flowers of Britain and Europe (Collins Wildlife Trust Guides),Peter Heukels,Publisher: Collins - 2000,Format: Paperback
book/www.bookfinder4u.com/0002201615.html,Complete Mediterranean Wildlife: Photoguide,Paul Sterry,Publisher: Collins - 2000-02-07,Format: Paperback
book/www.bookfinder4u.com/0002201941.html,Bible: Good News Bible (Bible Gnb),,Publisher: Collins - 2000-04-03,Format: Hardcover
book/www.bookfinder4u.com/0002201909.html,Bible: Good News Bible - Popular Newcomer Bible (Bible Gnb),,Publisher: Collins - 2000-05-02,Format: Paperback
book/www.bookfinder4u.com/0002201887.html,The Bible: Contemporary English Version - Popular Classic (Bible Cev),,Publisher: Collins - 2000-07-03,Format: Hardcover
book/www.bookfinder4u.com/0002201976.html,The Bible: Contemporary English Version - Popular Modern (Bible Cev),,Publisher: Collins - 2000-07-03,Format: Hardcover
book/www.bookfinder4u.com/0002201143.html,Collins Rambler's Guide: South Downs (Ramblers Guides),Dennis Skinner,Publisher: Collins - 2002-05-07,Format: Paperback
book/www.bookfinder4u.com/0001052101.html,Her Own Rules,Barbara Bradford,Publisher: Harper Audio - 1996,Format: Audio Cassette
book/www.bookfinder4u.com/0002200783.html,Nrsv Cross Reference Hardback (Bible Nrsv),,Publisher: Harper Collins - 1997-11-03,Format: Hardcover
book/www.bookfinder4u.com/0002201747.html,Eclipse Pb,Peter Macdonald,Publisher: Harper Collins - 1999-05,Format: Paperback
book/www.bookfinder4u.com/0002201585.html,Word Pb (Bible Akjv),,Publisher: Harper Collins - 1999-05-04,Format: Paperback
book/www.bookfinder4u.com/0002200759.html,Collins New Naturalist - Plant Disease Pb,David S Ingram,Publisher: Harper Collins - 1999-10-04,Format: Paperback
book/www.bookfinder4u.com/0002201895.html,Kjv Pocket Imit Lthr Wte Confirm Bible (Bible Akjv),,Publisher: Harper Collins - 2000-05-02,Format: Hardcover
book/www.bookfinder4u.com/0002201925.html,Holy Bible (Bible Akjv),,Publisher: Harper Collins - 2000-05-02,Format: Hardcover
book/www.bookfinder4u.com/0002201933.html,King James Version Pocket Imitation Leather White ... (Bible Akjv),,Publisher: Harper Collins - 2000-05-02,Format: Hardcover
book/www.bookfinder4u.com/0001049410.html,Consider the Lily,Elizabeth Buchan,Publisher: Harper Collins Audio - 1995-07-24,Format: Audio Cassette
book/www.bookfinder4u.com/0001049321.html,Poetry of Wordsworth,William Wordsworth,Publisher: Harper Collins Audio - 1995-08-21,Format: Audio Cassette
book/www.bookfinder4u.com/0001050532.html,Orson Welles,Simon Callow,Publisher: Harper Collins Audio - 1995-11-27,Format: Audio Cassette
book/www.bookfinder4u.com/0001050559.html,Deceiver,Frederick Forsyth,Publisher: Harper Collins Audio - 1995-11-27,Format: Audio Cassette
book/www.bookfinder4u.com/0001050842.html,Star Wars Jedi Academy Trilogy 1: Jedi Search,Kevin J Anderson,Publisher: Harper Collins Audio - 1996-01,Format: Audio Cassette
book/www.bookfinder4u.com/0001050230.html,Love's Labour's Lost,William Shakespeare,Publisher: Harper Collins Audio - 1996-02,Format: Audio Cassette
book/www.bookfinder4u.com/0001050753.html,Indecent Exposure,Tom Sharpe,Publisher: Harper Collins Audio - 1996-02-19,Format: Audio Cassette
book/www.bookfinder4u.com/0001050850.html,Star Wars Jedi Academy Trilogy 2: Dark Apprentice,Kevin J Anderson,Publisher: Harper Collins Audio - 1996-02-19,Format: Hardcover
book/www.bookfinder4u.com/0001052047.html,April Shroud,Reginald Hill,Publisher: Harper Collins Audio - 1996-02-19,Format: Audio Cassette
book/www.bookfinder4u.com/0001052063.html,Advancement of Learning,Reginald Hill,Publisher: Harper Collins Audio - 1996-02-19,Format: Audio Cassette
book/www.bookfinder4u.com/0001050869.html,Star Wars (Star Wars Volume 3),K Anderson,Publisher: Harper Collins Audio - 1996-03-18,Format: Audio Cassette
book/www.bookfinder4u.com/0001050249.html,Two Gentlemen of Verona,William Shakespeare,Publisher: Harper Collins Audio - 1996-04,Format: Hardcover
book/www.bookfinder4u.com/0001050478.html,Duchess of Malfi,John Webster,Publisher: Harper Collins Audio - 1996-04-22,Format: Audio Cassette
book/www.bookfinder4u.com/0001052144.html,My Struggle,Paul Merton,Publisher: Harper Collins Audio - 1996-05-20,Format: Audio Cassette
book/www.bookfinder4u.com/0001052039.html,Dark Spectre,Michael Dibdin,Publisher: Harper Collins Audio - 1996-06-17,Format: Audio Cassette
book/www.bookfinder4u.com/0001052152.html,The Fourth Estate [audio cassette],Jeffrey Archer,Publisher: Harper Collins AudioBooks - 1997,Format: Audio Cassette
book/www.bookfinder4u.com/0001050052.html,A New Lease of Death,Ruth Rendell~George Baker,Publisher: HarperCollins - 1995,Format: Audio Cassette
book/www.bookfinder4u.com/0001049402.html,Perfect Love,Elizabeth Buchan,Publisher: HarperCollins - 1995-03-01,Format: Audio Cassette
book/www.bookfinder4u.com/0001049453.html,Nest of Vipers,Linda Davies,Publisher: HarperCollins - 1995-08-21,Format: Audio Cassette
book/www.bookfinder4u.com/0001049348.html,Poems and Letters,Emily Dickinson,Publisher: HarperCollins - 1995-09-25,Format: Audio Cassette
book/www.bookfinder4u.com/0001050788.html,Star Wars - Heir to the Empire: Heir to the Empire Vol 1,Timothy Zahn,Publisher: HarperCollins - 1995-10-23,Format: Audio Cassette
book/www.bookfinder4u.com/0001050796.html,Star Wars - Dark Force Rising: Dark Force Rising Vol 2,Timothy Zahn,Publisher: HarperCollins - 1995-10-23,Format: Audio Cassette
book/www.bookfinder4u.com/0001052004.html,"Star Wars - The Thrawn Trilogy Boxed Set: ""Heir to the Empire"", ""Dark Force Rising"" & ""Last Command""",Timothy Zahn,Publisher: HarperCollins - 1995-11-02,Format: Audio Cassette
book/www.bookfinder4u.com/0002200287.html,Collins Skywatching,David Levy,Publisher: Harpercollins - 1995-12-07,Format: Hardcover
book/www.bookfinder4u.com/0001050591.html,Treasure,Clive Cussler,Publisher: HarperCollins - 1995-12-11,Format: Audio Cassette
book/www.bookfinder4u.com/0001050834.html,Star Wars - The Courtship of Princess Leia,Dave Wolverton,Publisher: HarperCollins - 1995-12-11,Format: Audio Cassette
book/www.bookfinder4u.com/0001050427.html,Out of the Sun,Robert Goddard,Publisher: HarperCollins - 1996,Format: Audio Cassette
book/www.bookfinder4u.com/0001049461.html,Wilderness of Mirrors,Linda Davies,Publisher: HarperCollins - 1996-01-22,Format: Audio Cassette
book/www.bookfinder4u.com/0001050222.html,"All's Well That Ends Well: Performed by Claire Bloom, Robert Stephens & Cast",William Shakespeare,Publisher: HarperCollins - 1996-01-22,Format: Audio Cassette
book/www.bookfinder4u.com/0001049860.html,Get Shorty,Elmore Leonard,Publisher: HarperCollins - 1996-03-18,Format: Audio Cassette
book/www.bookfinder4u.com/0001050761.html,The Throwback,Tom Sharpe,Publisher: HarperCollins - 1996-03-18,Format: Audio Cassette
book/www.bookfinder4u.com/0001052098.html,The Rose Rent,Ellis Peters,Publisher: HarperCollins - 1996-03-18,Format: Audio Cassette
book/www.bookfinder4u.com/0002200643.html,Weather (Nature Company Guides),Richard Whitaker,Publisher: Harpercollins - 1996-05-09,Format: Hardcover
book/www.bookfinder4u.com/0001052128.html,Next of Kin,Joanna Trollope,Publisher: HarperCollins - 1996-05-20,Format: Audio Cassette
book/www.bookfinder4u.com/0001052187.html,The X-Files (4) - Ruins,Kevin J Anderson,Publisher: HarperCollins - 1996-06-10,Format: Audio Cassette
book/www.bookfinder4u.com/0001050885.html,Star Wars - Assault at Selonia (Correllian Trilogy),Roger MacBride Allen,Publisher: HarperCollins - 1996-06-17,Format: Audio Cassette
book/www.bookfinder4u.com/0002200708.html,Rocks and Fossils (Nature Company Guides),,Publisher: Harpercollins - 1996-08-08,Format: Hardcover
book/www.bookfinder4u.com/0001050907.html,Star Wars - Darksaber,Kevin J Anderson,Publisher: HarperCollins - 1996-08-19,Format: Audio Cassette
book/www.bookfinder4u.com/0001050915.html,Star Wars - We Don't Do Weddings: The Band's Tale,Kathy Tyers,Publisher: HarperCollins - 1996-08-19,Format: Audio Cassette
book/www.bookfinder4u.com/0001052209.html,A Dark Blue Perfume and Other Stories: Unabridged,Ruth Rendell,Publisher: HarperCollins - 1996-09-16,Format: Audio Cassette
book/www.bookfinder4u.com/0001050931.html,Star Wars X-Wing - Rogue Squadron,Michael A Stackpole,Publisher: HarperCollins - 1996-10-21,Format: Audio Cassette
book/www.bookfinder4u.com/0002201054.html,Whales and Dolphins (Nature Company Guides),Leighton R Taylor,Publisher: Harpercollins - 1997-03-17,Format: Hardcover
book/www.bookfinder4u.com/0002200937.html,Birdwatching (Nature Company Guides),Arnous van den Berg,Publisher: Harpercollins - 1997-04-07,Format: Hardcover
book/www.bookfinder4u.com/0004140265.html,Take 3 Cooks Pb,Nannette Newman,Publisher: Harpercollins - 1997-07-07,Format: Paperback
book/www.bookfinder4u.com/0004140419.html,Carlton Food Network - Winter Nosh Pb,Mick Nosh,Publisher: Harpercollins - 1997-12,Format: Paperback
book/www.bookfinder4u.com/0001052225.html,A Respectable Trade,Philippa Gregory,Publisher: HarperCollins - 1998-03-16,Format: Audio Cassette
book/www.bookfinder4u.com/0004140273.html,Rose Elliot's Vegetarian Meals in Minutes,Rose Elliot,Publisher: Harpercollins - 1998-04-06,Format: Hardcover
book/www.bookfinder4u.com/0004140370.html,Weekend Decorator (This Morning),Polly ed Powell,Publisher: Harpercollins - 1998-04-06,Format: Hardcover
book/www.bookfinder4u.com/0004140354.html,Collins Care & Repair of Period Houses Hb,Albert Jackson,Publisher: Harpercollins - 1998-05-05,Format: Hardcover
book/www.bookfinder4u.com/0004140400.html,Simply Antony Pb (Carlton Food Network),Antony Worrall Thompson,Publisher: Harpercollins - 1998-05-05,Format: Paperback
book/www.bookfinder4u.com/0002201283.html,Spacewatching,John O'Byrne,Publisher: Harpercollins - 1998-10-05,Format: Hardcover
book/www.bookfinder4u.com/0004140451.html,Collins Outdoor Diy Projects in a Weekend,Albert Jackson,Publisher: Harpercollins - 1998-10-05,Format: Hardcover
book/www.bookfinder4u.com/0004140478.html,Inside the House of Lords Hb,Clive Aslet,Publisher: Harpercollins - 1998-10-05,Format: Hardcover
book/www.bookfinder4u.com/0004140516.html,Susan Brookes' Real Home Cooking Pb,Susan Brookes,Publisher: Harpercollins - 1998-10-05,Format: Hardcover
book/www.bookfinder4u.com/0002200791.html,THE NEW NATURALIST: IRELAND.,David. Cabot,Publisher: HarperCollins - 1999,Format: Hardcover
book/www.bookfinder4u.com/0002200740.html,Collins New Naturalist - Plant Disease Hb,David S Ingram,Publisher: Harpercollins - 1999-10-04,Format: Hardcover
book/www.bookfinder4u.com/0002200880.html,Seashore: Adventures in the Natural World (Collins Watch Guides),HarperCollins,Publisher: HarperCollins (UK) - 1998-01,Format: Spiral-bound
book/www.bookfinder4u.com/0002200678.html,How to ID Trees of Britain & Europe (Collins),P. Harding,Publisher: HarperCollins (UK) - 1998-05,Format: Paperback
book/www.bookfinder4u.com/0002200147.html,Collins Wildlife Trust Guide: Night Sky (Collins Wildlife Trusts Guide),Storm Dunlop,Publisher: HarperCollins (UK) - 1998-06,Format: Paperback
book/www.bookfinder4u.com/0002201577.html,Giants,Nigel Marven,Publisher: HarperCollins (UK) - 1999-10,Format: Hardcover
book/www.bookfinder4u.com/0001049429.html,Nigel Mansell,Nigel Mansell,Publisher: Harpercollins Audio - 1995-10,Format: Hardcover
book/www.bookfinder4u.com/0001050737.html,Grantchester Grind,Tom Sharpe,Publisher: Harpercollins Audio - 1995-10-09,Format: Audio Cassette
book/www.bookfinder4u.com/0001049305.html,Love and War in the Apennines,Eric Newby,Publisher: Harpercollins Audio - 1995-10-23,Format: Audio Cassette
book/www.bookfinder4u.com/0001050524.html,Empire of the Sun,J G Ballard,Publisher: Harpercollins Audio - 1995-11,Format: Hardcover
book/www.bookfinder4u.com/0001050818.html,Star Wars: the Truce at Bakura,Kathy Tyers,Publisher: Harpercollins Audio - 1995-11,Format: Hardcover
book/www.bookfinder4u.com/0001050540.html,Fist of God,Frederick Forsyth,Publisher: Harpercollins Audio - 1995-11-27,Format: Audio Cassette
book/www.bookfinder4u.com/0001049895.html,X-Files: Ground Zero,Charles Grant,Publisher: Harpercollins Audio - 1995-12,Format: Hardcover
book/www.bookfinder4u.com/0001050044.html,Wicked Women,Fay Weldon,Publisher: Harpercollins Audio - 1995-12,Format: Audio Cassette
book/www.bookfinder4u.com/0001050826.html,Star Wars: the Crystal Star,Vonda N McIntyre,Publisher: Harpercollins Audio - 1995-12,Format: Hardcover
book/www.bookfinder4u.com/0001050060.html,Rebel (Starbuck Chronicles),Bernard Cornwell,Publisher: Harpercollins Audio - 1995-12-04,Format: Audio Cassette
book/www.bookfinder4u.com/0001050079.html,Copperhead (Starbuck Chronicles),Bernard Cornwell,Publisher: Harpercollins Audio - 1995-12-04,Format: Audio Cassette
book/www.bookfinder4u.com/0001050028.html,Midnight Is a Lonely Place,Barbara Erskine,Publisher: Harpercollins Audio - 1996-01,Format: Audio Cassette
book/www.bookfinder4u.com/0001050451.html,By Grand Central Station I Sat Down and Wept,Elizabeth Smart,Publisher: Harpercollins Audio - 1996-01,
book/www.bookfinder4u.com/0001050990.html,Bloody Ground (Starbuck Chronicles),Bernard Cornwell,Publisher: Harpercollins Audio - 1996-01,Format: Hardcover
book/www.bookfinder4u.com/0001050087.html,Battle Flag (Starbuck Chronicles),Bernard Cornwell,Publisher: Harpercollins Audio - 1996-01-22,Format: Hardcover
book/www.bookfinder4u.com/0001050745.html,Riotous Assembly,Tom Sharpe,Publisher: Harpercollins Audio - 1996-01-22,Format: Audio Cassette
book/www.bookfinder4u.com/0001050257.html,City of Djinns,William Dalrymple,Publisher: Harpercollins Audio - 1996-03,Format: Hardcover
book/www.bookfinder4u.com/0001052071.html,Snow Falling on Cedars Hca 401,David Guterson,Publisher: Harpercollins Audio - 1996-03-18,Format: Audio Cassette
book/www.bookfinder4u.com/0001049682.html,House of Echoes,Barbara Erskine,Publisher: Harpercollins Audio - 1996-04-22,Format: Audio Cassette
book/www.bookfinder4u.com/0001050095.html,Murder Being Once Done,Ruth Rendell,Publisher: Harpercollins Audio - 1996-04-22,Format: Audio Cassette
book/www.bookfinder4u.com/0001050419.html,Ted Hughes Reading His Poetry,Ted Hughes,Publisher: Harpercollins Audio - 1996-05-20,Format: Audio Cassette
book/www.bookfinder4u.com/0001050877.html,Star Wars,Roger MacBride Allen,Publisher: Harpercollins Audio - 1996-05-20,Format: Audio Cassette
book/www.bookfinder4u.com/0001050893.html,Star Wars Corellian Trilogy 3: Showdown at Centerpoint,Roger MacBride Allen,Publisher: Harpercollins Audio - 1996-07,Format: Hardcover
book/www.bookfinder4u.com/0001050508.html,King Henry IV: Pt. 2,William Shakespeare,Publisher: Harpercollins Audio - 1996-07-22,Format: Hardcover
book/www.bookfinder4u.com/0001050923.html,Star Wars: Nightlily - the Lover's Tale,Barbara Hambly,Publisher: Harpercollins Audio - 1996-09,Format: Hardcover
book/www.bookfinder4u.com/0001052195.html,Sporting Profiles,Michael Parkinson,Publisher: Harpercollins Audio - 1996-09-16,Format: Audio Cassette
book/www.bookfinder4u.com/0001050109.html,Shake Hands for Ever,Ruth Rendell,Publisher: HarperCollins AudioBooks - 1996,Format: Audio Cassette
book/www.bookfinder4u.com/0001050117.html,Vanity Dies Hard,Ruth Rendell,Publisher: HarperCollins AudioBooks - 1996,Format: Audio Cassette
book/www.bookfinder4u.com/0002201208.html,Nrsv Cross Reference Paperback (Bible Nrsv),,Publisher: Harpercollins Bibles - 1998-03-02,Format: Paperback
book/www.bookfinder4u.com/0004140508.html,Simply the Best: Fabulous recipes from your favourite chefs (Cookery),VARIOUS,Publisher: HARPERCOLLINS ILLUSTRATED - 1998,Format: Hardcover
book/www.bookfinder4u.com/0002201704.html,The Millennium Dome: The Official Book of the Dome,ELIZABETH WILHIDE,Publisher: HARPERCOLLINS ILLUSTRATED - 1999,Format: Hardcover
book/www.bookfinder4u.com/0004140540.html,The East India Company: Trade and Conquest from 1600,Antony Wild,Publisher: HarperCollins Illustrated - 1999-09-06,Format: Hardcover
book/www.bookfinder4u.com/0002200341.html,Common Birds of East Africa (Collins Safari Guides),David Hosking,Publisher: Harpercollins Pub Ltd - 1997-04,Format: Paperback
book/www.bookfinder4u.com/0002200368.html,Larger Animals of East Africa (Collins Safari Guides),David Hosking,Publisher: Harpercollins Pub Ltd - 1997-04,Format: Paperback
book/www.bookfinder4u.com/0002200597.html,Butterflies of Britain & Europe (Collins Wildlife Trusts Guide),M. Chinery,Publisher: Harpercollins Pub Ltd - 1998-06,Format: Paperback
book/www.bookfinder4u.com/0002201224.html,Bird Call Identification (Collins Field Guide),Geoff Sample,Publisher: Harpercollins Pub Ltd - 1998-06,Format: Hardcover
book/www.bookfinder4u.com/0002201259.html,"Bird Nests, Eggs and Nestlings of Britain & Europe: With North Africa and the Middle East (Collins Field Guide)",Colin Harrison,Publisher: Harpercollins Pub Ltd - 1998-06,Format: Hardcover
book/www.bookfinder4u.com/0002200899.html,"Whales, Dolphins & Seals (Collins Watch Guide)",Harper Collins Publishers,Publisher: Harpercollins Pub Ltd - 1999-01,Format: Paperback
book/www.bookfinder4u.com/0002201003.html,Birds in Winter (Collins Watch Guide),Liz ed Bourne,Publisher: Harpercollins Pub Ltd - 1999-01,Format: Paperback
book/www.bookfinder4u.com/0002201011.html,Trees of the Countryside (Collins Watch Guide),Liz ed Bourne,Publisher: Harpercollins Pub Ltd - 1999-01,Format: Paperback
book/www.bookfinder4u.com/0002200031.html,Birds of Britain and Ireland (Collins Wild Guide),Peter Holden,Publisher: Harpercollins Pub Ltd - 1999-02,Format: Paperback
book/www.bookfinder4u.com/0002200104.html,Butterflies & Moths of Britain and Europe (Collins Wild Guide),John Still,Publisher: Harpercollins Pub Ltd - 1999-02,Format: Paperback
book/www.bookfinder4u.com/0002200171.html,Alpine Flowers: Of Britain and Europe (Collins Pocket Guide),Christopher Grey-Wilson,Publisher: Harpercollins Pub Ltd - 1999-02,Format: Paperback
book/www.bookfinder4u.com/0002200252.html,Mushrooms & Toadstools of Britain and Europe (Collins Field Guide),Regis Courtecuisse,Publisher: Harpercollins Pub Ltd - 1999-02,Format: Hardcover
book/www.bookfinder4u.com/0002200724.html,Garden Wildlife of Britain & Europe (Collins Nature Guide),Michael Chinery,Publisher: Harpercollins Pub Ltd - 1999-02,Format: Paperback
book/www.bookfinder4u.com/0002200775.html,Birds of Southern South America and Antarctica (Collins Illustrated Checklist),Martin R. De LA Pena,Publisher: Harpercollins Pub Ltd - 1999-02,Format: Paperback
book/www.bookfinder4u.com/0002201062.html,Savage Earth,Alwyn Scarth,Publisher: Harpercollins Pub Ltd - 1999-02,Format: Hardcover
book/www.bookfinder4u.com/0002201100.html,Wildfowl of the World (Collins Illustrated Checklist),Peter Markham Scott,Publisher: Harpercollins Pub Ltd - 1999-06,Format: Paperback
book/www.bookfinder4u.com/0002201275.html,Collins Wild Guide Night Sky,Storm Dunlop,Publisher: Harpercollins Pub Ltd - 1999-06,Format: Paperback
book/www.bookfinder4u.com/0001050494.html,Heart of Darkness,Joseph Conrad,Publisher: Harpercollins Pub Ltd - 1999-09,Format: Audio Cassette
book/www.bookfinder4u.com/0002200120.html,Mushrooms of Britain & Europe (Collins Wild Guide),Regis Courtecuisse,Publisher: Harpercollins Pub Ltd - 1999-09,Format: Paperback
book/www.bookfinder4u.com/0002200139.html,Trees: Of Britain & Europe (Collins Wild Guide),Keith Rushforth,Publisher: Harpercollins Pub Ltd - 1999-09,Format: Paperback
book/www.bookfinder4u.com/0001049356.html,Uncle Tom's Cabin,Harriet Beecher Stowe,Publisher: Harpercollins Pub Ltd - 2000-01,Format: Audio Cassette
book/www.bookfinder4u.com/0002200813.html,Lichens: The New Naturalist,Oliver Gilbert,Publisher: Harpercollins Pub Ltd - 2000-03,Format: Hardcover
book/www.bookfinder4u.com/0002200821.html,Lichens (The New Naturalist : a Survey of the British Natural History),Oliver Gilbert,Publisher: Harpercollins Pub Ltd - 2000-03,Format: Paperback
book/www.bookfinder4u.com/0002201666.html,Dartmoor (Ramblers Guides),Sale,Publisher: Harpercollins Pub Ltd - 2000-05,Format: Paperback
book/www.bookfinder4u.com/0002200805.html,"The New Naturalist, Ireland",David Cabot,Publisher: Harpercollins Pub Ltd - 2000-05-18,Format: Paperback
book/www.bookfinder4u.com/0002201070.html,Collins How to Identify Wild Flowers,Christopher Grey-Wilson,Publisher: Harpercollins Pub Ltd - 2000-11,Format: Paperback
book/www.bookfinder4u.com/0002201216.html,Connemara,Paddy Dillon,Publisher: Harpercollins Pub Ltd - 2001-07,Format: Paperback
book/www.bookfinder4u.com/0002201380.html,Weather,David McWilliams Ludlum,Publisher: Harpercollins Pub Ltd - 2002-01,Format: Paperback
book/www.bookfinder4u.com/0004140532.html,Complete Book of Baby Care (National Childbirth Trust Guides),National Childbirth,Publisher: Harpercollins Publisher - 1999-10-04,Format: Hardcover
book/www.bookfinder4u.com/0002200694.html,Wings Guide to British Birds (Collins),Dominic Couzens,Publisher: HarperCollins Publishers - 1997-01,Format: Paperback
book/www.bookfinder4u.com/0002200910.html,Wildlife of the Town (Collins Watch Guides),HarperCollins,Publisher: HarperCollins Publishers - 1998-01,Format: Spiral-bound
book/www.bookfinder4u.com/0002200929.html,Flowers of the Wayside (Collins Watch Guides),HarperCollins,Publisher: HarperCollins Publishers - 1998-01,Format: Spiral-bound
book/www.bookfinder4u.com/0004140494.html,Collins Complete Book of Soft Furnishings,Hilary More,Publisher: HarperCollins Publishers - 1999-06,Format: Paperback
book/www.bookfinder4u.com/0002201771.html,Rocks and Minerals (Collins Wild Guide),Adrian P. Jones,Publisher: HarperCollins Publishers - 2000-10,Format: Paperback
book/www.bookfinder4u.com/0002200430.html,Way to Freedom,Dalai Lama XIV,Publisher: HarperCollins Publishers Canad - 1997,Format: Paperback
book/www.bookfinder4u.com/0001052160.html,Goodfellowe MP,Michael Dobbs~Tim Pigott-Smith,Publisher: HarperCollins Publishers Ltd - 1997,Format: Audio Cassette
book/www.bookfinder4u.com/0002201240.html,The Joy of Living and Dying in Peace (HarperCollins Library of Tibet),Dalai Lama XIV Bstan-'dzin-rgya-mtsho,Publisher: HarperCollins Publishers Ltd - 1998-03-16,Format: Paperback
book/www.bookfinder4u.com/0002199963.html,Wild Flowers of Britain & Europe (Collins Nature Guides),Wolfgang Lippert,Publisher: HarperCollins UK - 1994-05-01,Format: Paperback
book/www.bookfinder4u.com/0002200295.html,Butterflies & Moths of Britain and Europe (Collins Nature Guides),H Hofmann,Publisher: HarperCollins UK - 1995-06-01,Format: Paperback
book/www.bookfinder4u.com/0001049690.html,Victory (HarperCollinsAudioBooks),Joseph Conrad,Publisher: HarperCollins UK - 1995-09-01,Format: Audio Cassette
book/www.bookfinder4u.com/0002200562.html,Garden Birds of Britain & Europe (Collins Nature Guides),Detlef Singer,Publisher: HarperCollins UK - 1996-03-01,Format: Paperback
book/www.bookfinder4u.com/0002200376.html,Bird Songs & Calls of Britain and Northern Europe (Collins Field Guide),Geoff Sample,Publisher: HarperCollins UK - 1996-04-01,Format: Hardcover
book/www.bookfinder4u.com/0002200627.html,Wild Flowers of Britain & Northern Europe (Collins Pocket Guide),Richard Fitter,Publisher: HarperCollins UK - 1996-04-01,Format: Paperback
book/www.bookfinder4u.com/0001052012.html,The Woodlanders (HarperCollinsAudioBooks),Thomas Hardy,Publisher: HarperCollins UK - 1996-05-01,Format: Audio Cassette
book/www.bookfinder4u.com/0001052136.html,Swann's Way (HarperCollinsAudioBooks),Marcel Proust,Publisher: HarperCollins UK - 1996-07-01,Format: Audio Cassette
book/www.bookfinder4u.com/0002200074.html,Mushrooms & Toadstools (Collins Wild Guide),Brian Spooner,Publisher: HarperCollins UK - 1996-09-01,Format: Paperback
book/www.bookfinder4u.com/0002200090.html,Trees (Collins Wild Guide),J.R. Press,Publisher: HarperCollins UK - 1996-09-01,Format: Paperback
book/www.bookfinder4u.com/0002200716.html,Complete British Wildlife (Collins Complete Photo Guides),Paul Sterry,Publisher: HarperCollins UK - 1997-04-01,Format: Paperback
book/www.bookfinder4u.com/0004140338.html,Rose Eliot's Vegetarian Barbecues and Grills: Over 150 Quick and Easy Vegetarian Recipes,Rose Elliot,Publisher: HarperCollins UK - 1999-04-01,Format: Hardcover
book/www.bookfinder4u.com/0002201712.html,A Moment in Time: The Millennium Celebrated Around the Globe,HarperCollins UK,Publisher: HarperCollins UK - 2000-01-01,Format: Hardcover
book/www.bookfinder4u.com/0002201720.html,GMT 2000: A Portrait of Britain in a Week (Millennium),Magnum Photo Agency,Publisher: HarperCollins UK - 2000-01-01,Format: Paperback
book/www.bookfinder4u.com/0002201682.html,Gardening for Birds: How to Help Birds Make the Most of Your Garden,Stephen Moss,Publisher: HarperCollins UK - 2000-04-01,Format: Hardcover
book/www.bookfinder4u.com/0002201151.html,Collins Ramblers' Guide - Ben Nevis & Glen Coe (Collins Ramblers' Guides),Chris Townsend,Publisher: HarperCollins UK - 2000-05-01,Format: Paperback
book/www.bookfinder4u.com/0002201135.html,North Wales (Rambler's Guide),Richard Sale,Publisher: HarperCollins UK - 2000-07-01,Format: Paperback
book/www.bookfinder4u.com/0002201194.html,NRSV Holy Bible: Cross Reference Edition with the Apocrypha/Dueterocanonical Books (Bible Nrsv),HarperCollins UK,Publisher: HarperCollins UK - 2001-11-01,Format: Hardcover
book/www.bookfinder4u.com/0002201690.html,The Millennium Experience,Jim Parton,Publisher: HarperCollinsIllustrated - 2000,Format: Paperback
book/www.bookfinder4u.com/0002200457.html,"Awakening the Mind, Enlightening the Heart",His Holiness the Dalai Lama,Publisher: Thorsons - 1997,Format: Paperback
book/www.bookfinder4u.com/0002200651.html,Self-Esteem Simple Steps to Develop Self-Worth and Heal Emotional Wounds (Audio),Gael Lindenfield,Publisher: Thorsons - 2001-04-01,Format: Audio Cassette
book/www.bookfinder4u.com/0001050184.html,"Not a Penny More, Not a Penny Less",Jeffrey Archer,Publisher: Trafalgar Square Computer & Audio - 2000-01,Format: Audio Cassette
book/www.bookfinder4u.com/0001050192.html,Shall We Tell the President?: 6 Days and 13 Hours to Go Before,Jeffrey Archer,Publisher: Trafalgar Square Computer & Audio - 2000-01,Format: Audio Cassette
book/www.bookfinder4u.com/0001050206.html,A Twist in the Tale: A Perfect Murder and Other Stories (v. 1),Jeffrey Archer,Publisher: Trafalgar Square Computer & Audio - 2000-01,Format: Audio Cassette
book/www.bookfinder4u.com/0001050214.html,A Twist in the Tale: The Loophole and Other Stories,Jeffrey Archer,Publisher: Trafalgar Square Computer & Audio - 2000-01,Format: Audio Cassette
book/www.bookfinder4u.com/0004140524.html,Complete Book of Soft Furnishings,Jane Churchill,Publisher: Trafalgar Square Publishing - 1999-02,Format: Paperback
book/www.bookfinder4u.com/0001052020.html,Lord Jim,Joseph Conrad,Publisher: Trafalgar Square Publishing - 1999-09,Format: Audio Cassette
book/www.bookfinder4u.com/0002201178.html,Birds of South Africa: Collins Illustrated Checklist,Ber Van Perlo,Publisher: Trafalgar Square Publishing - 2000-02,Format: Paperback
book/www.bookfinder4u.com/0002201232.html,How to Identify Butterflies (Britain and Europe),Richard Lewington,Publisher: Trafalgar Square Publishing - 2000-02,Format: Paperback
